[00:00:00] [Worker-Main-3/INFO]: Preparing spawn area: 0%
[00:00:00] [Worker-Main-3/INFO]: Preparing spawn area: 0%
[00:00:01] [Worker-Main-2/INFO]: Preparing spawn area: 1%
[00:00:01] [Worker-Main-3/INFO]: Preparing spawn area: 1%
[00:00:03] [Worker-Main-4/INFO]: Preparing spawn area: 1%
[00:00:03] [Worker-Main-4/INFO]: Preparing spawn area: 1%
[00:00:04] [Worker-Main-2/INFO]: Preparing spawn area: 1%
[00:00:04] [Worker-Main-2/INFO]: Preparing spawn area: 1%
[00:00:06] [Worker-Main-3/INFO]: Preparing spawn area: 1%
[00:00:06] [Worker-Main-3/INFO]: Preparing spawn area: 1%
[00:00:06] [Worker-Main-4/INFO]: Preparing spawn area: 1%
[00:00:06] [Worker-Main-2/INFO]: Preparing spawn area: 1%
[00:00:07] [Worker-Main-2/INFO]: Preparing spawn area: 1%
[00:00:07] [Worker-Main-2/INFO]: Preparing spawn area: 1%
[00:00:07] [Worker-Main-2/INFO]: Preparing spawn area: 1%
[00:00:07] [Worker-Main-3/INFO]: Preparing spawn area: 1%
[00:00:08] [Worker-Main-2/INFO]: Preparing spawn area: 2%
[00:00:08] [Worker-Main-4/INFO]: Preparing spawn area: 2%
[00:00:09] [Worker-Main-3/WARN]: Method overwrite conflict for computeValue in spellbladenext.mixins.json:AttributeMixin from mod spellbladenext, previously written by com.extraspellattributes.mixin.AttributeMixin. Skipping method.
[00:00:09] [Worker-Main-3/WARN]: Method overwrite conflict for computeAdded in spellbladenext.mixins.json:AttributeMixin from mod spellbladenext, previously written by com.extraspellattributes.mixin.AttributeMixin. Skipping method.
[00:00:09] [Worker-Main-4/INFO]: Preparing spawn area: 2%
[00:00:09] [Worker-Main-2/INFO]: Preparing spawn area: 3%
[00:00:10] [Worker-Main-4/INFO]: Preparing spawn area: 3%
[00:00:10] [Worker-Main-2/INFO]: Preparing spawn area: 3%
[00:00:11] [Worker-Main-3/INFO]: Preparing spawn area: 4%
[00:00:11] [Worker-Main-4/INFO]: Preparing spawn area: 4%
[00:00:12] [Worker-Main-3/INFO]: Preparing spawn area: 4%
[00:00:12] [Worker-Main-3/INFO]: Preparing spawn area: 5%
[00:00:13] [Worker-Main-4/INFO]: Preparing spawn area: 5%
[00:00:13] [Worker-Main-4/INFO]: Preparing spawn area: 6%
[00:00:14] [Worker-Main-2/INFO]: Preparing spawn area: 7%
[00:00:15] [Worker-Main-2/INFO]: Preparing spawn area: 7%
[00:00:15] [Worker-Main-4/INFO]: Preparing spawn area: 8%
[00:00:15] [Worker-Main-2/WARN]: Tried to access a block entity before it was created. class_2338{x=36, y=226, z=65}
[00:00:15] [Worker-Main-2/WARN]: Tried to access a block entity before it was created. class_2338{x=36, y=226, z=65}
[00:00:15] [Worker-Main-4/INFO]: Preparing spawn area: 9%
[00:00:16] [Worker-Main-3/INFO]: Preparing spawn area: 9%
[00:00:16] [Worker-Main-2/INFO]: Preparing spawn area: 9%
[00:00:17] [Worker-Main-3/INFO]: Preparing spawn area: 10%
[00:00:17] [Worker-Main-2/INFO]: Preparing spawn area: 10%
[00:00:18] [Worker-Main-2/INFO]: Preparing spawn area: 10%
[00:00:18] [Worker-Main-2/INFO]: Preparing spawn area: 11%
[00:00:19] [Worker-Main-2/INFO]: Preparing spawn area: 12%
[00:00:19] [Worker-Main-4/INFO]: Preparing spawn area: 13%
[00:00:20] [Worker-Main-3/WARN]: Tried to access a block entity before it was created. class_2338{x=56, y=226, z=40}
[00:00:20] [Worker-Main-3/WARN]: Tried to access a block entity before it was created. class_2338{x=56, y=226, z=40}
[00:00:20] [Worker-Main-4/INFO]: Preparing spawn area: 14%
[00:00:20] [Worker-Main-3/INFO]: Preparing spawn area: 15%
[00:00:21] [Worker-Main-4/INFO]: Preparing spawn area: 15%
[00:00:21] [Worker-Main-3/INFO]: Preparing spawn area: 15%
[00:00:22] [Worker-Main-4/INFO]: Preparing spawn area: 15%
[00:00:22] [Worker-Main-4/INFO]: Preparing spawn area: 15%
[00:00:23] [Worker-Main-4/INFO]: Preparing spawn area: 17%
[00:00:23] [Worker-Main-3/INFO]: Preparing spawn area: 17%
[00:00:24] [Worker-Main-2/INFO]: Preparing spawn area: 18%
[00:00:24] [Worker-Main-3/WARN]: Tried to access a block entity before it was created. class_2338{x=-33, y=22, z=133}
[00:00:24] [Worker-Main-3/WARN]: Tried to access a block entity before it was created. class_2338{x=-33, y=22, z=133}
[00:00:24] [Worker-Main-4/INFO]: Preparing spawn area: 19%
[00:00:25] [Worker-Main-3/INFO]: Preparing spawn area: 20%
[00:00:25] [Worker-Main-2/WARN]: Tried to access a block entity before it was created. class_2338{x=71, y=237, z=20}
[00:00:25] [Worker-Main-2/WARN]: Tried to access a block entity before it was created. class_2338{x=71, y=237, z=20}
[00:00:25] [Worker-Main-2/INFO]: Preparing spawn area: 21%
[00:00:26] [Worker-Main-3/INFO]: Preparing spawn area: 21%
[00:00:26] [Worker-Main-3/INFO]: Preparing spawn area: 22%
[00:00:27] [Worker-Main-4/INFO]: Preparing spawn area: 22%
[00:00:27] [Worker-Main-3/INFO]: Preparing spawn area: 22%
[00:00:28] [Worker-Main-3/INFO]: Preparing spawn area: 22%
[00:00:28] [Worker-Main-4/INFO]: Preparing spawn area: 22%
[00:00:29] [Worker-Main-2/INFO]: Preparing spawn area: 24%
[00:00:29] [Worker-Main-2/INFO]: Preparing spawn area: 25%
[00:00:30] [Worker-Main-3/INFO]: Preparing spawn area: 26%
[00:00:30] [Worker-Main-3/INFO]: Preparing spawn area: 27%
[00:00:31] [Worker-Main-4/INFO]: Preparing spawn area: 29%
[00:00:31] [Worker-Main-2/INFO]: Preparing spawn area: 29%
[00:00:32] [Worker-Main-4/INFO]: Preparing spawn area: 30%
[00:00:32] [Worker-Main-3/WARN]: Tried to access a block entity before it was created. class_2338{x=50, y=21, z=148}
[00:00:32] [Worker-Main-3/WARN]: Tried to access a block entity before it was created. class_2338{x=50, y=21, z=148}
[00:00:32] [Worker-Main-4/INFO]: Preparing spawn area: 31%
[00:00:33] [Worker-Main-4/INFO]: Preparing spawn area: 31%
[00:00:33] [Worker-Main-4/INFO]: Preparing spawn area: 31%
[00:00:34] [Worker-Main-3/INFO]: Preparing spawn area: 31%
[00:00:34] [Worker-Main-2/INFO]: Preparing spawn area: 31%
[00:00:35] [Worker-Main-4/INFO]: Preparing spawn area: 32%
[00:00:35] [Worker-Main-2/INFO]: Preparing spawn area: 34%
[00:00:36] [Worker-Main-4/INFO]: Preparing spawn area: 35%
[00:00:36] [Worker-Main-2/INFO]: Preparing spawn area: 36%
[00:00:37] [Worker-Main-4/INFO]: Preparing spawn area: 37%
[00:00:37] [Worker-Main-4/INFO]: Preparing spawn area: 38%
[00:00:38] [Worker-Main-3/INFO]: Preparing spawn area: 40%
[00:00:38] [Worker-Main-3/INFO]: Preparing spawn area: 40%
[00:00:39] [Worker-Main-3/INFO]: Preparing spawn area: 41%
[00:00:39] [Worker-Main-3/INFO]: Preparing spawn area: 42%
[00:00:40] [Worker-Main-3/INFO]: Preparing spawn area: 42%
[00:00:40] [Worker-Main-3/INFO]: Preparing spawn area: 42%
[00:00:41] [Worker-Main-4/INFO]: Preparing spawn area: 42%
[00:00:41] [Worker-Main-3/INFO]: Preparing spawn area: 44%
[00:00:42] [Worker-Main-4/INFO]: Preparing spawn area: 44%
[00:00:42] [Worker-Main-4/INFO]: Preparing spawn area: 46%
[00:00:43] [Worker-Main-3/INFO]: Preparing spawn area: 47%
[00:00:43] [Worker-Main-3/INFO]: Preparing spawn area: 49%
[00:00:44] [Worker-Main-2/WARN]: Tried to access a block entity before it was created. class_2338{x=6, y=-29, z=187}
[00:00:44] [Worker-Main-2/WARN]: Tried to access a block entity before it was created. class_2338{x=6, y=-29, z=187}
[00:00:44] [Worker-Main-3/INFO]: Preparing spawn area: 50%
[00:00:44] [Worker-Main-4/INFO]: Preparing spawn area: 51%
[00:00:45] [Worker-Main-4/INFO]: Preparing spawn area: 53%
[00:00:45] [Worker-Main-3/INFO]: Preparing spawn area: 54%
[00:00:46] [Worker-Main-2/INFO]: Preparing spawn area: 54%
[00:00:46] [Worker-Main-4/INFO]: Preparing spawn area: 54%
[00:00:47] [Worker-Main-3/INFO]: Preparing spawn area: 54%
[00:00:47] [Worker-Main-2/INFO]: Preparing spawn area: 55%
[00:00:48] [Worker-Main-2/INFO]: Preparing spawn area: 56%
[00:00:48] [Worker-Main-4/WARN]: Tried to access a block entity before it was created. class_2338{x=60, y=-42, z=207}
[00:00:48] [Worker-Main-4/WARN]: Tried to access a block entity before it was created. class_2338{x=59, y=-42, z=207}
[00:00:48] [Worker-Main-4/WARN]: Tried to access a block entity before it was created. class_2338{x=60, y=-42, z=207}
[00:00:48] [Worker-Main-4/WARN]: Tried to access a block entity before it was created. class_2338{x=59, y=-42, z=207}
[00:00:48] [Worker-Main-3/INFO]: Preparing spawn area: 57%
[00:00:48] [Worker-Main-2/WARN]: Tried to access a block entity before it was created. class_2338{x=69, y=-28, z=202}
[00:00:48] [Worker-Main-2/WARN]: Tried to access a block entity before it was created. class_2338{x=69, y=-28, z=202}
[00:00:49] [Worker-Main-2/INFO]: Preparing spawn area: 58%
[00:00:49] [Worker-Main-3/INFO]: Preparing spawn area: 58%
[00:00:50] [Worker-Main-4/INFO]: Preparing spawn area: 59%
[00:00:50] [Worker-Main-3/INFO]: Preparing spawn area: 61%
[00:00:51] [Worker-Main-3/INFO]: Preparing spawn area: 62%
[00:00:51] [Worker-Main-3/INFO]: Preparing spawn area: 64%
[00:00:52] [Worker-Main-4/INFO]: Preparing spawn area: 65%
[00:00:52] [Worker-Main-4/INFO]: Preparing spawn area: 66%
[00:00:53] [Worker-Main-4/INFO]: Preparing spawn area: 67%
[00:00:53] [Worker-Main-2/INFO]: Preparing spawn area: 68%
[00:00:54] [Worker-Main-4/INFO]: Preparing spawn area: 68%
[00:00:54] [Worker-Main-4/WARN]: Tried to access a block entity before it was created. class_2338{x=61, y=-42, z=208}
[00:00:54] [Worker-Main-4/WARN]: Tried to access a block entity before it was created. class_2338{x=61, y=-42, z=208}
[00:00:54] [Worker-Main-2/INFO]: Preparing spawn area: 68%
[00:00:55] [Worker-Main-2/INFO]: Preparing spawn area: 70%
[00:00:55] [Worker-Main-4/INFO]: Preparing spawn area: 71%
[00:00:56] [Worker-Main-2/INFO]: Preparing spawn area: 72%
[00:00:56] [Worker-Main-4/INFO]: Preparing spawn area: 72%
[00:00:57] [Worker-Main-3/INFO]: Preparing spawn area: 73%
[00:00:57] [Worker-Main-2/INFO]: Preparing spawn area: 75%
[00:00:58] [Worker-Main-4/INFO]: Preparing spawn area: 76%
[00:00:58] [Worker-Main-4/INFO]: Preparing spawn area: 77%
[00:00:59] [Worker-Main-2/INFO]: Preparing spawn area: 79%
[00:00:59] [Worker-Main-3/INFO]: Preparing spawn area: 80%
[00:01:00] [Worker-Main-2/INFO]: Preparing spawn area: 82%
[00:01:00] [Worker-Main-3/INFO]: Preparing spawn area: 83%
[00:01:01] [Worker-Main-3/INFO]: Preparing spawn area: 83%
[00:01:02] [Worker-Main-4/INFO]: Preparing spawn area: 83%
[00:01:02] [Worker-Main-4/INFO]: Preparing spawn area: 83%
[00:01:02] [Worker-Main-4/INFO]: Preparing spawn area: 83%
[00:01:03] [Worker-Main-4/INFO]: Preparing spawn area: 84%
[00:01:03] [Worker-Main-3/INFO]: Preparing spawn area: 85%
[00:01:04] [Worker-Main-2/INFO]: Preparing spawn area: 86%
[00:01:04] [Worker-Main-2/INFO]: Preparing spawn area: 87%
[00:01:05] [Worker-Main-3/INFO]: Preparing spawn area: 88%
[00:01:05] [Worker-Main-4/INFO]: Preparing spawn area: 89%
[00:01:06] [Worker-Main-2/INFO]: Preparing spawn area: 89%
[00:01:06] [Worker-Main-2/INFO]: Preparing spawn area: 90%
[00:01:07] [Worker-Main-2/INFO]: Preparing spawn area: 91%
[00:01:07] [Worker-Main-4/INFO]: Preparing spawn area: 93%
[00:01:08] [Worker-Main-2/INFO]: Preparing spawn area: 94%
[00:01:08] [Worker-Main-3/INFO]: Preparing spawn area: 95%
[00:01:09] [Worker-Main-3/INFO]: Preparing spawn area: 96%
[00:01:09] [Worker-Main-2/INFO]: Preparing spawn area: 97%
[00:01:10] [Worker-Main-4/INFO]: Preparing spawn area: 99%
[00:01:10] [Server thread/INFO]: Time elapsed: 73337 ms
[00:01:10] [Server thread/INFO]: Done (113.732s)! For help, type "help"
[00:01:10] [Server thread/WARN]: Dedicated server took 173.13 seconds to load
[00:01:10] [Server thread/ERROR]: Couldn't load server icon
java.lang.NullPointerException: Cannot invoke "java.awt.image.BufferedImage.getWidth()" because "$$1" is null
	at net.minecraft.server.MinecraftServer.method_49387(MinecraftServer.java:792) ~[server-intermediary.jar:?]
	at java.util.Optional.flatMap(Optional.java:289) ~[?:?]
	at net.minecraft.server.MinecraftServer.method_49384(MinecraftServer.java:789) ~[server-intermediary.jar:?]
	at net.minecraft.server.MinecraftServer.method_29741(MinecraftServer.java:649) ~[server-intermediary.jar:?]
	at net.minecraft.server.MinecraftServer.method_29739(MinecraftServer.java:265) ~[server-intermediary.jar:?]
	at java.lang.Thread.run(Thread.java:840) ~[?:?]
[00:01:10] [Server thread/INFO]: Loading quests from /workspaces/literate-octo-meme/servidor_minecraft/config/ftbquests/quests
[00:01:11] [Server thread/INFO]: Loaded 7 chapter groups, 38 chapters, 567 quests, 7 reward tables
[00:01:11] [Server thread/INFO]: Loaded 3 ranks
[00:01:11] [Server thread/INFO]: Registered thread Server thread
[00:01:11] [Server thread/INFO]: Encoded Weapon Attribute registry size (with package overhead): 900885 bytes (in 91 string chunks with the size of 10000)
[00:01:11] [Server thread/INFO]: Loaded config for: farsight.json
[00:01:11] [Server thread/INFO]: Loaded config for: lootintegrations.json
[00:01:11] [Server thread/INFO]: Loaded config for: respawningstructures.json
[00:01:11] [Server thread/INFO]: [STDOUT]: PREPARING FOR RELOAD
[00:01:11] [Server thread/INFO]: Start loading plugin from Global XP
[00:01:11] [Server thread/INFO]: Start loading plugin from Jade
[00:01:11] [Server thread/INFO]: Start loading plugin from Jade
[00:01:11] [Server thread/INFO]: Start loading plugin from Jade
[00:01:11] [Server thread/INFO]: Start loading plugin from Nameplate
[00:01:11] [Server thread/INFO]: Start loading plugin from Polymer (Core)
[00:01:11] [Server thread/INFO]: Start loading plugin from TravelersCompass
[00:01:11] [Server thread/INFO]: Start loading plugin from HT's TreeChop
[00:01:11] [Server thread/INFO]: [STDOUT]: null
[00:01:11] [Server thread/INFO]: [STDOUT]: net.spell_engine.api.spell.Spell@16b143fe
[00:01:11] [Server thread/INFO]: [STDOUT]: net.spell_engine.api.spell.Spell@78fc7b5c
[00:01:11] [Server thread/INFO]: [STDOUT]: net.spell_engine.api.spell.Spell@557e07ab
[00:01:11] [Server thread/INFO]: [STDOUT]: net.spell_engine.api.spell.Spell@7a3f50cf
[00:01:11] [Server thread/INFO]: [STDOUT]: net.spell_engine.api.spell.Spell@668d52c5
[00:01:11] [Server thread/INFO]: [STDOUT]: net.spell_engine.api.spell.Spell@7d30f3d3
[00:01:11] [Server thread/INFO]: [STDOUT]: net.spell_engine.api.spell.Spell@58d6e081
[00:01:11] [Server thread/INFO]: [STDOUT]: net.spell_engine.api.spell.Spell@586f6a7c
[00:01:11] [Server thread/INFO]: [STDOUT]: net.spell_engine.api.spell.Spell@54f810ce
[00:01:11] [Server thread/INFO]: [STDOUT]: net.spell_engine.api.spell.Spell@2eacdfe9
[00:01:11] [Server thread/INFO]: [STDOUT]: net.spell_engine.api.spell.Spell@4111f055
[00:01:11] [Server thread/INFO]: [STDOUT]: net.spell_engine.api.spell.Spell@628e5e81
[00:01:11] [Server thread/INFO]: [STDOUT]: net.spell_engine.api.spell.Spell@76644c7e
[00:01:11] [Server thread/INFO]: [STDOUT]: net.spell_engine.api.spell.Spell@3eff96cc
[00:01:11] [Server thread/INFO]: [STDOUT]: net.spell_engine.api.spell.Spell@70225a1e
[00:01:11] [Server thread/INFO]: [STDOUT]: net.spell_engine.api.spell.Spell@604878cd
[00:01:11] [Server thread/INFO]: [STDOUT]: net.spell_engine.api.spell.Spell@349bcf06
[00:01:11] [Server thread/INFO]: [STDOUT]: net.spell_engine.api.spell.Spell@761066af
[00:01:11] [Server thread/INFO]: [STDOUT]: net.spell_engine.api.spell.Spell@148030d9
[00:01:11] [Server thread/INFO]: [STDOUT]: net.spell_engine.api.spell.Spell@372dac94
[00:01:11] [Server thread/INFO]: [STDOUT]: net.spell_engine.api.spell.Spell@5da4b688
[00:01:11] [Server thread/INFO]: [STDOUT]: net.spell_engine.api.spell.Spell@2874868d
[00:01:11] [Server thread/INFO]: [STDOUT]: net.spell_engine.api.spell.Spell@3d676da2
[00:01:11] [Server thread/INFO]: [STDOUT]: net.spell_engine.api.spell.Spell@67743f96
[00:01:11] [Server thread/INFO]: [STDOUT]: net.spell_engine.api.spell.Spell@1f1cc506
[00:01:11] [Server thread/INFO]: [STDOUT]: net.spell_engine.api.spell.Spell@13507886
[00:01:11] [Server thread/INFO]: [STDOUT]: net.spell_engine.api.spell.Spell@15dc1d33
[00:01:11] [Server thread/INFO]: [STDOUT]: net.spell_engine.api.spell.Spell@53121891
[00:01:11] [Server thread/INFO]: [STDOUT]: net.spell_engine.api.spell.Spell@2a5fd300
[00:01:11] [Server thread/INFO]: [STDOUT]: net.spell_engine.api.spell.Spell@3adb0a85
[00:01:11] [Server thread/INFO]: [STDOUT]: net.spell_engine.api.spell.Spell@4f1bbd68
[00:01:11] [Server thread/INFO]: [STDOUT]: net.spell_engine.api.spell.Spell@c0ee28a
[00:01:11] [Server thread/INFO]: [STDOUT]: Encoded SpellRegistry size (with package overhead): 744266 bytes (in 75 string chunks with the size of 10000)
[00:01:11] [Server thread/INFO]: Loaded 0 items attribute modifier(s)
[00:01:11] [Server thread/INFO]: [betternether] Freeze Registry[ResourceKey[minecraft:root / worlds_together:worldgen/betterx/surface_rules] (Stable)]
[00:01:11] [Server thread/INFO]: [betternether] Freeze Registry[ResourceKey[minecraft:root / worlds_together:worldgen/betterx/surface_rules] (Stable)]
[00:01:11] [Server thread/INFO]: [betternether] Freeze Registry[ResourceKey[minecraft:root / worlds_together:worldgen/betterx/surface_rules] (Stable)]
[00:01:11] [Server thread/INFO]: [betternether] Freeze Registry[ResourceKey[minecraft:root / worlds_together:worldgen/betterx/surface_rules] (Stable)]
[00:01:11] [Server thread/INFO]: [betternether] Freeze Registry[ResourceKey[minecraft:root / worlds_together:worldgen/betterx/surface_rules] (Stable)]
[00:01:11] [Server thread/INFO]: [betternether] Freeze Registry[ResourceKey[minecraft:root / worlds_together:worldgen/betterx/surface_rules] (Stable)]
[00:01:11] [Server thread/INFO]: [betternether] Freeze Registry[ResourceKey[minecraft:root / worlds_together:worldgen/betterx/surface_rules] (Stable)]
[00:01:11] [Server thread/INFO]: [betternether] Freeze Registry[ResourceKey[minecraft:root / worlds_together:worldgen/betterx/surface_rules] (Stable)]
[00:01:11] [Server thread/INFO]: [betternether] Freeze Registry[ResourceKey[minecraft:root / worlds_together:worldgen/betterx/surface_rules] (Stable)]
[00:01:11] [Server thread/INFO]: [betternether] Freeze Registry[ResourceKey[minecraft:root / worlds_together:worldgen/betterx/surface_rules] (Stable)]
[00:01:11] [Server thread/INFO]: [betternether] Freeze Registry[ResourceKey[minecraft:root / worlds_together:worldgen/betterx/surface_rules] (Stable)]
[00:01:11] [Server thread/INFO]: [betternether] Freeze Registry[ResourceKey[minecraft:root / worlds_together:worldgen/betterx/surface_rules] (Stable)]
[00:01:11] [Server thread/INFO]: [betternether] Freeze Registry[ResourceKey[minecraft:root / worlds_together:worldgen/betterx/surface_rules] (Stable)]
[00:01:11] [Server thread/INFO]: [betternether] Freeze Registry[ResourceKey[minecraft:root / worlds_together:worldgen/betterx/surface_rules] (Stable)]
[00:01:11] [Server thread/INFO]: [betternether] Freeze Registry[ResourceKey[minecraft:root / worlds_together:worldgen/betterx/surface_rules] (Stable)]
[00:01:11] [Server thread/INFO]: [betternether] Freeze Registry[ResourceKey[minecraft:root / worlds_together:worldgen/betterx/surface_rules] (Stable)]
[00:01:11] [Server thread/INFO]: [betternether] Freeze Registry[ResourceKey[minecraft:root / worlds_together:worldgen/betterx/surface_rules] (Stable)]
[00:01:11] [Server thread/INFO]: [betternether] Freeze Registry[ResourceKey[minecraft:root / worlds_together:worldgen/betterx/surface_rules] (Stable)]
[00:01:11] [Server thread/INFO]: [betternether] Freeze Registry[ResourceKey[minecraft:root / worlds_together:worldgen/betterx/surface_rules] (Stable)]
[00:01:11] [Server thread/INFO]: [betternether] Freeze Registry[ResourceKey[minecraft:root / worlds_together:worldgen/betterx/surface_rules] (Stable)]
[00:01:11] [Server thread/INFO]: [betternether] Freeze Registry[ResourceKey[minecraft:root / worlds_together:worldgen/betterx/surface_rules] (Stable)]
[00:01:11] [Server thread/INFO]: [betternether] Freeze Registry[ResourceKey[minecraft:root / worlds_together:worldgen/betterx/surface_rules] (Stable)]
[00:01:11] [Server thread/INFO]: [betternether] Freeze Registry[ResourceKey[minecraft:root / worlds_together:worldgen/betterx/surface_rules] (Stable)]
[00:01:11] [Server thread/INFO]: [betternether] Freeze Registry[ResourceKey[minecraft:root / worlds_together:worldgen/betterx/surface_rules] (Stable)]
[00:01:11] [Server thread/INFO]: [betternether] Freeze Registry[ResourceKey[minecraft:root / worlds_together:worldgen/betterx/surface_rules] (Stable)]
[00:01:11] [Server thread/INFO]: [betternether] Freeze Registry[ResourceKey[minecraft:root / worlds_together:worldgen/betterx/surface_rules] (Stable)]
[00:01:11] [Server thread/INFO]: [betternether] Freeze Registry[ResourceKey[minecraft:root / worlds_together:worldgen/betterx/surface_rules] (Stable)]
[00:01:11] [Server thread/INFO]: [betternether] Freeze Registry[ResourceKey[minecraft:root / worlds_together:worldgen/betterx/surface_rules] (Stable)]
[00:01:11] [Server thread/INFO]: [betternether] Freeze Registry[ResourceKey[minecraft:root / worlds_together:worldgen/betterx/surface_rules] (Stable)]
[00:01:11] [Server thread/INFO]: [betternether] Freeze Registry[ResourceKey[minecraft:root / worlds_together:worldgen/betterx/surface_rules] (Stable)]
[00:01:11] [Server thread/INFO]: [betternether] Freeze Registry[ResourceKey[minecraft:root / worlds_together:worldgen/betterx/surface_rules] (Stable)]
[00:01:11] [Server thread/INFO]: [betternether] Freeze Registry[ResourceKey[minecraft:root / worlds_together:worldgen/betterx/surface_rules] (Stable)]
[00:01:11] [Server thread/INFO]: [betternether] Freeze Registry[ResourceKey[minecraft:root / worlds_together:worldgen/betterx/surface_rules] (Stable)]
[00:01:11] [Server thread/INFO]: [betternether] Freeze Registry[ResourceKey[minecraft:root / worlds_together:worldgen/betterx/surface_rules] (Stable)]
[00:01:11] [Server thread/INFO]: [betternether] Freeze Registry[ResourceKey[minecraft:root / worlds_together:worldgen/betterx/surface_rules] (Stable)]
[00:01:11] [Server thread/INFO]: [betternether] Freeze Registry[ResourceKey[minecraft:root / worlds_together:worldgen/betterx/surface_rules] (Stable)]
[00:01:11] [Server thread/INFO]: [betternether] Freeze Registry[ResourceKey[minecraft:root / worlds_together:worldgen/betterx/surface_rules] (Stable)]
[00:01:11] [Server thread/INFO]: [betternether] Freeze Registry[ResourceKey[minecraft:root / worlds_together:worldgen/betterx/surface_rules] (Stable)]
[00:01:11] [Server thread/INFO]: [betternether] Freeze Registry[ResourceKey[minecraft:root / worlds_together:worldgen/betterx/surface_rules] (Stable)]
[00:01:11] [Server thread/INFO]: [betternether] Freeze Registry[ResourceKey[minecraft:root / worlds_together:worldgen/betterx/surface_rules] (Stable)]
[00:01:11] [Server thread/INFO]: [betternether] Freeze Registry[ResourceKey[minecraft:root / worlds_together:worldgen/betterx/surface_rules] (Stable)]
[00:01:11] [Server thread/INFO]: [betternether] Freeze Registry[ResourceKey[minecraft:root / worlds_together:worldgen/betterx/surface_rules] (Stable)]
[00:01:11] [Server thread/INFO]: [betternether] Freeze Registry[ResourceKey[minecraft:root / worlds_together:worldgen/betterx/surface_rules] (Stable)]
[00:01:11] [Server thread/INFO]: [betternether] Freeze Registry[ResourceKey[minecraft:root / worlds_together:worldgen/betterx/surface_rules] (Stable)]
[00:01:11] [Server thread/INFO]: [betternether] Freeze Registry[ResourceKey[minecraft:root / worlds_together:worldgen/betterx/surface_rules] (Stable)]
[00:01:11] [Server thread/INFO]: [betternether] Freeze Registry[ResourceKey[minecraft:root / worlds_together:worldgen/betterx/surface_rules] (Stable)]
[00:01:11] [Server thread/INFO]: [betternether] Freeze Registry[ResourceKey[minecraft:root / worlds_together:worldgen/betterx/surface_rules] (Stable)]
[00:01:11] [Server thread/INFO]: [betternether] Freeze Registry[ResourceKey[minecraft:root / worlds_together:worldgen/betterx/surface_rules] (Stable)]
[00:01:11] [Server thread/INFO]: [betternether] Freeze Registry[ResourceKey[minecraft:root / worlds_together:worldgen/betterx/surface_rules] (Stable)]
[00:01:11] [Server thread/INFO]: [betternether] Freeze Registry[ResourceKey[minecraft:root / worlds_together:worldgen/betterx/surface_rules] (Stable)]
[00:01:11] [Server thread/INFO]: [betternether] Freeze Registry[ResourceKey[minecraft:root / worlds_together:worldgen/betterx/surface_rules] (Stable)]
[00:01:11] [Server thread/INFO]: [betternether] Freeze Registry[ResourceKey[minecraft:root / worlds_together:worldgen/betterx/surface_rules] (Stable)]
[00:01:11] [Server thread/INFO]: [betternether] Freeze Registry[ResourceKey[minecraft:root / worlds_together:worldgen/betterx/surface_rules] (Stable)]
[00:01:11] [Server thread/INFO]: [betternether] Freeze Registry[ResourceKey[minecraft:root / worlds_together:worldgen/betterx/surface_rules] (Stable)]
[00:01:11] [Server thread/INFO]: [betternether] Freeze Registry[ResourceKey[minecraft:root / worlds_together:worldgen/betterx/surface_rules] (Stable)]
[00:01:11] [Server thread/INFO]: [betternether] Freeze Registry[ResourceKey[minecraft:root / worlds_together:worldgen/betterx/surface_rules] (Stable)]
[00:01:11] [Server thread/INFO]: [betternether] Freeze Registry[ResourceKey[minecraft:root / worlds_together:worldgen/betterx/surface_rules] (Stable)]
[00:01:11] [Server thread/INFO]: [betternether] Freeze Registry[ResourceKey[minecraft:root / worlds_together:worldgen/betterx/surface_rules] (Stable)]
[00:01:11] [Server thread/INFO]: [betternether] Freeze Registry[ResourceKey[minecraft:root / worlds_together:worldgen/betterx/surface_rules] (Stable)]
[00:01:11] [Server thread/INFO]: [betternether] Freeze Registry[ResourceKey[minecraft:root / worlds_together:worldgen/betterx/surface_rules] (Stable)]
[00:01:11] [Server thread/INFO]: [betternether] Freeze Registry[ResourceKey[minecraft:root / worlds_together:worldgen/betterx/surface_rules] (Stable)]
[00:01:11] [Server thread/INFO]: [betternether] Freeze Registry[ResourceKey[minecraft:root / worlds_together:worldgen/betterx/surface_rules] (Stable)]
[00:01:11] [Server thread/INFO]: [betternether] Freeze Registry[ResourceKey[minecraft:root / worlds_together:worldgen/betterx/surface_rules] (Stable)]
[00:01:11] [Server thread/INFO]: [betternether] Freeze Registry[ResourceKey[minecraft:root / worlds_together:worldgen/betterx/surface_rules] (Stable)]
[00:01:11] [Server thread/INFO]: [betternether] Freeze Registry[ResourceKey[minecraft:root / worlds_together:worldgen/betterx/surface_rules] (Stable)]
[00:01:11] [Server thread/INFO]: [betternether] Freeze Registry[ResourceKey[minecraft:root / worlds_together:worldgen/betterx/surface_rules] (Stable)]
[00:01:11] [Server thread/INFO]: [betternether] Freeze Registry[ResourceKey[minecraft:root / worlds_together:worldgen/betterx/surface_rules] (Stable)]
[00:01:11] [Server thread/INFO]: [betternether] Freeze Registry[ResourceKey[minecraft:root / worlds_together:worldgen/betterx/surface_rules] (Stable)]
[00:01:11] [Server thread/INFO]: [betternether] Freeze Registry[ResourceKey[minecraft:root / worlds_together:worldgen/betterx/surface_rules] (Stable)]
[00:01:11] [Server thread/INFO]: [betternether] Freeze Registry[ResourceKey[minecraft:root / worlds_together:worldgen/betterx/surface_rules] (Stable)]
[00:01:11] [Server thread/INFO]: [betternether] Freeze Registry[ResourceKey[minecraft:root / worlds_together:worldgen/betterx/surface_rules] (Stable)]
[00:01:11] [Server thread/INFO]: [betternether] Freeze Registry[ResourceKey[minecraft:root / worlds_together:worldgen/betterx/surface_rules] (Stable)]
[00:01:11] [Server thread/INFO]: [betternether] Freeze Registry[ResourceKey[minecraft:root / worlds_together:worldgen/betterx/surface_rules] (Stable)]
[00:01:11] [Server thread/INFO]: [betternether] Freeze Registry[ResourceKey[minecraft:root / worlds_together:worldgen/betterx/surface_rules] (Stable)]
[00:01:11] [Server thread/INFO]: [betternether] Freeze Registry[ResourceKey[minecraft:root / worlds_together:worldgen/betterx/surface_rules] (Stable)]
[00:01:11] [Server thread/INFO]: [betternether] Freeze Registry[ResourceKey[minecraft:root / worlds_together:worldgen/betterx/surface_rules] (Stable)]
[00:01:11] [Server thread/INFO]: [betternether] Freeze Registry[ResourceKey[minecraft:root / worlds_together:worldgen/betterx/surface_rules] (Stable)]
[00:01:11] [Server thread/INFO]: [betternether] Freeze Registry[ResourceKey[minecraft:root / worlds_together:worldgen/betterx/surface_rules] (Stable)]
[00:01:11] [Server thread/INFO]: [betternether] Freeze Registry[ResourceKey[minecraft:root / worlds_together:worldgen/betterx/surface_rules] (Stable)]
[00:01:11] [Server thread/INFO]: [betternether] Freeze Registry[ResourceKey[minecraft:root / worlds_together:worldgen/betterx/surface_rules] (Stable)]
[00:01:11] [Server thread/INFO]: [betternether] Freeze Registry[ResourceKey[minecraft:root / worlds_together:worldgen/betterx/surface_rules] (Stable)]
[00:01:11] [Server thread/INFO]: [betternether] Freeze Registry[ResourceKey[minecraft:root / worlds_together:worldgen/betterx/surface_rules] (Stable)]
[00:01:11] [Server thread/INFO]: [betternether] Freeze Registry[ResourceKey[minecraft:root / worlds_together:worldgen/betterx/surface_rules] (Stable)]
[00:01:11] [Server thread/INFO]: [betternether] Freeze Registry[ResourceKey[minecraft:root / worlds_together:worldgen/betterx/surface_rules] (Stable)]
[00:01:11] [Server thread/INFO]: [betternether] Freeze Registry[ResourceKey[minecraft:root / worlds_together:worldgen/betterx/surface_rules] (Stable)]
[00:01:11] [Server thread/INFO]: [betternether] Freeze Registry[ResourceKey[minecraft:root / worlds_together:worldgen/betterx/surface_rules] (Stable)]
[00:01:12] [Server thread/INFO]: [betternether] Freeze Registry[ResourceKey[minecraft:root / worlds_together:worldgen/betterx/surface_rules] (Stable)]
[00:01:12] [Server thread/INFO]: [betternether] Freeze Registry[ResourceKey[minecraft:root / worlds_together:worldgen/betterx/surface_rules] (Stable)]
[00:01:12] [Server thread/INFO]: [betternether] Freeze Registry[ResourceKey[minecraft:root / worlds_together:worldgen/betterx/surface_rules] (Stable)]
[00:01:12] [Server thread/INFO]: [betternether] Freeze Registry[ResourceKey[minecraft:root / worlds_together:worldgen/betterx/surface_rules] (Stable)]
[00:01:12] [Server thread/INFO]: [betternether] Freeze Registry[ResourceKey[minecraft:root / worlds_together:worldgen/betterx/surface_rules] (Stable)]
[00:01:12] [Server thread/INFO]: [betternether] Freeze Registry[ResourceKey[minecraft:root / worlds_together:worldgen/betterx/surface_rules] (Stable)]
[00:01:12] [Server thread/INFO]: [betternether] Freeze Registry[ResourceKey[minecraft:root / worlds_together:worldgen/betterx/surface_rules] (Stable)]
[00:01:12] [Server thread/INFO]: [betternether] Freeze Registry[ResourceKey[minecraft:root / worlds_together:worldgen/betterx/surface_rules] (Stable)]
[00:01:12] [Server thread/INFO]: [betternether] Freeze Registry[ResourceKey[minecraft:root / worlds_together:worldgen/betterx/surface_rules] (Stable)]
[00:01:12] [Server thread/INFO]: [betternether] Freeze Registry[ResourceKey[minecraft:root / worlds_together:worldgen/betterx/surface_rules] (Stable)]
[00:01:12] [Server thread/INFO]: [betternether] Freeze Registry[ResourceKey[minecraft:root / worlds_together:worldgen/betterx/surface_rules] (Stable)]
[00:01:12] [Server thread/INFO]: [betternether] Freeze Registry[ResourceKey[minecraft:root / worlds_together:worldgen/betterx/surface_rules] (Stable)]
[00:01:12] [Server thread/INFO]: [betternether] Freeze Registry[ResourceKey[minecraft:root / worlds_together:worldgen/betterx/surface_rules] (Stable)]
[00:01:12] [Server thread/INFO]: [betternether] Freeze Registry[ResourceKey[minecraft:root / worlds_together:worldgen/betterx/surface_rules] (Stable)]
[00:01:12] [Server thread/INFO]: [betternether] Freeze Registry[ResourceKey[minecraft:root / worlds_together:worldgen/betterx/surface_rules] (Stable)]
[00:01:12] [Server thread/INFO]: [betternether] Freeze Registry[ResourceKey[minecraft:root / worlds_together:worldgen/betterx/surface_rules] (Stable)]
[00:01:12] [Server thread/INFO]: [betternether] Freeze Registry[ResourceKey[minecraft:root / worlds_together:worldgen/betterx/surface_rules] (Stable)]
[00:01:12] [Server thread/INFO]: [betternether] Freeze Registry[ResourceKey[minecraft:root / worlds_together:worldgen/betterx/surface_rules] (Stable)]
[00:01:12] [Server thread/INFO]: [betternether] Freeze Registry[ResourceKey[minecraft:root / worlds_together:worldgen/betterx/surface_rules] (Stable)]
[00:01:12] [Server thread/INFO]: [betternether] Freeze Registry[ResourceKey[minecraft:root / worlds_together:worldgen/betterx/surface_rules] (Stable)]
[00:01:12] [Server thread/INFO]: [betternether] Freeze Registry[ResourceKey[minecraft:root / worlds_together:worldgen/betterx/surface_rules] (Stable)]
[00:01:12] [Server thread/INFO]: [betternether] Freeze Registry[ResourceKey[minecraft:root / worlds_together:worldgen/betterx/surface_rules] (Stable)]
[00:01:12] [Server thread/INFO]: [betternether] Freeze Registry[ResourceKey[minecraft:root / worlds_together:worldgen/betterx/surface_rules] (Stable)]
[00:01:12] [Server thread/INFO]: [betternether] Freeze Registry[ResourceKey[minecraft:root / worlds_together:worldgen/betterx/surface_rules] (Stable)]
[00:01:12] [Server thread/INFO]: [betternether] Freeze Registry[ResourceKey[minecraft:root / worlds_together:worldgen/betterx/surface_rules] (Stable)]
[00:01:12] [Server thread/INFO]: [betternether] Freeze Registry[ResourceKey[minecraft:root / worlds_together:worldgen/betterx/surface_rules] (Stable)]
[00:01:12] [Server thread/INFO]: [betternether] Freeze Registry[ResourceKey[minecraft:root / worlds_together:worldgen/betterx/surface_rules] (Stable)]
[00:01:12] [Server thread/INFO]: [betternether] Freeze Registry[ResourceKey[minecraft:root / worlds_together:worldgen/betterx/surface_rules] (Stable)]
[00:01:12] [Server thread/INFO]: [betternether] Freeze Registry[ResourceKey[minecraft:root / worlds_together:worldgen/betterx/surface_rules] (Stable)]
[00:01:12] [Server thread/INFO]: [betternether] Freeze Registry[ResourceKey[minecraft:root / worlds_together:worldgen/betterx/surface_rules] (Stable)]
[00:01:12] [Server thread/INFO]: [betternether] Freeze Registry[ResourceKey[minecraft:root / worlds_together:worldgen/betterx/surface_rules] (Stable)]
[00:01:12] [Server thread/INFO]: [betternether] Freeze Registry[ResourceKey[minecraft:root / worlds_together:worldgen/betterx/surface_rules] (Stable)]
[00:01:12] [Server thread/INFO]: [betternether] Freeze Registry[ResourceKey[minecraft:root / worlds_together:worldgen/betterx/surface_rules] (Stable)]
[00:01:12] [Server thread/INFO]: [betternether] Freeze Registry[ResourceKey[minecraft:root / worlds_together:worldgen/betterx/surface_rules] (Stable)]
[00:01:12] [Server thread/INFO]: [betternether] Freeze Registry[ResourceKey[minecraft:root / worlds_together:worldgen/betterx/surface_rules] (Stable)]
[00:01:12] [Server thread/INFO]: [betternether] Freeze Registry[ResourceKey[minecraft:root / worlds_together:worldgen/betterx/surface_rules] (Stable)]
[00:01:12] [Server thread/INFO]: Loaded values for 142 compatible attributes.
[00:01:12] [Server thread/ERROR]: Attribute ID 'puffish_skills:player.ranged_damage' does not belong to a known attribute. This entry will be ignored.
[00:01:12] [Server thread/ERROR]: Attribute ID 'spellbladenext:converttofire' does not belong to a known attribute. This entry will be ignored.
[00:01:12] [Server thread/ERROR]: Attribute ID 'spellbladenext:converttoarcane' does not belong to a known attribute. This entry will be ignored.
[00:01:12] [Server thread/ERROR]: Attribute ID 'puffish_skills:player.fortune' does not belong to a known attribute. This entry will be ignored.
[00:01:12] [Server thread/ERROR]: Attribute ID 'spellbladenext:warding' does not belong to a known attribute. This entry will be ignored.
[00:01:12] [Server thread/ERROR]: Attribute ID 'puffish_skills:player.jump' does not belong to a known attribute. This entry will be ignored.
[00:01:12] [Server thread/ERROR]: Attribute ID 'additionalentityattributes:magic_protection' does not belong to a known attribute. This entry will be ignored.
[00:01:12] [Server thread/ERROR]: Attribute ID 'additionalentityattributes:bonus_loot_count_rolls' does not belong to a known attribute. This entry will be ignored.
[00:01:12] [Server thread/ERROR]: Attribute ID 'additionalentityattributes:lung_capacity' does not belong to a known attribute. This entry will be ignored.
[00:01:12] [Server thread/ERROR]: Attribute ID 'puffish_skills:player.resistance' does not belong to a known attribute. This entry will be ignored.
[00:01:12] [Server thread/ERROR]: Attribute ID 'spellbladenext:converttofrost' does not belong to a known attribute. This entry will be ignored.
[00:01:12] [Server thread/ERROR]: Attribute ID 'additionalentityattributes:dig_speed' does not belong to a known attribute. This entry will be ignored.
[00:01:12] [Server thread/ERROR]: Attribute ID 'additionalentityattributes:water_visibility' does not belong to a known attribute. This entry will be ignored.
[00:01:12] [Server thread/ERROR]: Attribute ID 'spellbladenext:convertfromfrost' does not belong to a known attribute. This entry will be ignored.
[00:01:12] [Server thread/ERROR]: Attribute ID 'puffish_skills:player.stamina' does not belong to a known attribute. This entry will be ignored.
[00:01:12] [Server thread/ERROR]: Attribute ID 'additionalentityattributes:critical_bonus_damage' does not belong to a known attribute. This entry will be ignored.
[00:01:12] [Server thread/ERROR]: Attribute ID 'puffish_skills:player.healing' does not belong to a known attribute. This entry will be ignored.
[00:01:12] [Server thread/ERROR]: Attribute ID 'spellbladenext:convertfromarcane' does not belong to a known attribute. This entry will be ignored.
[00:01:12] [Server thread/ERROR]: Attribute ID 'spellbladenext:convertfromfire' does not belong to a known attribute. This entry will be ignored.
[00:01:12] [Server thread/ERROR]: Attribute ID 'puffish_skills:player.sprinting_speed' does not belong to a known attribute. This entry will be ignored.
[00:01:12] [Server thread/ERROR]: Attribute ID 'puffish_skills:player.knockback' does not belong to a known attribute. This entry will be ignored.
[00:01:12] [Server thread/ERROR]: Attribute ID 'additionalentityattributes:dropped_experience' does not belong to a known attribute. This entry will be ignored.
[00:01:12] [Server thread/ERROR]: Attribute ID 'puffish_skills:player.melee_damage' does not belong to a known attribute. This entry will be ignored.
[00:01:12] [Server thread/ERROR]: Attribute ID 'more_rpg_classes:incoming_damage_reduction' does not belong to a known attribute. This entry will be ignored.
[00:01:12] [Server thread/ERROR]: Attribute ID 'additionalentityattributes:lava_visibility' does not belong to a known attribute. This entry will be ignored.
[00:01:12] [Server thread/ERROR]: Attribute ID 'spellbladenext:converttoheal' does not belong to a known attribute. This entry will be ignored.
[00:01:12] [Server thread/ERROR]: Attribute ID 'reabsorption:reabsorption' does not belong to a known attribute. This entry will be ignored.
[00:01:12] [Server thread/ERROR]: Attribute ID 'more_rpg_classes:incoming_damage_modifier' does not belong to a known attribute. This entry will be ignored.
[00:01:12] [Server thread/ERROR]: Attribute ID 'puffish_skills:player.mining_speed' does not belong to a known attribute. This entry will be ignored.
[00:01:12] [Server thread/ERROR]: Attribute ID 'additionalentityattributes:water_speed' does not belong to a known attribute. This entry will be ignored.
[00:01:12] [Server thread/ERROR]: Attribute ID 'additionalentityattributes:lava_speed' does not belong to a known attribute. This entry will be ignored.
[00:01:12] [Server thread/ERROR]: Attribute ID 'additionalentityattributes:bonus_rare_loot_rolls' does not belong to a known attribute. This entry will be ignored.
[00:01:12] [Server thread/INFO]: Loaded 174 values from config.
[00:01:12] [Server thread/INFO]: Saving config file. 174 entries.
[00:01:12] [Server thread/INFO]: Applying changes for 174 attributes.
[00:01:12] [Server thread/INFO]: Registered synced player tracker system: ftb_teams
[00:01:12] [Server thread/INFO]: Registered synced player tracker system: ftb_teams
[00:01:12] [Server thread/INFO]: Mixing common.MixinServerStatus from mixins/common/nochatreports.mixins.json into net.minecraft.class_2926
[00:01:12] [Server thread/INFO]: Loading Xaero's Minimap - Stage 2/2 (Server)
[00:01:12] [Server thread/INFO]: Loading Xaero's World Map - Stage 2/2 (Server)
[00:01:18] [Worker-Main-2/WARN]: Empty height range: biased[-3 absolute--5 absolute inner: 1]
[00:01:18] [Server thread/INFO]: [STDOUT]: Caching sets
[00:01:18] [Server thread/WARN]: Can't keep up! Is the server overloaded? Running 7933ms or 158 ticks behind
[00:31:56] [Netty Epoll Server IO #1/INFO]: Mixing server.MixinServerboundChatCommandPacket from mixins/common/nochatreports.mixins.json into net.minecraft.class_7472
[00:31:56] [Netty Epoll Server IO #1/INFO]: Mixing server.MixinServerboundChatPacket from mixins/common/nochatreports.mixins.json into net.minecraft.class_2797
[00:31:56] [Netty Epoll Server IO #1/INFO]: Mixing server.MixinServerboundChatSessionUpdatePacket from mixins/common/nochatreports.mixins.json into net.minecraft.class_7861
[00:31:59] [Server thread/INFO]: [Handshake] Sending channel query
[00:31:59] [Netty Epoll Server IO #2/INFO]: [Handshake] Receiving client channels
[00:31:59] [Netty Epoll Server IO #2/INFO]: [Handshake] Handshake completed successfully
[00:32:00] [Server thread/INFO]: Sv2_Tide_m9k[/100.123.79.22:32798] logged in with entity id 728 at (-22.5, 92.0, 28.5)
[00:32:00] [Server thread/INFO]: Sending server config values to client
[00:32:00] [Server thread/INFO]: Syncing config to Sv2_Tide_m9k (808d70d4-ec61-3094-bd81-345d4a836c4c)
[00:32:00] [Netty Epoll Server IO #2/INFO]: [showmeyourskin] Client of Sv2_Tide_m9k accepted server config.
[00:32:01] [Server thread/INFO]: [betternether] Freeze Registry[ResourceKey[minecraft:root / worlds_together:worldgen/betterx/surface_rules] (Stable)]
[00:32:01] [Server thread/INFO]: Sv2_Tide_m9k joined the game
[00:32:01] [Server thread/INFO]: ARRP register - before user
[00:32:01] [Server thread/INFO]: [betternether] Freeze Registry[ResourceKey[minecraft:root / worlds_together:worldgen/betterx/surface_rules] (Stable)]
[00:32:01] [Server thread/INFO]: ARRP register - before vanilla
[00:32:01] [Server thread/INFO]: ARRP register - between vanilla and mods
[00:32:01] [Server thread/INFO]: ARRP register - between mods and user
[00:32:01] [Server thread/INFO]: ARRP register - after vanilla
[00:32:01] [Server thread/INFO]: Adding serverside commands..
[00:32:01] [Server thread/INFO]: Command '/livingthings' registered
[00:32:01] [Server thread/INFO]: Loading command nodes...
[00:32:01] [Server thread/INFO]: Loaded 3586 command nodes
[00:32:02] [Worker-ResourceReload-2/ERROR]: Couldn't load tag amethyst_core:tier_two_spell_scepters as it is missing following references: #amethyst_core:tier_three_spell_scepters (from fabric)
[00:32:02] [Worker-ResourceReload-2/ERROR]: Couldn't load tag amethyst_core:tier_one_spell_scepters as it is missing following references: #amethyst_core:tier_two_spell_scepters (from fabric), #amethyst_core:tier_three_spell_scepters (from fabric)
[00:32:02] [Worker-ResourceReload-2/ERROR]: Couldn't load tag pack_it_up:magic_items as it is missing following references: #amethyst_core:tier_one_spell_scepters (from fabric)
[00:32:02] [Worker-ResourceReload-2/ERROR]: Couldn't load tag kevstags:basicweapons_daggers as it is missing following references: basicweapons:wooden_dagger (from fabric), basicweapons:stone_dagger (from fabric), basicweapons:iron_dagger (from fabric), basicweapons:golden_dagger (from fabric), basicweapons:diamond_dagger (from fabric), basicweapons:netherite_dagger (from fabric)
[00:32:02] [Worker-ResourceReload-2/ERROR]: Couldn't load tag frozenlib:dont_emit_use_game_events as it is missing following references: deeperdarker:transmitter (from fabric)
[00:32:02] [Worker-ResourceReload-2/ERROR]: Error while parsing loot table decoration entry. Found jungle_temple. Defaulting to MANSION
[00:32:03] [Worker-ResourceReload-2/ERROR]: Couldn't parse element loot_tables:ctov:chests/village/village_forager
com.google.gson.JsonSyntaxException: Missing expand, expected to find a Boolean
	at net.minecraft.class_3518.method_15270(class_3518.java:181) ~[server-intermediary.jar:?]
	at net.minecraft.class_91$class_92.method_450(class_91.java:86) ~[server-intermediary.jar:?]
	at net.minecraft.class_91$class_92.method_443(class_91.java:72) ~[server-intermediary.jar:?]
	at net.minecraft.class_85$class_90.method_441(class_85.java:151) ~[server-intermediary.jar:?]
	at net.minecraft.class_85$class_90.method_424(class_85.java:129) ~[server-intermediary.jar:?]
	at net.minecraft.class_79$class_5337.method_29319(class_79.java:86) ~[server-intermediary.jar:?]
	at net.minecraft.class_79$class_5337.method_517(class_79.java:74) ~[server-intermediary.jar:?]
	at net.minecraft.class_5330$class_5333.deserialize(class_5330.java:102) ~[server-intermediary.jar:?]
	at com.google.gson.internal.bind.TreeTypeAdapter.read(TreeTypeAdapter.java:76) ~[gson-2.10.jar:?]
	at com.google.gson.internal.bind.TypeAdapterRuntimeTypeWrapper.read(TypeAdapterRuntimeTypeWrapper.java:40) ~[gson-2.10.jar:?]
	at com.google.gson.internal.bind.ArrayTypeAdapter.read(ArrayTypeAdapter.java:72) ~[gson-2.10.jar:?]
	at com.google.gson.Gson.fromJson(Gson.java:1214) ~[gson-2.10.jar:?]
	at com.google.gson.Gson.fromJson(Gson.java:1319) ~[gson-2.10.jar:?]
	at com.google.gson.Gson.fromJson(Gson.java:1290) ~[gson-2.10.jar:?]
	at com.google.gson.internal.bind.TreeTypeAdapter$GsonContextImpl.deserialize(TreeTypeAdapter.java:179) ~[gson-2.10.jar:?]
	at net.minecraft.class_3518.method_15291(class_3518.java:463) ~[server-intermediary.jar:?]
	at net.minecraft.class_3518.method_15272(class_3518.java:471) ~[server-intermediary.jar:?]
	at net.minecraft.class_55$class_57.method_358(class_55.java:173) ~[server-intermediary.jar:?]
	at net.minecraft.class_55$class_57.deserialize(class_55.java:169) ~[server-intermediary.jar:?]
	at com.google.gson.internal.bind.TreeTypeAdapter.read(TreeTypeAdapter.java:76) ~[gson-2.10.jar:?]
	at com.google.gson.internal.bind.TypeAdapterRuntimeTypeWrapper.read(TypeAdapterRuntimeTypeWrapper.java:40) ~[gson-2.10.jar:?]
	at com.google.gson.internal.bind.ArrayTypeAdapter.read(ArrayTypeAdapter.java:72) ~[gson-2.10.jar:?]
	at com.google.gson.Gson.fromJson(Gson.java:1214) ~[gson-2.10.jar:?]
	at com.google.gson.Gson.fromJson(Gson.java:1319) ~[gson-2.10.jar:?]
	at com.google.gson.Gson.fromJson(Gson.java:1290) ~[gson-2.10.jar:?]
	at com.google.gson.internal.bind.TreeTypeAdapter$GsonContextImpl.deserialize(TreeTypeAdapter.java:179) ~[gson-2.10.jar:?]
	at net.minecraft.class_3518.method_15291(class_3518.java:463) ~[server-intermediary.jar:?]
	at net.minecraft.class_3518.method_15283(class_3518.java:481) ~[server-intermediary.jar:?]
	at net.minecraft.class_52$class_54.method_340(class_52.java:250) ~[server-intermediary.jar:?]
	at net.minecraft.class_52$class_54.deserialize(class_52.java:246) ~[server-intermediary.jar:?]
	at com.google.gson.internal.bind.TreeTypeAdapter.read(TreeTypeAdapter.java:76) ~[gson-2.10.jar:?]
	at com.google.gson.Gson.fromJson(Gson.java:1214) ~[gson-2.10.jar:?]
	at com.google.gson.Gson.fromJson(Gson.java:1319) ~[gson-2.10.jar:?]
	at com.google.gson.Gson.fromJson(Gson.java:1261) ~[gson-2.10.jar:?]
	at net.minecraft.class_8490.method_51205(class_8490.java:64) ~[server-intermediary.jar:?]
	at net.minecraft.class_8490.method_51204(class_8490.java:48) ~[server-intermediary.jar:?]
	at net.minecraft.class_60.method_51195(class_60.java:55) ~[server-intermediary.jar:?]
	at java.util.HashMap.forEach(HashMap.java:1421) ~[?:?]
	at net.minecraft.class_60.method_51189(class_60.java:55) ~[server-intermediary.jar:?]
	at java.util.concurrent.CompletableFuture$AsyncRun.run(CompletableFuture.java:1804) ~[?:?]
	at java.util.concurrent.CompletableFuture$AsyncRun.exec(CompletableFuture.java:1796) ~[?:?]
	at java.util.concurrent.ForkJoinTask.doExec(ForkJoinTask.java:373) ~[?:?]
	at java.util.concurrent.ForkJoinPool$WorkQueue.topLevelExec(ForkJoinPool.java:1182) ~[?:?]
	at java.util.concurrent.ForkJoinPool.scan(ForkJoinPool.java:1655) ~[?:?]
	at java.util.concurrent.ForkJoinPool.runWorker(ForkJoinPool.java:1622) ~[?:?]
	at java.util.concurrent.ForkJoinWorkerThread.run(ForkJoinWorkerThread.java:165) ~[?:?]
[00:32:03] [Worker-ResourceReload-2/ERROR]: Error while parsing loot table decoration entry. Found jungle_temple. Defaulting to MANSION
[00:32:03] [Server thread/INFO]: Intercepted tag results
[00:32:03] [Server thread/WARN]: Found loot table element validation problem in {loot_tables:phantasm:blocks/vivid_nihilium}.pools[0].entries[0].entry[1]: Empty children list
[00:32:03] [Server thread/WARN]: Found loot table element validation problem in {loot_tables:phantasm:blocks/hanging_pream_leaves}.pools[0].entries[0].entry[1]: Empty children list
[00:32:11] [Server thread/INFO]: [bclib] Disabling Recipe: bclib:test_star
[00:32:11] [Server thread/ERROR]: Parsing error loading recipe knavesneeds:betternether/cincinnasite_diamond/twinblade
com.google.gson.JsonSyntaxException: Unknown item 'betterend:cincinnasite_diamond_upgrade_smithing_template'
	at net.minecraft.class_1869.method_17878(class_1869.java:272) ~[server-intermediary.jar:?]
	at java.util.Optional.orElseThrow(Optional.java:403) ~[?:?]
	at net.minecraft.class_1869.method_8155(class_1869.java:272) ~[server-intermediary.jar:?]
	at net.minecraft.class_1856.method_8107(class_1856.java:160) ~[server-intermediary.jar:?]
	at net.minecraft.class_1856.method_8102(class_1856.java:143) ~[server-intermediary.jar:?]
	at net.minecraft.class_1856.method_52177(class_1856.java:135) ~[server-intermediary.jar:?]
	at net.minecraft.class_8060$class_8061.method_48455(class_8060.java:87) ~[server-intermediary.jar:?]
	at net.minecraft.class_8060$class_8061.method_8121(class_8060.java:84) ~[server-intermediary.jar:?]
	at net.minecraft.class_1863.method_17720(class_1863.java:135) ~[server-intermediary.jar:?]
	at net.minecraft.class_1863.method_20705(class_1863.java:56) ~[server-intermediary.jar:?]
	at net.minecraft.class_1863.method_18788(class_1863.java:35) ~[server-intermediary.jar:?]
	at net.minecraft.class_4080.method_18790(class_4080.java:13) ~[server-intermediary.jar:?]
	at java.util.concurrent.CompletableFuture$UniAccept.tryFire(CompletableFuture.java:718) ~[?:?]
	at java.util.concurrent.CompletableFuture$Completion.run(CompletableFuture.java:482) ~[?:?]
	at net.minecraft.class_4014.method_18365(class_4014.java:69) ~[server-intermediary.jar:?]
	at net.minecraft.class_3738.run(class_3738.java:18) ~[server-intermediary.jar:?]
	at net.minecraft.class_1255.method_18859(class_1255.java:156) ~[server-intermediary.jar:?]
	at net.minecraft.class_4093.method_18859(class_4093.java:23) ~[server-intermediary.jar:?]
	at net.minecraft.server.MinecraftServer.method_24306(MinecraftServer.java:782) ~[server-intermediary.jar:?]
	at net.minecraft.server.MinecraftServer.method_18859(MinecraftServer.java:164) ~[server-intermediary.jar:?]
	at net.minecraft.class_1255.method_16075(class_1255.java:130) ~[server-intermediary.jar:?]
	at net.minecraft.server.MinecraftServer.method_20415(MinecraftServer.java:764) ~[server-intermediary.jar:?]
	at net.minecraft.server.MinecraftServer.method_16075(MinecraftServer.java:758) ~[server-intermediary.jar:?]
	at net.minecraft.class_1255.method_18857(class_1255.java:139) ~[server-intermediary.jar:?]
	at net.minecraft.server.MinecraftServer.method_29439(MinecraftServer.java:1345) ~[server-intermediary.jar:?]
	at net.minecraft.class_3097.method_29480(class_3097.java:22) ~[server-intermediary.jar:?]
	at net.minecraft.class_3097.method_13530(class_3097.java:53) ~[server-intermediary.jar:?]
	at com.mojang.brigadier.CommandDispatcher.execute(CommandDispatcher.java:264) ~[brigadier-1.1.8.jar:?]
	at net.minecraft.class_2158$class_2160.method_36318(class_2158.java:96) ~[server-intermediary.jar:?]
	at net.minecraft.class_2158$class_2160.method_9198(class_2158.java:90) ~[server-intermediary.jar:?]
	at net.minecraft.class_2991$class_2992.method_12914(class_2991.java:135) ~[server-intermediary.jar:?]
	at net.minecraft.class_2991$class_6345.method_36346(class_2991.java:210) ~[server-intermediary.jar:?]
	at net.minecraft.class_2991.method_36341(class_2991.java:85) ~[server-intermediary.jar:?]
	at net.minecraft.class_2991.method_12904(class_2991.java:69) ~[server-intermediary.jar:?]
	at net.minecraft.class_3062.method_13381(class_3062.java:46) ~[server-intermediary.jar:?]
	at net.minecraft.class_3062.method_13383(class_3062.java:35) ~[server-intermediary.jar:?]
	at com.mojang.brigadier.CommandDispatcher.execute(CommandDispatcher.java:264) ~[brigadier-1.1.8.jar:?]
	at net.minecraft.class_2170.redirect$zia000$architectury$performCommand(class_2170.java:1045) ~[server-intermediary.jar:?]
	at net.minecraft.class_2170.method_9249(class_2170.java:287) ~[server-intermediary.jar:?]
	at net.minecraft.class_2170.method_44252(class_2170.java:280) ~[server-intermediary.jar:?]
	at dev.ftb.mods.ftbquests.quest.reward.CommandReward.claim(CommandReward.java:104) ~[ftb-quests-fabric-2001.4.5.jar:?]
	at dev.ftb.mods.ftbquests.quest.TeamData.claimReward(TeamData.java:538) ~[ftb-quests-fabric-2001.4.5.jar:?]
	at dev.ftb.mods.ftbquests.quest.TeamData.checkAutoCompletion(TeamData.java:568) ~[ftb-quests-fabric-2001.4.5.jar:?]
	at dev.ftb.mods.ftbquests.quest.Quest.onCompleted(Quest.java:544) ~[ftb-quests-fabric-2001.4.5.jar:?]
	at dev.ftb.mods.ftbquests.quest.ServerQuestFile.lambda$playerLoggedIn$4(ServerQuestFile.java:185) ~[ftb-quests-fabric-2001.4.5.jar:?]
	at java.util.ArrayList.forEach(ArrayList.java:1511) ~[?:?]
	at java.util.Collections$UnmodifiableCollection.forEach(Collections.java:1093) ~[?:?]
	at dev.ftb.mods.ftbquests.quest.BaseQuestFile.lambda$forAllQuests$48(BaseQuestFile.java:1402) ~[ftb-quests-fabric-2001.4.5.jar:?]
	at java.util.ArrayList.forEach(ArrayList.java:1511) ~[?:?]
	at java.util.Collections$UnmodifiableCollection.forEach(Collections.java:1093) ~[?:?]
	at dev.ftb.mods.ftbquests.quest.BaseQuestFile.lambda$forAllChapters$47(BaseQuestFile.java:1397) ~[ftb-quests-fabric-2001.4.5.jar:?]
	at java.util.ArrayList.forEach(ArrayList.java:1511) ~[?:?]
	at dev.ftb.mods.ftbquests.quest.BaseQuestFile.forAllChapterGroups(BaseQuestFile.java:1392) ~[ftb-quests-fabric-2001.4.5.jar:?]
	at dev.ftb.mods.ftbquests.quest.BaseQuestFile.forAllChapters(BaseQuestFile.java:1397) ~[ftb-quests-fabric-2001.4.5.jar:?]
	at dev.ftb.mods.ftbquests.quest.BaseQuestFile.forAllQuests(BaseQuestFile.java:1402) ~[ftb-quests-fabric-2001.4.5.jar:?]
	at dev.ftb.mods.ftbquests.quest.ServerQuestFile.lambda$playerLoggedIn$5(ServerQuestFile.java:179) ~[ftb-quests-fabric-2001.4.5.jar:?]
	at dev.ftb.mods.ftbquests.quest.ServerQuestFile.withPlayerContext(ServerQuestFile.java:159) ~[ftb-quests-fabric-2001.4.5.jar:?]
	at dev.ftb.mods.ftbquests.quest.ServerQuestFile.playerLoggedIn(ServerQuestFile.java:179) ~[ftb-quests-fabric-2001.4.5.jar:?]
	at dev.ftb.mods.ftbquests.FTBQuestsEventHandler.playerLoggedIn(FTBQuestsEventHandler.java:104) ~[ftb-quests-fabric-2001.4.5.jar:?]
	at java.lang.invoke.MethodHandle.invokeWithArguments(MethodHandle.java:732) ~[?:?]
	at dev.architectury.event.EventFactory.invokeMethod(EventFactory.java:53) ~[architectury-9.2.14-fabric.jar:?]
	at dev.architectury.event.EventFactory$4.handleInvocation(EventFactory.java:125) ~[architectury-9.2.14-fabric.jar:?]
	at com.google.common.reflect.AbstractInvocationHandler.invoke(AbstractInvocationHandler.java:87) ~[guava-31.1-jre.jar:?]
	at jdk.proxy2.$Proxy202.accept(Unknown Source) ~[?:?]
	at dev.ftb.mods.ftbteams.data.TeamManagerImpl.playerLoggedIn(TeamManagerImpl.java:319) ~[ftb-teams-fabric-2001.3.0.jar:?]
	at dev.ftb.mods.ftbteams.FTBTeams.playerLoggedIn(FTBTeams.java:77) ~[ftb-teams-fabric-2001.3.0.jar:?]
	at java.lang.invoke.MethodHandle.invokeWithArguments(MethodHandle.java:732) ~[?:?]
	at dev.architectury.event.EventFactory.invokeMethod(EventFactory.java:53) ~[architectury-9.2.14-fabric.jar:?]
	at dev.architectury.event.EventFactory$1.handleInvocation(EventFactory.java:62) ~[architectury-9.2.14-fabric.jar:?]
	at com.google.common.reflect.AbstractInvocationHandler.invoke(AbstractInvocationHandler.java:87) ~[guava-31.1-jre.jar:?]
	at jdk.proxy2.$Proxy201.join(Unknown Source) ~[?:?]
	at net.minecraft.class_3324.handler$zjc000$architectury$placeNewPlayer(class_3324.java:2520) ~[server-intermediary.jar:?]
	at net.minecraft.class_3324.method_14570(class_3324.java:307) ~[server-intermediary.jar:?]
	at net.minecraft.class_3248.method_33800(class_3248.java:131) ~[server-intermediary.jar:?]
	at net.minecraft.class_3248.mdcaa83c$polymer-networking$lambda$polymerNet$prePlayHandshakeHackfest$0$0(class_3248.java:549) ~[server-intermediary.jar:?]
	at eu.pb4.polymer.networking.impl.EarlyConnectionMagic.lambda$handle$0(EarlyConnectionMagic.java:32) ~[polymer-networking-0.5.15+1.20.1-dc18d44a422d3193.jar:?]
	at eu.pb4.polymer.networking.api.EarlyPlayNetworkHandler.lambda$onKeepAlive$0(EarlyPlayNetworkHandler.java:108) ~[polymer-networking-0.5.15+1.20.1-dc18d44a422d3193.jar:?]
	at net.minecraft.class_3738.run(class_3738.java:18) ~[server-intermediary.jar:?]
	at net.minecraft.class_1255.method_18859(class_1255.java:156) ~[server-intermediary.jar:?]
	at net.minecraft.class_4093.method_18859(class_4093.java:23) ~[server-intermediary.jar:?]
	at net.minecraft.server.MinecraftServer.method_24306(MinecraftServer.java:782) ~[server-intermediary.jar:?]
	at net.minecraft.server.MinecraftServer.method_18859(MinecraftServer.java:164) ~[server-intermediary.jar:?]
	at net.minecraft.class_1255.method_16075(class_1255.java:130) ~[server-intermediary.jar:?]
	at net.minecraft.server.MinecraftServer.method_20415(MinecraftServer.java:764) ~[server-intermediary.jar:?]
	at net.minecraft.server.MinecraftServer.method_16075(MinecraftServer.java:758) ~[server-intermediary.jar:?]
	at net.minecraft.class_1255.method_18857(class_1255.java:139) ~[server-intermediary.jar:?]
	at net.minecraft.server.MinecraftServer.method_16208(MinecraftServer.java:743) ~[server-intermediary.jar:?]
	at net.minecraft.server.MinecraftServer.method_29741(MinecraftServer.java:675) ~[server-intermediary.jar:?]
	at net.minecraft.server.MinecraftServer.method_29739(MinecraftServer.java:265) ~[server-intermediary.jar:?]
	at java.lang.Thread.run(Thread.java:840) ~[?:?]
[00:32:11] [Server thread/ERROR]: Parsing error loading recipe amethyst_core:thrifty_imbuing
com.google.gson.JsonSyntaxException: Invalid or unsupported recipe type 'amethyst_imbuement:imbuing'
	at net.minecraft.class_1863.method_17875(class_1863.java:134) ~[server-intermediary.jar:?]
	at java.util.Optional.orElseThrow(Optional.java:403) ~[?:?]
	at net.minecraft.class_1863.method_17720(class_1863.java:134) ~[server-intermediary.jar:?]
	at net.minecraft.class_1863.method_20705(class_1863.java:56) ~[server-intermediary.jar:?]
	at net.minecraft.class_1863.method_18788(class_1863.java:35) ~[server-intermediary.jar:?]
	at net.minecraft.class_4080.method_18790(class_4080.java:13) ~[server-intermediary.jar:?]
	at java.util.concurrent.CompletableFuture$UniAccept.tryFire(CompletableFuture.java:718) ~[?:?]
	at java.util.concurrent.CompletableFuture$Completion.run(CompletableFuture.java:482) ~[?:?]
	at net.minecraft.class_4014.method_18365(class_4014.java:69) ~[server-intermediary.jar:?]
	at net.minecraft.class_3738.run(class_3738.java:18) ~[server-intermediary.jar:?]
	at net.minecraft.class_1255.method_18859(class_1255.java:156) ~[server-intermediary.jar:?]
	at net.minecraft.class_4093.method_18859(class_4093.java:23) ~[server-intermediary.jar:?]
	at net.minecraft.server.MinecraftServer.method_24306(MinecraftServer.java:782) ~[server-intermediary.jar:?]
	at net.minecraft.server.MinecraftServer.method_18859(MinecraftServer.java:164) ~[server-intermediary.jar:?]
	at net.minecraft.class_1255.method_16075(class_1255.java:130) ~[server-intermediary.jar:?]
	at net.minecraft.server.MinecraftServer.method_20415(MinecraftServer.java:764) ~[server-intermediary.jar:?]
	at net.minecraft.server.MinecraftServer.method_16075(MinecraftServer.java:758) ~[server-intermediary.jar:?]
	at net.minecraft.class_1255.method_18857(class_1255.java:139) ~[server-intermediary.jar:?]
	at net.minecraft.server.MinecraftServer.method_29439(MinecraftServer.java:1345) ~[server-intermediary.jar:?]
	at net.minecraft.class_3097.method_29480(class_3097.java:22) ~[server-intermediary.jar:?]
	at net.minecraft.class_3097.method_13530(class_3097.java:53) ~[server-intermediary.jar:?]
	at com.mojang.brigadier.CommandDispatcher.execute(CommandDispatcher.java:264) ~[brigadier-1.1.8.jar:?]
	at net.minecraft.class_2158$class_2160.method_36318(class_2158.java:96) ~[server-intermediary.jar:?]
	at net.minecraft.class_2158$class_2160.method_9198(class_2158.java:90) ~[server-intermediary.jar:?]
	at net.minecraft.class_2991$class_2992.method_12914(class_2991.java:135) ~[server-intermediary.jar:?]
	at net.minecraft.class_2991$class_6345.method_36346(class_2991.java:210) ~[server-intermediary.jar:?]
	at net.minecraft.class_2991.method_36341(class_2991.java:85) ~[server-intermediary.jar:?]
	at net.minecraft.class_2991.method_12904(class_2991.java:69) ~[server-intermediary.jar:?]
	at net.minecraft.class_3062.method_13381(class_3062.java:46) ~[server-intermediary.jar:?]
	at net.minecraft.class_3062.method_13383(class_3062.java:35) ~[server-intermediary.jar:?]
	at com.mojang.brigadier.CommandDispatcher.execute(CommandDispatcher.java:264) ~[brigadier-1.1.8.jar:?]
	at net.minecraft.class_2170.redirect$zia000$architectury$performCommand(class_2170.java:1045) ~[server-intermediary.jar:?]
	at net.minecraft.class_2170.method_9249(class_2170.java:287) ~[server-intermediary.jar:?]
	at net.minecraft.class_2170.method_44252(class_2170.java:280) ~[server-intermediary.jar:?]
	at dev.ftb.mods.ftbquests.quest.reward.CommandReward.claim(CommandReward.java:104) ~[ftb-quests-fabric-2001.4.5.jar:?]
	at dev.ftb.mods.ftbquests.quest.TeamData.claimReward(TeamData.java:538) ~[ftb-quests-fabric-2001.4.5.jar:?]
	at dev.ftb.mods.ftbquests.quest.TeamData.checkAutoCompletion(TeamData.java:568) ~[ftb-quests-fabric-2001.4.5.jar:?]
	at dev.ftb.mods.ftbquests.quest.Quest.onCompleted(Quest.java:544) ~[ftb-quests-fabric-2001.4.5.jar:?]
	at dev.ftb.mods.ftbquests.quest.ServerQuestFile.lambda$playerLoggedIn$4(ServerQuestFile.java:185) ~[ftb-quests-fabric-2001.4.5.jar:?]
	at java.util.ArrayList.forEach(ArrayList.java:1511) ~[?:?]
	at java.util.Collections$UnmodifiableCollection.forEach(Collections.java:1093) ~[?:?]
	at dev.ftb.mods.ftbquests.quest.BaseQuestFile.lambda$forAllQuests$48(BaseQuestFile.java:1402) ~[ftb-quests-fabric-2001.4.5.jar:?]
	at java.util.ArrayList.forEach(ArrayList.java:1511) ~[?:?]
	at java.util.Collections$UnmodifiableCollection.forEach(Collections.java:1093) ~[?:?]
	at dev.ftb.mods.ftbquests.quest.BaseQuestFile.lambda$forAllChapters$47(BaseQuestFile.java:1397) ~[ftb-quests-fabric-2001.4.5.jar:?]
	at java.util.ArrayList.forEach(ArrayList.java:1511) ~[?:?]
	at dev.ftb.mods.ftbquests.quest.BaseQuestFile.forAllChapterGroups(BaseQuestFile.java:1392) ~[ftb-quests-fabric-2001.4.5.jar:?]
	at dev.ftb.mods.ftbquests.quest.BaseQuestFile.forAllChapters(BaseQuestFile.java:1397) ~[ftb-quests-fabric-2001.4.5.jar:?]
	at dev.ftb.mods.ftbquests.quest.BaseQuestFile.forAllQuests(BaseQuestFile.java:1402) ~[ftb-quests-fabric-2001.4.5.jar:?]
	at dev.ftb.mods.ftbquests.quest.ServerQuestFile.lambda$playerLoggedIn$5(ServerQuestFile.java:179) ~[ftb-quests-fabric-2001.4.5.jar:?]
	at dev.ftb.mods.ftbquests.quest.ServerQuestFile.withPlayerContext(ServerQuestFile.java:159) ~[ftb-quests-fabric-2001.4.5.jar:?]
	at dev.ftb.mods.ftbquests.quest.ServerQuestFile.playerLoggedIn(ServerQuestFile.java:179) ~[ftb-quests-fabric-2001.4.5.jar:?]
	at dev.ftb.mods.ftbquests.FTBQuestsEventHandler.playerLoggedIn(FTBQuestsEventHandler.java:104) ~[ftb-quests-fabric-2001.4.5.jar:?]
	at java.lang.invoke.MethodHandle.invokeWithArguments(MethodHandle.java:732) ~[?:?]
	at dev.architectury.event.EventFactory.invokeMethod(EventFactory.java:53) ~[architectury-9.2.14-fabric.jar:?]
	at dev.architectury.event.EventFactory$4.handleInvocation(EventFactory.java:125) ~[architectury-9.2.14-fabric.jar:?]
	at com.google.common.reflect.AbstractInvocationHandler.invoke(AbstractInvocationHandler.java:87) ~[guava-31.1-jre.jar:?]
	at jdk.proxy2.$Proxy202.accept(Unknown Source) ~[?:?]
	at dev.ftb.mods.ftbteams.data.TeamManagerImpl.playerLoggedIn(TeamManagerImpl.java:319) ~[ftb-teams-fabric-2001.3.0.jar:?]
	at dev.ftb.mods.ftbteams.FTBTeams.playerLoggedIn(FTBTeams.java:77) ~[ftb-teams-fabric-2001.3.0.jar:?]
	at java.lang.invoke.MethodHandle.invokeWithArguments(MethodHandle.java:732) ~[?:?]
	at dev.architectury.event.EventFactory.invokeMethod(EventFactory.java:53) ~[architectury-9.2.14-fabric.jar:?]
	at dev.architectury.event.EventFactory$1.handleInvocation(EventFactory.java:62) ~[architectury-9.2.14-fabric.jar:?]
	at com.google.common.reflect.AbstractInvocationHandler.invoke(AbstractInvocationHandler.java:87) ~[guava-31.1-jre.jar:?]
	at jdk.proxy2.$Proxy201.join(Unknown Source) ~[?:?]
	at net.minecraft.class_3324.handler$zjc000$architectury$placeNewPlayer(class_3324.java:2520) ~[server-intermediary.jar:?]
	at net.minecraft.class_3324.method_14570(class_3324.java:307) ~[server-intermediary.jar:?]
	at net.minecraft.class_3248.method_33800(class_3248.java:131) ~[server-intermediary.jar:?]
	at net.minecraft.class_3248.mdcaa83c$polymer-networking$lambda$polymerNet$prePlayHandshakeHackfest$0$0(class_3248.java:549) ~[server-intermediary.jar:?]
	at eu.pb4.polymer.networking.impl.EarlyConnectionMagic.lambda$handle$0(EarlyConnectionMagic.java:32) ~[polymer-networking-0.5.15+1.20.1-dc18d44a422d3193.jar:?]
	at eu.pb4.polymer.networking.api.EarlyPlayNetworkHandler.lambda$onKeepAlive$0(EarlyPlayNetworkHandler.java:108) ~[polymer-networking-0.5.15+1.20.1-dc18d44a422d3193.jar:?]
	at net.minecraft.class_3738.run(class_3738.java:18) ~[server-intermediary.jar:?]
	at net.minecraft.class_1255.method_18859(class_1255.java:156) ~[server-intermediary.jar:?]
	at net.minecraft.class_4093.method_18859(class_4093.java:23) ~[server-intermediary.jar:?]
	at net.minecraft.server.MinecraftServer.method_24306(MinecraftServer.java:782) ~[server-intermediary.jar:?]
	at net.minecraft.server.MinecraftServer.method_18859(MinecraftServer.java:164) ~[server-intermediary.jar:?]
	at net.minecraft.class_1255.method_16075(class_1255.java:130) ~[server-intermediary.jar:?]
	at net.minecraft.server.MinecraftServer.method_20415(MinecraftServer.java:764) ~[server-intermediary.jar:?]
	at net.minecraft.server.MinecraftServer.method_16075(MinecraftServer.java:758) ~[server-intermediary.jar:?]
	at net.minecraft.class_1255.method_18857(class_1255.java:139) ~[server-intermediary.jar:?]
	at net.minecraft.server.MinecraftServer.method_16208(MinecraftServer.java:743) ~[server-intermediary.jar:?]
	at net.minecraft.server.MinecraftServer.method_29741(MinecraftServer.java:675) ~[server-intermediary.jar:?]
	at net.minecraft.server.MinecraftServer.method_29739(MinecraftServer.java:265) ~[server-intermediary.jar:?]
	at java.lang.Thread.run(Thread.java:840) ~[?:?]
[00:32:11] [Server thread/ERROR]: Parsing error loading recipe smallships:bamboo_drakkar
com.google.gson.JsonSyntaxException: Unknown item 'minecraft:bamboo_boat'
	at net.minecraft.class_1869.method_17878(class_1869.java:272) ~[server-intermediary.jar:?]
	at java.util.Optional.orElseThrow(Optional.java:403) ~[?:?]
	at net.minecraft.class_1869.method_8155(class_1869.java:272) ~[server-intermediary.jar:?]
	at net.minecraft.class_1856.method_8107(class_1856.java:160) ~[server-intermediary.jar:?]
	at net.minecraft.class_1856.method_8102(class_1856.java:143) ~[server-intermediary.jar:?]
	at net.minecraft.class_1869.method_8157(class_1869.java:252) ~[server-intermediary.jar:?]
	at net.minecraft.class_1869$class_1870.method_8164(class_1869.java:285) ~[server-intermediary.jar:?]
	at net.minecraft.class_1869$class_1870.method_8121(class_1869.java:279) ~[server-intermediary.jar:?]
	at net.minecraft.class_1863.method_17720(class_1863.java:135) ~[server-intermediary.jar:?]
	at net.minecraft.class_1863.method_20705(class_1863.java:56) ~[server-intermediary.jar:?]
	at net.minecraft.class_1863.method_18788(class_1863.java:35) ~[server-intermediary.jar:?]
	at net.minecraft.class_4080.method_18790(class_4080.java:13) ~[server-intermediary.jar:?]
	at java.util.concurrent.CompletableFuture$UniAccept.tryFire(CompletableFuture.java:718) ~[?:?]
	at java.util.concurrent.CompletableFuture$Completion.run(CompletableFuture.java:482) ~[?:?]
	at net.minecraft.class_4014.method_18365(class_4014.java:69) ~[server-intermediary.jar:?]
	at net.minecraft.class_3738.run(class_3738.java:18) ~[server-intermediary.jar:?]
	at net.minecraft.class_1255.method_18859(class_1255.java:156) ~[server-intermediary.jar:?]
	at net.minecraft.class_4093.method_18859(class_4093.java:23) ~[server-intermediary.jar:?]
	at net.minecraft.server.MinecraftServer.method_24306(MinecraftServer.java:782) ~[server-intermediary.jar:?]
	at net.minecraft.server.MinecraftServer.method_18859(MinecraftServer.java:164) ~[server-intermediary.jar:?]
	at net.minecraft.class_1255.method_16075(class_1255.java:130) ~[server-intermediary.jar:?]
	at net.minecraft.server.MinecraftServer.method_20415(MinecraftServer.java:764) ~[server-intermediary.jar:?]
	at net.minecraft.server.MinecraftServer.method_16075(MinecraftServer.java:758) ~[server-intermediary.jar:?]
	at net.minecraft.class_1255.method_18857(class_1255.java:139) ~[server-intermediary.jar:?]
	at net.minecraft.server.MinecraftServer.method_29439(MinecraftServer.java:1345) ~[server-intermediary.jar:?]
	at net.minecraft.class_3097.method_29480(class_3097.java:22) ~[server-intermediary.jar:?]
	at net.minecraft.class_3097.method_13530(class_3097.java:53) ~[server-intermediary.jar:?]
	at com.mojang.brigadier.CommandDispatcher.execute(CommandDispatcher.java:264) ~[brigadier-1.1.8.jar:?]
	at net.minecraft.class_2158$class_2160.method_36318(class_2158.java:96) ~[server-intermediary.jar:?]
	at net.minecraft.class_2158$class_2160.method_9198(class_2158.java:90) ~[server-intermediary.jar:?]
	at net.minecraft.class_2991$class_2992.method_12914(class_2991.java:135) ~[server-intermediary.jar:?]
	at net.minecraft.class_2991$class_6345.method_36346(class_2991.java:210) ~[server-intermediary.jar:?]
	at net.minecraft.class_2991.method_36341(class_2991.java:85) ~[server-intermediary.jar:?]
	at net.minecraft.class_2991.method_12904(class_2991.java:69) ~[server-intermediary.jar:?]
	at net.minecraft.class_3062.method_13381(class_3062.java:46) ~[server-intermediary.jar:?]
	at net.minecraft.class_3062.method_13383(class_3062.java:35) ~[server-intermediary.jar:?]
	at com.mojang.brigadier.CommandDispatcher.execute(CommandDispatcher.java:264) ~[brigadier-1.1.8.jar:?]
	at net.minecraft.class_2170.redirect$zia000$architectury$performCommand(class_2170.java:1045) ~[server-intermediary.jar:?]
	at net.minecraft.class_2170.method_9249(class_2170.java:287) ~[server-intermediary.jar:?]
	at net.minecraft.class_2170.method_44252(class_2170.java:280) ~[server-intermediary.jar:?]
	at dev.ftb.mods.ftbquests.quest.reward.CommandReward.claim(CommandReward.java:104) ~[ftb-quests-fabric-2001.4.5.jar:?]
	at dev.ftb.mods.ftbquests.quest.TeamData.claimReward(TeamData.java:538) ~[ftb-quests-fabric-2001.4.5.jar:?]
	at dev.ftb.mods.ftbquests.quest.TeamData.checkAutoCompletion(TeamData.java:568) ~[ftb-quests-fabric-2001.4.5.jar:?]
	at dev.ftb.mods.ftbquests.quest.Quest.onCompleted(Quest.java:544) ~[ftb-quests-fabric-2001.4.5.jar:?]
	at dev.ftb.mods.ftbquests.quest.ServerQuestFile.lambda$playerLoggedIn$4(ServerQuestFile.java:185) ~[ftb-quests-fabric-2001.4.5.jar:?]
	at java.util.ArrayList.forEach(ArrayList.java:1511) ~[?:?]
	at java.util.Collections$UnmodifiableCollection.forEach(Collections.java:1093) ~[?:?]
	at dev.ftb.mods.ftbquests.quest.BaseQuestFile.lambda$forAllQuests$48(BaseQuestFile.java:1402) ~[ftb-quests-fabric-2001.4.5.jar:?]
	at java.util.ArrayList.forEach(ArrayList.java:1511) ~[?:?]
	at java.util.Collections$UnmodifiableCollection.forEach(Collections.java:1093) ~[?:?]
	at dev.ftb.mods.ftbquests.quest.BaseQuestFile.lambda$forAllChapters$47(BaseQuestFile.java:1397) ~[ftb-quests-fabric-2001.4.5.jar:?]
	at java.util.ArrayList.forEach(ArrayList.java:1511) ~[?:?]
	at dev.ftb.mods.ftbquests.quest.BaseQuestFile.forAllChapterGroups(BaseQuestFile.java:1392) ~[ftb-quests-fabric-2001.4.5.jar:?]
	at dev.ftb.mods.ftbquests.quest.BaseQuestFile.forAllChapters(BaseQuestFile.java:1397) ~[ftb-quests-fabric-2001.4.5.jar:?]
	at dev.ftb.mods.ftbquests.quest.BaseQuestFile.forAllQuests(BaseQuestFile.java:1402) ~[ftb-quests-fabric-2001.4.5.jar:?]
	at dev.ftb.mods.ftbquests.quest.ServerQuestFile.lambda$playerLoggedIn$5(ServerQuestFile.java:179) ~[ftb-quests-fabric-2001.4.5.jar:?]
	at dev.ftb.mods.ftbquests.quest.ServerQuestFile.withPlayerContext(ServerQuestFile.java:159) ~[ftb-quests-fabric-2001.4.5.jar:?]
	at dev.ftb.mods.ftbquests.quest.ServerQuestFile.playerLoggedIn(ServerQuestFile.java:179) ~[ftb-quests-fabric-2001.4.5.jar:?]
	at dev.ftb.mods.ftbquests.FTBQuestsEventHandler.playerLoggedIn(FTBQuestsEventHandler.java:104) ~[ftb-quests-fabric-2001.4.5.jar:?]
	at java.lang.invoke.MethodHandle.invokeWithArguments(MethodHandle.java:732) ~[?:?]
	at dev.architectury.event.EventFactory.invokeMethod(EventFactory.java:53) ~[architectury-9.2.14-fabric.jar:?]
	at dev.architectury.event.EventFactory$4.handleInvocation(EventFactory.java:125) ~[architectury-9.2.14-fabric.jar:?]
	at com.google.common.reflect.AbstractInvocationHandler.invoke(AbstractInvocationHandler.java:87) ~[guava-31.1-jre.jar:?]
	at jdk.proxy2.$Proxy202.accept(Unknown Source) ~[?:?]
	at dev.ftb.mods.ftbteams.data.TeamManagerImpl.playerLoggedIn(TeamManagerImpl.java:319) ~[ftb-teams-fabric-2001.3.0.jar:?]
	at dev.ftb.mods.ftbteams.FTBTeams.playerLoggedIn(FTBTeams.java:77) ~[ftb-teams-fabric-2001.3.0.jar:?]
	at java.lang.invoke.MethodHandle.invokeWithArguments(MethodHandle.java:732) ~[?:?]
	at dev.architectury.event.EventFactory.invokeMethod(EventFactory.java:53) ~[architectury-9.2.14-fabric.jar:?]
	at dev.architectury.event.EventFactory$1.handleInvocation(EventFactory.java:62) ~[architectury-9.2.14-fabric.jar:?]
	at com.google.common.reflect.AbstractInvocationHandler.invoke(AbstractInvocationHandler.java:87) ~[guava-31.1-jre.jar:?]
	at jdk.proxy2.$Proxy201.join(Unknown Source) ~[?:?]
	at net.minecraft.class_3324.handler$zjc000$architectury$placeNewPlayer(class_3324.java:2520) ~[server-intermediary.jar:?]
	at net.minecraft.class_3324.method_14570(class_3324.java:307) ~[server-intermediary.jar:?]
	at net.minecraft.class_3248.method_33800(class_3248.java:131) ~[server-intermediary.jar:?]
	at net.minecraft.class_3248.mdcaa83c$polymer-networking$lambda$polymerNet$prePlayHandshakeHackfest$0$0(class_3248.java:549) ~[server-intermediary.jar:?]
	at eu.pb4.polymer.networking.impl.EarlyConnectionMagic.lambda$handle$0(EarlyConnectionMagic.java:32) ~[polymer-networking-0.5.15+1.20.1-dc18d44a422d3193.jar:?]
	at eu.pb4.polymer.networking.api.EarlyPlayNetworkHandler.lambda$onKeepAlive$0(EarlyPlayNetworkHandler.java:108) ~[polymer-networking-0.5.15+1.20.1-dc18d44a422d3193.jar:?]
	at net.minecraft.class_3738.run(class_3738.java:18) ~[server-intermediary.jar:?]
	at net.minecraft.class_1255.method_18859(class_1255.java:156) ~[server-intermediary.jar:?]
	at net.minecraft.class_4093.method_18859(class_4093.java:23) ~[server-intermediary.jar:?]
	at net.minecraft.server.MinecraftServer.method_24306(MinecraftServer.java:782) ~[server-intermediary.jar:?]
	at net.minecraft.server.MinecraftServer.method_18859(MinecraftServer.java:164) ~[server-intermediary.jar:?]
	at net.minecraft.class_1255.method_16075(class_1255.java:130) ~[server-intermediary.jar:?]
	at net.minecraft.server.MinecraftServer.method_20415(MinecraftServer.java:764) ~[server-intermediary.jar:?]
	at net.minecraft.server.MinecraftServer.method_16075(MinecraftServer.java:758) ~[server-intermediary.jar:?]
	at net.minecraft.class_1255.method_18857(class_1255.java:139) ~[server-intermediary.jar:?]
	at net.minecraft.server.MinecraftServer.method_16208(MinecraftServer.java:743) ~[server-intermediary.jar:?]
	at net.minecraft.server.MinecraftServer.method_29741(MinecraftServer.java:675) ~[server-intermediary.jar:?]
	at net.minecraft.server.MinecraftServer.method_29739(MinecraftServer.java:265) ~[server-intermediary.jar:?]
	at java.lang.Thread.run(Thread.java:840) ~[?:?]
[00:32:11] [Server thread/ERROR]: Parsing error loading recipe dramaticdoors:tall_promenade_cherry_oak_door
com.google.gson.JsonSyntaxException: Unknown item 'promenade:cherry_oak_door'
	at net.minecraft.class_1869.method_17878(class_1869.java:272) ~[server-intermediary.jar:?]
	at java.util.Optional.orElseThrow(Optional.java:403) ~[?:?]
	at net.minecraft.class_1869.method_8155(class_1869.java:272) ~[server-intermediary.jar:?]
	at net.minecraft.class_1856.method_8107(class_1856.java:160) ~[server-intermediary.jar:?]
	at net.minecraft.class_1856.method_8102(class_1856.java:143) ~[server-intermediary.jar:?]
	at net.minecraft.class_1869.method_8157(class_1869.java:252) ~[server-intermediary.jar:?]
	at net.minecraft.class_1869$class_1870.method_8164(class_1869.java:285) ~[server-intermediary.jar:?]
	at net.minecraft.class_1869$class_1870.method_8121(class_1869.java:279) ~[server-intermediary.jar:?]
	at net.minecraft.class_1863.method_17720(class_1863.java:135) ~[server-intermediary.jar:?]
	at net.minecraft.class_1863.method_20705(class_1863.java:56) ~[server-intermediary.jar:?]
	at net.minecraft.class_1863.method_18788(class_1863.java:35) ~[server-intermediary.jar:?]
	at net.minecraft.class_4080.method_18790(class_4080.java:13) ~[server-intermediary.jar:?]
	at java.util.concurrent.CompletableFuture$UniAccept.tryFire(CompletableFuture.java:718) ~[?:?]
	at java.util.concurrent.CompletableFuture$Completion.run(CompletableFuture.java:482) ~[?:?]
	at net.minecraft.class_4014.method_18365(class_4014.java:69) ~[server-intermediary.jar:?]
	at net.minecraft.class_3738.run(class_3738.java:18) ~[server-intermediary.jar:?]
	at net.minecraft.class_1255.method_18859(class_1255.java:156) ~[server-intermediary.jar:?]
	at net.minecraft.class_4093.method_18859(class_4093.java:23) ~[server-intermediary.jar:?]
	at net.minecraft.server.MinecraftServer.method_24306(MinecraftServer.java:782) ~[server-intermediary.jar:?]
	at net.minecraft.server.MinecraftServer.method_18859(MinecraftServer.java:164) ~[server-intermediary.jar:?]
	at net.minecraft.class_1255.method_16075(class_1255.java:130) ~[server-intermediary.jar:?]
	at net.minecraft.server.MinecraftServer.method_20415(MinecraftServer.java:764) ~[server-intermediary.jar:?]
	at net.minecraft.server.MinecraftServer.method_16075(MinecraftServer.java:758) ~[server-intermediary.jar:?]
	at net.minecraft.class_1255.method_18857(class_1255.java:139) ~[server-intermediary.jar:?]
	at net.minecraft.server.MinecraftServer.method_29439(MinecraftServer.java:1345) ~[server-intermediary.jar:?]
	at net.minecraft.class_3097.method_29480(class_3097.java:22) ~[server-intermediary.jar:?]
	at net.minecraft.class_3097.method_13530(class_3097.java:53) ~[server-intermediary.jar:?]
	at com.mojang.brigadier.CommandDispatcher.execute(CommandDispatcher.java:264) ~[brigadier-1.1.8.jar:?]
	at net.minecraft.class_2158$class_2160.method_36318(class_2158.java:96) ~[server-intermediary.jar:?]
	at net.minecraft.class_2158$class_2160.method_9198(class_2158.java:90) ~[server-intermediary.jar:?]
	at net.minecraft.class_2991$class_2992.method_12914(class_2991.java:135) ~[server-intermediary.jar:?]
	at net.minecraft.class_2991$class_6345.method_36346(class_2991.java:210) ~[server-intermediary.jar:?]
	at net.minecraft.class_2991.method_36341(class_2991.java:85) ~[server-intermediary.jar:?]
	at net.minecraft.class_2991.method_12904(class_2991.java:69) ~[server-intermediary.jar:?]
	at net.minecraft.class_3062.method_13381(class_3062.java:46) ~[server-intermediary.jar:?]
	at net.minecraft.class_3062.method_13383(class_3062.java:35) ~[server-intermediary.jar:?]
	at com.mojang.brigadier.CommandDispatcher.execute(CommandDispatcher.java:264) ~[brigadier-1.1.8.jar:?]
	at net.minecraft.class_2170.redirect$zia000$architectury$performCommand(class_2170.java:1045) ~[server-intermediary.jar:?]
	at net.minecraft.class_2170.method_9249(class_2170.java:287) ~[server-intermediary.jar:?]
	at net.minecraft.class_2170.method_44252(class_2170.java:280) ~[server-intermediary.jar:?]
	at dev.ftb.mods.ftbquests.quest.reward.CommandReward.claim(CommandReward.java:104) ~[ftb-quests-fabric-2001.4.5.jar:?]
	at dev.ftb.mods.ftbquests.quest.TeamData.claimReward(TeamData.java:538) ~[ftb-quests-fabric-2001.4.5.jar:?]
	at dev.ftb.mods.ftbquests.quest.TeamData.checkAutoCompletion(TeamData.java:568) ~[ftb-quests-fabric-2001.4.5.jar:?]
	at dev.ftb.mods.ftbquests.quest.Quest.onCompleted(Quest.java:544) ~[ftb-quests-fabric-2001.4.5.jar:?]
	at dev.ftb.mods.ftbquests.quest.ServerQuestFile.lambda$playerLoggedIn$4(ServerQuestFile.java:185) ~[ftb-quests-fabric-2001.4.5.jar:?]
	at java.util.ArrayList.forEach(ArrayList.java:1511) ~[?:?]
	at java.util.Collections$UnmodifiableCollection.forEach(Collections.java:1093) ~[?:?]
	at dev.ftb.mods.ftbquests.quest.BaseQuestFile.lambda$forAllQuests$48(BaseQuestFile.java:1402) ~[ftb-quests-fabric-2001.4.5.jar:?]
	at java.util.ArrayList.forEach(ArrayList.java:1511) ~[?:?]
	at java.util.Collections$UnmodifiableCollection.forEach(Collections.java:1093) ~[?:?]
	at dev.ftb.mods.ftbquests.quest.BaseQuestFile.lambda$forAllChapters$47(BaseQuestFile.java:1397) ~[ftb-quests-fabric-2001.4.5.jar:?]
	at java.util.ArrayList.forEach(ArrayList.java:1511) ~[?:?]
	at dev.ftb.mods.ftbquests.quest.BaseQuestFile.forAllChapterGroups(BaseQuestFile.java:1392) ~[ftb-quests-fabric-2001.4.5.jar:?]
	at dev.ftb.mods.ftbquests.quest.BaseQuestFile.forAllChapters(BaseQuestFile.java:1397) ~[ftb-quests-fabric-2001.4.5.jar:?]
	at dev.ftb.mods.ftbquests.quest.BaseQuestFile.forAllQuests(BaseQuestFile.java:1402) ~[ftb-quests-fabric-2001.4.5.jar:?]
	at dev.ftb.mods.ftbquests.quest.ServerQuestFile.lambda$playerLoggedIn$5(ServerQuestFile.java:179) ~[ftb-quests-fabric-2001.4.5.jar:?]
	at dev.ftb.mods.ftbquests.quest.ServerQuestFile.withPlayerContext(ServerQuestFile.java:159) ~[ftb-quests-fabric-2001.4.5.jar:?]
	at dev.ftb.mods.ftbquests.quest.ServerQuestFile.playerLoggedIn(ServerQuestFile.java:179) ~[ftb-quests-fabric-2001.4.5.jar:?]
	at dev.ftb.mods.ftbquests.FTBQuestsEventHandler.playerLoggedIn(FTBQuestsEventHandler.java:104) ~[ftb-quests-fabric-2001.4.5.jar:?]
	at java.lang.invoke.MethodHandle.invokeWithArguments(MethodHandle.java:732) ~[?:?]
	at dev.architectury.event.EventFactory.invokeMethod(EventFactory.java:53) ~[architectury-9.2.14-fabric.jar:?]
	at dev.architectury.event.EventFactory$4.handleInvocation(EventFactory.java:125) ~[architectury-9.2.14-fabric.jar:?]
	at com.google.common.reflect.AbstractInvocationHandler.invoke(AbstractInvocationHandler.java:87) ~[guava-31.1-jre.jar:?]
	at jdk.proxy2.$Proxy202.accept(Unknown Source) ~[?:?]
	at dev.ftb.mods.ftbteams.data.TeamManagerImpl.playerLoggedIn(TeamManagerImpl.java:319) ~[ftb-teams-fabric-2001.3.0.jar:?]
	at dev.ftb.mods.ftbteams.FTBTeams.playerLoggedIn(FTBTeams.java:77) ~[ftb-teams-fabric-2001.3.0.jar:?]
	at java.lang.invoke.MethodHandle.invokeWithArguments(MethodHandle.java:732) ~[?:?]
	at dev.architectury.event.EventFactory.invokeMethod(EventFactory.java:53) ~[architectury-9.2.14-fabric.jar:?]
	at dev.architectury.event.EventFactory$1.handleInvocation(EventFactory.java:62) ~[architectury-9.2.14-fabric.jar:?]
	at com.google.common.reflect.AbstractInvocationHandler.invoke(AbstractInvocationHandler.java:87) ~[guava-31.1-jre.jar:?]
	at jdk.proxy2.$Proxy201.join(Unknown Source) ~[?:?]
	at net.minecraft.class_3324.handler$zjc000$architectury$placeNewPlayer(class_3324.java:2520) ~[server-intermediary.jar:?]
	at net.minecraft.class_3324.method_14570(class_3324.java:307) ~[server-intermediary.jar:?]
	at net.minecraft.class_3248.method_33800(class_3248.java:131) ~[server-intermediary.jar:?]
	at net.minecraft.class_3248.mdcaa83c$polymer-networking$lambda$polymerNet$prePlayHandshakeHackfest$0$0(class_3248.java:549) ~[server-intermediary.jar:?]
	at eu.pb4.polymer.networking.impl.EarlyConnectionMagic.lambda$handle$0(EarlyConnectionMagic.java:32) ~[polymer-networking-0.5.15+1.20.1-dc18d44a422d3193.jar:?]
	at eu.pb4.polymer.networking.api.EarlyPlayNetworkHandler.lambda$onKeepAlive$0(EarlyPlayNetworkHandler.java:108) ~[polymer-networking-0.5.15+1.20.1-dc18d44a422d3193.jar:?]
	at net.minecraft.class_3738.run(class_3738.java:18) ~[server-intermediary.jar:?]
	at net.minecraft.class_1255.method_18859(class_1255.java:156) ~[server-intermediary.jar:?]
	at net.minecraft.class_4093.method_18859(class_4093.java:23) ~[server-intermediary.jar:?]
	at net.minecraft.server.MinecraftServer.method_24306(MinecraftServer.java:782) ~[server-intermediary.jar:?]
	at net.minecraft.server.MinecraftServer.method_18859(MinecraftServer.java:164) ~[server-intermediary.jar:?]
	at net.minecraft.class_1255.method_16075(class_1255.java:130) ~[server-intermediary.jar:?]
	at net.minecraft.server.MinecraftServer.method_20415(MinecraftServer.java:764) ~[server-intermediary.jar:?]
	at net.minecraft.server.MinecraftServer.method_16075(MinecraftServer.java:758) ~[server-intermediary.jar:?]
	at net.minecraft.class_1255.method_18857(class_1255.java:139) ~[server-intermediary.jar:?]
	at net.minecraft.server.MinecraftServer.method_16208(MinecraftServer.java:743) ~[server-intermediary.jar:?]
	at net.minecraft.server.MinecraftServer.method_29741(MinecraftServer.java:675) ~[server-intermediary.jar:?]
	at net.minecraft.server.MinecraftServer.method_29739(MinecraftServer.java:265) ~[server-intermediary.jar:?]
	at java.lang.Thread.run(Thread.java:840) ~[?:?]
[00:32:11] [Server thread/ERROR]: Parsing error loading recipe knavesneeds:betternether/cincinnasite_diamond/spear
com.google.gson.JsonSyntaxException: Unknown item 'betterend:cincinnasite_diamond_upgrade_smithing_template'
	at net.minecraft.class_1869.method_17878(class_1869.java:272) ~[server-intermediary.jar:?]
	at java.util.Optional.orElseThrow(Optional.java:403) ~[?:?]
	at net.minecraft.class_1869.method_8155(class_1869.java:272) ~[server-intermediary.jar:?]
	at net.minecraft.class_1856.method_8107(class_1856.java:160) ~[server-intermediary.jar:?]
	at net.minecraft.class_1856.method_8102(class_1856.java:143) ~[server-intermediary.jar:?]
	at net.minecraft.class_1856.method_52177(class_1856.java:135) ~[server-intermediary.jar:?]
	at net.minecraft.class_8060$class_8061.method_48455(class_8060.java:87) ~[server-intermediary.jar:?]
	at net.minecraft.class_8060$class_8061.method_8121(class_8060.java:84) ~[server-intermediary.jar:?]
	at net.minecraft.class_1863.method_17720(class_1863.java:135) ~[server-intermediary.jar:?]
	at net.minecraft.class_1863.method_20705(class_1863.java:56) ~[server-intermediary.jar:?]
	at net.minecraft.class_1863.method_18788(class_1863.java:35) ~[server-intermediary.jar:?]
	at net.minecraft.class_4080.method_18790(class_4080.java:13) ~[server-intermediary.jar:?]
	at java.util.concurrent.CompletableFuture$UniAccept.tryFire(CompletableFuture.java:718) ~[?:?]
	at java.util.concurrent.CompletableFuture$Completion.run(CompletableFuture.java:482) ~[?:?]
	at net.minecraft.class_4014.method_18365(class_4014.java:69) ~[server-intermediary.jar:?]
	at net.minecraft.class_3738.run(class_3738.java:18) ~[server-intermediary.jar:?]
	at net.minecraft.class_1255.method_18859(class_1255.java:156) ~[server-intermediary.jar:?]
	at net.minecraft.class_4093.method_18859(class_4093.java:23) ~[server-intermediary.jar:?]
	at net.minecraft.server.MinecraftServer.method_24306(MinecraftServer.java:782) ~[server-intermediary.jar:?]
	at net.minecraft.server.MinecraftServer.method_18859(MinecraftServer.java:164) ~[server-intermediary.jar:?]
	at net.minecraft.class_1255.method_16075(class_1255.java:130) ~[server-intermediary.jar:?]
	at net.minecraft.server.MinecraftServer.method_20415(MinecraftServer.java:764) ~[server-intermediary.jar:?]
	at net.minecraft.server.MinecraftServer.method_16075(MinecraftServer.java:758) ~[server-intermediary.jar:?]
	at net.minecraft.class_1255.method_18857(class_1255.java:139) ~[server-intermediary.jar:?]
	at net.minecraft.server.MinecraftServer.method_29439(MinecraftServer.java:1345) ~[server-intermediary.jar:?]
	at net.minecraft.class_3097.method_29480(class_3097.java:22) ~[server-intermediary.jar:?]
	at net.minecraft.class_3097.method_13530(class_3097.java:53) ~[server-intermediary.jar:?]
	at com.mojang.brigadier.CommandDispatcher.execute(CommandDispatcher.java:264) ~[brigadier-1.1.8.jar:?]
	at net.minecraft.class_2158$class_2160.method_36318(class_2158.java:96) ~[server-intermediary.jar:?]
	at net.minecraft.class_2158$class_2160.method_9198(class_2158.java:90) ~[server-intermediary.jar:?]
	at net.minecraft.class_2991$class_2992.method_12914(class_2991.java:135) ~[server-intermediary.jar:?]
	at net.minecraft.class_2991$class_6345.method_36346(class_2991.java:210) ~[server-intermediary.jar:?]
	at net.minecraft.class_2991.method_36341(class_2991.java:85) ~[server-intermediary.jar:?]
	at net.minecraft.class_2991.method_12904(class_2991.java:69) ~[server-intermediary.jar:?]
	at net.minecraft.class_3062.method_13381(class_3062.java:46) ~[server-intermediary.jar:?]
	at net.minecraft.class_3062.method_13383(class_3062.java:35) ~[server-intermediary.jar:?]
	at com.mojang.brigadier.CommandDispatcher.execute(CommandDispatcher.java:264) ~[brigadier-1.1.8.jar:?]
	at net.minecraft.class_2170.redirect$zia000$architectury$performCommand(class_2170.java:1045) ~[server-intermediary.jar:?]
	at net.minecraft.class_2170.method_9249(class_2170.java:287) ~[server-intermediary.jar:?]
	at net.minecraft.class_2170.method_44252(class_2170.java:280) ~[server-intermediary.jar:?]
	at dev.ftb.mods.ftbquests.quest.reward.CommandReward.claim(CommandReward.java:104) ~[ftb-quests-fabric-2001.4.5.jar:?]
	at dev.ftb.mods.ftbquests.quest.TeamData.claimReward(TeamData.java:538) ~[ftb-quests-fabric-2001.4.5.jar:?]
	at dev.ftb.mods.ftbquests.quest.TeamData.checkAutoCompletion(TeamData.java:568) ~[ftb-quests-fabric-2001.4.5.jar:?]
	at dev.ftb.mods.ftbquests.quest.Quest.onCompleted(Quest.java:544) ~[ftb-quests-fabric-2001.4.5.jar:?]
	at dev.ftb.mods.ftbquests.quest.ServerQuestFile.lambda$playerLoggedIn$4(ServerQuestFile.java:185) ~[ftb-quests-fabric-2001.4.5.jar:?]
	at java.util.ArrayList.forEach(ArrayList.java:1511) ~[?:?]
	at java.util.Collections$UnmodifiableCollection.forEach(Collections.java:1093) ~[?:?]
	at dev.ftb.mods.ftbquests.quest.BaseQuestFile.lambda$forAllQuests$48(BaseQuestFile.java:1402) ~[ftb-quests-fabric-2001.4.5.jar:?]
	at java.util.ArrayList.forEach(ArrayList.java:1511) ~[?:?]
	at java.util.Collections$UnmodifiableCollection.forEach(Collections.java:1093) ~[?:?]
	at dev.ftb.mods.ftbquests.quest.BaseQuestFile.lambda$forAllChapters$47(BaseQuestFile.java:1397) ~[ftb-quests-fabric-2001.4.5.jar:?]
	at java.util.ArrayList.forEach(ArrayList.java:1511) ~[?:?]
	at dev.ftb.mods.ftbquests.quest.BaseQuestFile.forAllChapterGroups(BaseQuestFile.java:1392) ~[ftb-quests-fabric-2001.4.5.jar:?]
	at dev.ftb.mods.ftbquests.quest.BaseQuestFile.forAllChapters(BaseQuestFile.java:1397) ~[ftb-quests-fabric-2001.4.5.jar:?]
	at dev.ftb.mods.ftbquests.quest.BaseQuestFile.forAllQuests(BaseQuestFile.java:1402) ~[ftb-quests-fabric-2001.4.5.jar:?]
	at dev.ftb.mods.ftbquests.quest.ServerQuestFile.lambda$playerLoggedIn$5(ServerQuestFile.java:179) ~[ftb-quests-fabric-2001.4.5.jar:?]
	at dev.ftb.mods.ftbquests.quest.ServerQuestFile.withPlayerContext(ServerQuestFile.java:159) ~[ftb-quests-fabric-2001.4.5.jar:?]
	at dev.ftb.mods.ftbquests.quest.ServerQuestFile.playerLoggedIn(ServerQuestFile.java:179) ~[ftb-quests-fabric-2001.4.5.jar:?]
	at dev.ftb.mods.ftbquests.FTBQuestsEventHandler.playerLoggedIn(FTBQuestsEventHandler.java:104) ~[ftb-quests-fabric-2001.4.5.jar:?]
	at java.lang.invoke.MethodHandle.invokeWithArguments(MethodHandle.java:732) ~[?:?]
	at dev.architectury.event.EventFactory.invokeMethod(EventFactory.java:53) ~[architectury-9.2.14-fabric.jar:?]
	at dev.architectury.event.EventFactory$4.handleInvocation(EventFactory.java:125) ~[architectury-9.2.14-fabric.jar:?]
	at com.google.common.reflect.AbstractInvocationHandler.invoke(AbstractInvocationHandler.java:87) ~[guava-31.1-jre.jar:?]
	at jdk.proxy2.$Proxy202.accept(Unknown Source) ~[?:?]
	at dev.ftb.mods.ftbteams.data.TeamManagerImpl.playerLoggedIn(TeamManagerImpl.java:319) ~[ftb-teams-fabric-2001.3.0.jar:?]
	at dev.ftb.mods.ftbteams.FTBTeams.playerLoggedIn(FTBTeams.java:77) ~[ftb-teams-fabric-2001.3.0.jar:?]
	at java.lang.invoke.MethodHandle.invokeWithArguments(MethodHandle.java:732) ~[?:?]
	at dev.architectury.event.EventFactory.invokeMethod(EventFactory.java:53) ~[architectury-9.2.14-fabric.jar:?]
	at dev.architectury.event.EventFactory$1.handleInvocation(EventFactory.java:62) ~[architectury-9.2.14-fabric.jar:?]
	at com.google.common.reflect.AbstractInvocationHandler.invoke(AbstractInvocationHandler.java:87) ~[guava-31.1-jre.jar:?]
	at jdk.proxy2.$Proxy201.join(Unknown Source) ~[?:?]
	at net.minecraft.class_3324.handler$zjc000$architectury$placeNewPlayer(class_3324.java:2520) ~[server-intermediary.jar:?]
	at net.minecraft.class_3324.method_14570(class_3324.java:307) ~[server-intermediary.jar:?]
	at net.minecraft.class_3248.method_33800(class_3248.java:131) ~[server-intermediary.jar:?]
	at net.minecraft.class_3248.mdcaa83c$polymer-networking$lambda$polymerNet$prePlayHandshakeHackfest$0$0(class_3248.java:549) ~[server-intermediary.jar:?]
	at eu.pb4.polymer.networking.impl.EarlyConnectionMagic.lambda$handle$0(EarlyConnectionMagic.java:32) ~[polymer-networking-0.5.15+1.20.1-dc18d44a422d3193.jar:?]
	at eu.pb4.polymer.networking.api.EarlyPlayNetworkHandler.lambda$onKeepAlive$0(EarlyPlayNetworkHandler.java:108) ~[polymer-networking-0.5.15+1.20.1-dc18d44a422d3193.jar:?]
	at net.minecraft.class_3738.run(class_3738.java:18) ~[server-intermediary.jar:?]
	at net.minecraft.class_1255.method_18859(class_1255.java:156) ~[server-intermediary.jar:?]
	at net.minecraft.class_4093.method_18859(class_4093.java:23) ~[server-intermediary.jar:?]
	at net.minecraft.server.MinecraftServer.method_24306(MinecraftServer.java:782) ~[server-intermediary.jar:?]
	at net.minecraft.server.MinecraftServer.method_18859(MinecraftServer.java:164) ~[server-intermediary.jar:?]
	at net.minecraft.class_1255.method_16075(class_1255.java:130) ~[server-intermediary.jar:?]
	at net.minecraft.server.MinecraftServer.method_20415(MinecraftServer.java:764) ~[server-intermediary.jar:?]
	at net.minecraft.server.MinecraftServer.method_16075(MinecraftServer.java:758) ~[server-intermediary.jar:?]
	at net.minecraft.class_1255.method_18857(class_1255.java:139) ~[server-intermediary.jar:?]
	at net.minecraft.server.MinecraftServer.method_16208(MinecraftServer.java:743) ~[server-intermediary.jar:?]
	at net.minecraft.server.MinecraftServer.method_29741(MinecraftServer.java:675) ~[server-intermediary.jar:?]
	at net.minecraft.server.MinecraftServer.method_29739(MinecraftServer.java:265) ~[server-intermediary.jar:?]
	at java.lang.Thread.run(Thread.java:840) ~[?:?]
[00:32:11] [Server thread/ERROR]: Parsing error loading recipe knavesneeds:betternether/cincinnasite_diamond/longsword
com.google.gson.JsonSyntaxException: Unknown item 'betterend:cincinnasite_diamond_upgrade_smithing_template'
	at net.minecraft.class_1869.method_17878(class_1869.java:272) ~[server-intermediary.jar:?]
	at java.util.Optional.orElseThrow(Optional.java:403) ~[?:?]
	at net.minecraft.class_1869.method_8155(class_1869.java:272) ~[server-intermediary.jar:?]
	at net.minecraft.class_1856.method_8107(class_1856.java:160) ~[server-intermediary.jar:?]
	at net.minecraft.class_1856.method_8102(class_1856.java:143) ~[server-intermediary.jar:?]
	at net.minecraft.class_1856.method_52177(class_1856.java:135) ~[server-intermediary.jar:?]
	at net.minecraft.class_8060$class_8061.method_48455(class_8060.java:87) ~[server-intermediary.jar:?]
	at net.minecraft.class_8060$class_8061.method_8121(class_8060.java:84) ~[server-intermediary.jar:?]
	at net.minecraft.class_1863.method_17720(class_1863.java:135) ~[server-intermediary.jar:?]
	at net.minecraft.class_1863.method_20705(class_1863.java:56) ~[server-intermediary.jar:?]
	at net.minecraft.class_1863.method_18788(class_1863.java:35) ~[server-intermediary.jar:?]
	at net.minecraft.class_4080.method_18790(class_4080.java:13) ~[server-intermediary.jar:?]
	at java.util.concurrent.CompletableFuture$UniAccept.tryFire(CompletableFuture.java:718) ~[?:?]
	at java.util.concurrent.CompletableFuture$Completion.run(CompletableFuture.java:482) ~[?:?]
	at net.minecraft.class_4014.method_18365(class_4014.java:69) ~[server-intermediary.jar:?]
	at net.minecraft.class_3738.run(class_3738.java:18) ~[server-intermediary.jar:?]
	at net.minecraft.class_1255.method_18859(class_1255.java:156) ~[server-intermediary.jar:?]
	at net.minecraft.class_4093.method_18859(class_4093.java:23) ~[server-intermediary.jar:?]
	at net.minecraft.server.MinecraftServer.method_24306(MinecraftServer.java:782) ~[server-intermediary.jar:?]
	at net.minecraft.server.MinecraftServer.method_18859(MinecraftServer.java:164) ~[server-intermediary.jar:?]
	at net.minecraft.class_1255.method_16075(class_1255.java:130) ~[server-intermediary.jar:?]
	at net.minecraft.server.MinecraftServer.method_20415(MinecraftServer.java:764) ~[server-intermediary.jar:?]
	at net.minecraft.server.MinecraftServer.method_16075(MinecraftServer.java:758) ~[server-intermediary.jar:?]
	at net.minecraft.class_1255.method_18857(class_1255.java:139) ~[server-intermediary.jar:?]
	at net.minecraft.server.MinecraftServer.method_29439(MinecraftServer.java:1345) ~[server-intermediary.jar:?]
	at net.minecraft.class_3097.method_29480(class_3097.java:22) ~[server-intermediary.jar:?]
	at net.minecraft.class_3097.method_13530(class_3097.java:53) ~[server-intermediary.jar:?]
	at com.mojang.brigadier.CommandDispatcher.execute(CommandDispatcher.java:264) ~[brigadier-1.1.8.jar:?]
	at net.minecraft.class_2158$class_2160.method_36318(class_2158.java:96) ~[server-intermediary.jar:?]
	at net.minecraft.class_2158$class_2160.method_9198(class_2158.java:90) ~[server-intermediary.jar:?]
	at net.minecraft.class_2991$class_2992.method_12914(class_2991.java:135) ~[server-intermediary.jar:?]
	at net.minecraft.class_2991$class_6345.method_36346(class_2991.java:210) ~[server-intermediary.jar:?]
	at net.minecraft.class_2991.method_36341(class_2991.java:85) ~[server-intermediary.jar:?]
	at net.minecraft.class_2991.method_12904(class_2991.java:69) ~[server-intermediary.jar:?]
	at net.minecraft.class_3062.method_13381(class_3062.java:46) ~[server-intermediary.jar:?]
	at net.minecraft.class_3062.method_13383(class_3062.java:35) ~[server-intermediary.jar:?]
	at com.mojang.brigadier.CommandDispatcher.execute(CommandDispatcher.java:264) ~[brigadier-1.1.8.jar:?]
	at net.minecraft.class_2170.redirect$zia000$architectury$performCommand(class_2170.java:1045) ~[server-intermediary.jar:?]
	at net.minecraft.class_2170.method_9249(class_2170.java:287) ~[server-intermediary.jar:?]
	at net.minecraft.class_2170.method_44252(class_2170.java:280) ~[server-intermediary.jar:?]
	at dev.ftb.mods.ftbquests.quest.reward.CommandReward.claim(CommandReward.java:104) ~[ftb-quests-fabric-2001.4.5.jar:?]
	at dev.ftb.mods.ftbquests.quest.TeamData.claimReward(TeamData.java:538) ~[ftb-quests-fabric-2001.4.5.jar:?]
	at dev.ftb.mods.ftbquests.quest.TeamData.checkAutoCompletion(TeamData.java:568) ~[ftb-quests-fabric-2001.4.5.jar:?]
	at dev.ftb.mods.ftbquests.quest.Quest.onCompleted(Quest.java:544) ~[ftb-quests-fabric-2001.4.5.jar:?]
	at dev.ftb.mods.ftbquests.quest.ServerQuestFile.lambda$playerLoggedIn$4(ServerQuestFile.java:185) ~[ftb-quests-fabric-2001.4.5.jar:?]
	at java.util.ArrayList.forEach(ArrayList.java:1511) ~[?:?]
	at java.util.Collections$UnmodifiableCollection.forEach(Collections.java:1093) ~[?:?]
	at dev.ftb.mods.ftbquests.quest.BaseQuestFile.lambda$forAllQuests$48(BaseQuestFile.java:1402) ~[ftb-quests-fabric-2001.4.5.jar:?]
	at java.util.ArrayList.forEach(ArrayList.java:1511) ~[?:?]
	at java.util.Collections$UnmodifiableCollection.forEach(Collections.java:1093) ~[?:?]
	at dev.ftb.mods.ftbquests.quest.BaseQuestFile.lambda$forAllChapters$47(BaseQuestFile.java:1397) ~[ftb-quests-fabric-2001.4.5.jar:?]
	at java.util.ArrayList.forEach(ArrayList.java:1511) ~[?:?]
	at dev.ftb.mods.ftbquests.quest.BaseQuestFile.forAllChapterGroups(BaseQuestFile.java:1392) ~[ftb-quests-fabric-2001.4.5.jar:?]
	at dev.ftb.mods.ftbquests.quest.BaseQuestFile.forAllChapters(BaseQuestFile.java:1397) ~[ftb-quests-fabric-2001.4.5.jar:?]
	at dev.ftb.mods.ftbquests.quest.BaseQuestFile.forAllQuests(BaseQuestFile.java:1402) ~[ftb-quests-fabric-2001.4.5.jar:?]
	at dev.ftb.mods.ftbquests.quest.ServerQuestFile.lambda$playerLoggedIn$5(ServerQuestFile.java:179) ~[ftb-quests-fabric-2001.4.5.jar:?]
	at dev.ftb.mods.ftbquests.quest.ServerQuestFile.withPlayerContext(ServerQuestFile.java:159) ~[ftb-quests-fabric-2001.4.5.jar:?]
	at dev.ftb.mods.ftbquests.quest.ServerQuestFile.playerLoggedIn(ServerQuestFile.java:179) ~[ftb-quests-fabric-2001.4.5.jar:?]
	at dev.ftb.mods.ftbquests.FTBQuestsEventHandler.playerLoggedIn(FTBQuestsEventHandler.java:104) ~[ftb-quests-fabric-2001.4.5.jar:?]
	at java.lang.invoke.MethodHandle.invokeWithArguments(MethodHandle.java:732) ~[?:?]
	at dev.architectury.event.EventFactory.invokeMethod(EventFactory.java:53) ~[architectury-9.2.14-fabric.jar:?]
	at dev.architectury.event.EventFactory$4.handleInvocation(EventFactory.java:125) ~[architectury-9.2.14-fabric.jar:?]
	at com.google.common.reflect.AbstractInvocationHandler.invoke(AbstractInvocationHandler.java:87) ~[guava-31.1-jre.jar:?]
	at jdk.proxy2.$Proxy202.accept(Unknown Source) ~[?:?]
	at dev.ftb.mods.ftbteams.data.TeamManagerImpl.playerLoggedIn(TeamManagerImpl.java:319) ~[ftb-teams-fabric-2001.3.0.jar:?]
	at dev.ftb.mods.ftbteams.FTBTeams.playerLoggedIn(FTBTeams.java:77) ~[ftb-teams-fabric-2001.3.0.jar:?]
	at java.lang.invoke.MethodHandle.invokeWithArguments(MethodHandle.java:732) ~[?:?]
	at dev.architectury.event.EventFactory.invokeMethod(EventFactory.java:53) ~[architectury-9.2.14-fabric.jar:?]
	at dev.architectury.event.EventFactory$1.handleInvocation(EventFactory.java:62) ~[architectury-9.2.14-fabric.jar:?]
	at com.google.common.reflect.AbstractInvocationHandler.invoke(AbstractInvocationHandler.java:87) ~[guava-31.1-jre.jar:?]
	at jdk.proxy2.$Proxy201.join(Unknown Source) ~[?:?]
	at net.minecraft.class_3324.handler$zjc000$architectury$placeNewPlayer(class_3324.java:2520) ~[server-intermediary.jar:?]
	at net.minecraft.class_3324.method_14570(class_3324.java:307) ~[server-intermediary.jar:?]
	at net.minecraft.class_3248.method_33800(class_3248.java:131) ~[server-intermediary.jar:?]
	at net.minecraft.class_3248.mdcaa83c$polymer-networking$lambda$polymerNet$prePlayHandshakeHackfest$0$0(class_3248.java:549) ~[server-intermediary.jar:?]
	at eu.pb4.polymer.networking.impl.EarlyConnectionMagic.lambda$handle$0(EarlyConnectionMagic.java:32) ~[polymer-networking-0.5.15+1.20.1-dc18d44a422d3193.jar:?]
	at eu.pb4.polymer.networking.api.EarlyPlayNetworkHandler.lambda$onKeepAlive$0(EarlyPlayNetworkHandler.java:108) ~[polymer-networking-0.5.15+1.20.1-dc18d44a422d3193.jar:?]
	at net.minecraft.class_3738.run(class_3738.java:18) ~[server-intermediary.jar:?]
	at net.minecraft.class_1255.method_18859(class_1255.java:156) ~[server-intermediary.jar:?]
	at net.minecraft.class_4093.method_18859(class_4093.java:23) ~[server-intermediary.jar:?]
	at net.minecraft.server.MinecraftServer.method_24306(MinecraftServer.java:782) ~[server-intermediary.jar:?]
	at net.minecraft.server.MinecraftServer.method_18859(MinecraftServer.java:164) ~[server-intermediary.jar:?]
	at net.minecraft.class_1255.method_16075(class_1255.java:130) ~[server-intermediary.jar:?]
	at net.minecraft.server.MinecraftServer.method_20415(MinecraftServer.java:764) ~[server-intermediary.jar:?]
	at net.minecraft.server.MinecraftServer.method_16075(MinecraftServer.java:758) ~[server-intermediary.jar:?]
	at net.minecraft.class_1255.method_18857(class_1255.java:139) ~[server-intermediary.jar:?]
	at net.minecraft.server.MinecraftServer.method_16208(MinecraftServer.java:743) ~[server-intermediary.jar:?]
	at net.minecraft.server.MinecraftServer.method_29741(MinecraftServer.java:675) ~[server-intermediary.jar:?]
	at net.minecraft.server.MinecraftServer.method_29739(MinecraftServer.java:265) ~[server-intermediary.jar:?]
	at java.lang.Thread.run(Thread.java:840) ~[?:?]
[00:32:11] [Server thread/ERROR]: Parsing error loading recipe knavesneeds:betternether/cincinnasite_diamond/warglaive
com.google.gson.JsonSyntaxException: Unknown item 'betterend:cincinnasite_diamond_upgrade_smithing_template'
	at net.minecraft.class_1869.method_17878(class_1869.java:272) ~[server-intermediary.jar:?]
	at java.util.Optional.orElseThrow(Optional.java:403) ~[?:?]
	at net.minecraft.class_1869.method_8155(class_1869.java:272) ~[server-intermediary.jar:?]
	at net.minecraft.class_1856.method_8107(class_1856.java:160) ~[server-intermediary.jar:?]
	at net.minecraft.class_1856.method_8102(class_1856.java:143) ~[server-intermediary.jar:?]
	at net.minecraft.class_1856.method_52177(class_1856.java:135) ~[server-intermediary.jar:?]
	at net.minecraft.class_8060$class_8061.method_48455(class_8060.java:87) ~[server-intermediary.jar:?]
	at net.minecraft.class_8060$class_8061.method_8121(class_8060.java:84) ~[server-intermediary.jar:?]
	at net.minecraft.class_1863.method_17720(class_1863.java:135) ~[server-intermediary.jar:?]
	at net.minecraft.class_1863.method_20705(class_1863.java:56) ~[server-intermediary.jar:?]
	at net.minecraft.class_1863.method_18788(class_1863.java:35) ~[server-intermediary.jar:?]
	at net.minecraft.class_4080.method_18790(class_4080.java:13) ~[server-intermediary.jar:?]
	at java.util.concurrent.CompletableFuture$UniAccept.tryFire(CompletableFuture.java:718) ~[?:?]
	at java.util.concurrent.CompletableFuture$Completion.run(CompletableFuture.java:482) ~[?:?]
	at net.minecraft.class_4014.method_18365(class_4014.java:69) ~[server-intermediary.jar:?]
	at net.minecraft.class_3738.run(class_3738.java:18) ~[server-intermediary.jar:?]
	at net.minecraft.class_1255.method_18859(class_1255.java:156) ~[server-intermediary.jar:?]
	at net.minecraft.class_4093.method_18859(class_4093.java:23) ~[server-intermediary.jar:?]
	at net.minecraft.server.MinecraftServer.method_24306(MinecraftServer.java:782) ~[server-intermediary.jar:?]
	at net.minecraft.server.MinecraftServer.method_18859(MinecraftServer.java:164) ~[server-intermediary.jar:?]
	at net.minecraft.class_1255.method_16075(class_1255.java:130) ~[server-intermediary.jar:?]
	at net.minecraft.server.MinecraftServer.method_20415(MinecraftServer.java:764) ~[server-intermediary.jar:?]
	at net.minecraft.server.MinecraftServer.method_16075(MinecraftServer.java:758) ~[server-intermediary.jar:?]
	at net.minecraft.class_1255.method_18857(class_1255.java:139) ~[server-intermediary.jar:?]
	at net.minecraft.server.MinecraftServer.method_29439(MinecraftServer.java:1345) ~[server-intermediary.jar:?]
	at net.minecraft.class_3097.method_29480(class_3097.java:22) ~[server-intermediary.jar:?]
	at net.minecraft.class_3097.method_13530(class_3097.java:53) ~[server-intermediary.jar:?]
	at com.mojang.brigadier.CommandDispatcher.execute(CommandDispatcher.java:264) ~[brigadier-1.1.8.jar:?]
	at net.minecraft.class_2158$class_2160.method_36318(class_2158.java:96) ~[server-intermediary.jar:?]
	at net.minecraft.class_2158$class_2160.method_9198(class_2158.java:90) ~[server-intermediary.jar:?]
	at net.minecraft.class_2991$class_2992.method_12914(class_2991.java:135) ~[server-intermediary.jar:?]
	at net.minecraft.class_2991$class_6345.method_36346(class_2991.java:210) ~[server-intermediary.jar:?]
	at net.minecraft.class_2991.method_36341(class_2991.java:85) ~[server-intermediary.jar:?]
	at net.minecraft.class_2991.method_12904(class_2991.java:69) ~[server-intermediary.jar:?]
	at net.minecraft.class_3062.method_13381(class_3062.java:46) ~[server-intermediary.jar:?]
	at net.minecraft.class_3062.method_13383(class_3062.java:35) ~[server-intermediary.jar:?]
	at com.mojang.brigadier.CommandDispatcher.execute(CommandDispatcher.java:264) ~[brigadier-1.1.8.jar:?]
	at net.minecraft.class_2170.redirect$zia000$architectury$performCommand(class_2170.java:1045) ~[server-intermediary.jar:?]
	at net.minecraft.class_2170.method_9249(class_2170.java:287) ~[server-intermediary.jar:?]
	at net.minecraft.class_2170.method_44252(class_2170.java:280) ~[server-intermediary.jar:?]
	at dev.ftb.mods.ftbquests.quest.reward.CommandReward.claim(CommandReward.java:104) ~[ftb-quests-fabric-2001.4.5.jar:?]
	at dev.ftb.mods.ftbquests.quest.TeamData.claimReward(TeamData.java:538) ~[ftb-quests-fabric-2001.4.5.jar:?]
	at dev.ftb.mods.ftbquests.quest.TeamData.checkAutoCompletion(TeamData.java:568) ~[ftb-quests-fabric-2001.4.5.jar:?]
	at dev.ftb.mods.ftbquests.quest.Quest.onCompleted(Quest.java:544) ~[ftb-quests-fabric-2001.4.5.jar:?]
	at dev.ftb.mods.ftbquests.quest.ServerQuestFile.lambda$playerLoggedIn$4(ServerQuestFile.java:185) ~[ftb-quests-fabric-2001.4.5.jar:?]
	at java.util.ArrayList.forEach(ArrayList.java:1511) ~[?:?]
	at java.util.Collections$UnmodifiableCollection.forEach(Collections.java:1093) ~[?:?]
	at dev.ftb.mods.ftbquests.quest.BaseQuestFile.lambda$forAllQuests$48(BaseQuestFile.java:1402) ~[ftb-quests-fabric-2001.4.5.jar:?]
	at java.util.ArrayList.forEach(ArrayList.java:1511) ~[?:?]
	at java.util.Collections$UnmodifiableCollection.forEach(Collections.java:1093) ~[?:?]
	at dev.ftb.mods.ftbquests.quest.BaseQuestFile.lambda$forAllChapters$47(BaseQuestFile.java:1397) ~[ftb-quests-fabric-2001.4.5.jar:?]
	at java.util.ArrayList.forEach(ArrayList.java:1511) ~[?:?]
	at dev.ftb.mods.ftbquests.quest.BaseQuestFile.forAllChapterGroups(BaseQuestFile.java:1392) ~[ftb-quests-fabric-2001.4.5.jar:?]
	at dev.ftb.mods.ftbquests.quest.BaseQuestFile.forAllChapters(BaseQuestFile.java:1397) ~[ftb-quests-fabric-2001.4.5.jar:?]
	at dev.ftb.mods.ftbquests.quest.BaseQuestFile.forAllQuests(BaseQuestFile.java:1402) ~[ftb-quests-fabric-2001.4.5.jar:?]
	at dev.ftb.mods.ftbquests.quest.ServerQuestFile.lambda$playerLoggedIn$5(ServerQuestFile.java:179) ~[ftb-quests-fabric-2001.4.5.jar:?]
	at dev.ftb.mods.ftbquests.quest.ServerQuestFile.withPlayerContext(ServerQuestFile.java:159) ~[ftb-quests-fabric-2001.4.5.jar:?]
	at dev.ftb.mods.ftbquests.quest.ServerQuestFile.playerLoggedIn(ServerQuestFile.java:179) ~[ftb-quests-fabric-2001.4.5.jar:?]
	at dev.ftb.mods.ftbquests.FTBQuestsEventHandler.playerLoggedIn(FTBQuestsEventHandler.java:104) ~[ftb-quests-fabric-2001.4.5.jar:?]
	at java.lang.invoke.MethodHandle.invokeWithArguments(MethodHandle.java:732) ~[?:?]
	at dev.architectury.event.EventFactory.invokeMethod(EventFactory.java:53) ~[architectury-9.2.14-fabric.jar:?]
	at dev.architectury.event.EventFactory$4.handleInvocation(EventFactory.java:125) ~[architectury-9.2.14-fabric.jar:?]
	at com.google.common.reflect.AbstractInvocationHandler.invoke(AbstractInvocationHandler.java:87) ~[guava-31.1-jre.jar:?]
	at jdk.proxy2.$Proxy202.accept(Unknown Source) ~[?:?]
	at dev.ftb.mods.ftbteams.data.TeamManagerImpl.playerLoggedIn(TeamManagerImpl.java:319) ~[ftb-teams-fabric-2001.3.0.jar:?]
	at dev.ftb.mods.ftbteams.FTBTeams.playerLoggedIn(FTBTeams.java:77) ~[ftb-teams-fabric-2001.3.0.jar:?]
	at java.lang.invoke.MethodHandle.invokeWithArguments(MethodHandle.java:732) ~[?:?]
	at dev.architectury.event.EventFactory.invokeMethod(EventFactory.java:53) ~[architectury-9.2.14-fabric.jar:?]
	at dev.architectury.event.EventFactory$1.handleInvocation(EventFactory.java:62) ~[architectury-9.2.14-fabric.jar:?]
	at com.google.common.reflect.AbstractInvocationHandler.invoke(AbstractInvocationHandler.java:87) ~[guava-31.1-jre.jar:?]
	at jdk.proxy2.$Proxy201.join(Unknown Source) ~[?:?]
	at net.minecraft.class_3324.handler$zjc000$architectury$placeNewPlayer(class_3324.java:2520) ~[server-intermediary.jar:?]
	at net.minecraft.class_3324.method_14570(class_3324.java:307) ~[server-intermediary.jar:?]
	at net.minecraft.class_3248.method_33800(class_3248.java:131) ~[server-intermediary.jar:?]
	at net.minecraft.class_3248.mdcaa83c$polymer-networking$lambda$polymerNet$prePlayHandshakeHackfest$0$0(class_3248.java:549) ~[server-intermediary.jar:?]
	at eu.pb4.polymer.networking.impl.EarlyConnectionMagic.lambda$handle$0(EarlyConnectionMagic.java:32) ~[polymer-networking-0.5.15+1.20.1-dc18d44a422d3193.jar:?]
	at eu.pb4.polymer.networking.api.EarlyPlayNetworkHandler.lambda$onKeepAlive$0(EarlyPlayNetworkHandler.java:108) ~[polymer-networking-0.5.15+1.20.1-dc18d44a422d3193.jar:?]
	at net.minecraft.class_3738.run(class_3738.java:18) ~[server-intermediary.jar:?]
	at net.minecraft.class_1255.method_18859(class_1255.java:156) ~[server-intermediary.jar:?]
	at net.minecraft.class_4093.method_18859(class_4093.java:23) ~[server-intermediary.jar:?]
	at net.minecraft.server.MinecraftServer.method_24306(MinecraftServer.java:782) ~[server-intermediary.jar:?]
	at net.minecraft.server.MinecraftServer.method_18859(MinecraftServer.java:164) ~[server-intermediary.jar:?]
	at net.minecraft.class_1255.method_16075(class_1255.java:130) ~[server-intermediary.jar:?]
	at net.minecraft.server.MinecraftServer.method_20415(MinecraftServer.java:764) ~[server-intermediary.jar:?]
	at net.minecraft.server.MinecraftServer.method_16075(MinecraftServer.java:758) ~[server-intermediary.jar:?]
	at net.minecraft.class_1255.method_18857(class_1255.java:139) ~[server-intermediary.jar:?]
	at net.minecraft.server.MinecraftServer.method_16208(MinecraftServer.java:743) ~[server-intermediary.jar:?]
	at net.minecraft.server.MinecraftServer.method_29741(MinecraftServer.java:675) ~[server-intermediary.jar:?]
	at net.minecraft.server.MinecraftServer.method_29739(MinecraftServer.java:265) ~[server-intermediary.jar:?]
	at java.lang.Thread.run(Thread.java:840) ~[?:?]
[00:32:11] [Server thread/ERROR]: Parsing error loading recipe knavesneeds:betternether/cincinnasite_diamond/claymore
com.google.gson.JsonSyntaxException: Unknown item 'betterend:cincinnasite_diamond_upgrade_smithing_template'
	at net.minecraft.class_1869.method_17878(class_1869.java:272) ~[server-intermediary.jar:?]
	at java.util.Optional.orElseThrow(Optional.java:403) ~[?:?]
	at net.minecraft.class_1869.method_8155(class_1869.java:272) ~[server-intermediary.jar:?]
	at net.minecraft.class_1856.method_8107(class_1856.java:160) ~[server-intermediary.jar:?]
	at net.minecraft.class_1856.method_8102(class_1856.java:143) ~[server-intermediary.jar:?]
	at net.minecraft.class_1856.method_52177(class_1856.java:135) ~[server-intermediary.jar:?]
	at net.minecraft.class_8060$class_8061.method_48455(class_8060.java:87) ~[server-intermediary.jar:?]
	at net.minecraft.class_8060$class_8061.method_8121(class_8060.java:84) ~[server-intermediary.jar:?]
	at net.minecraft.class_1863.method_17720(class_1863.java:135) ~[server-intermediary.jar:?]
	at net.minecraft.class_1863.method_20705(class_1863.java:56) ~[server-intermediary.jar:?]
	at net.minecraft.class_1863.method_18788(class_1863.java:35) ~[server-intermediary.jar:?]
	at net.minecraft.class_4080.method_18790(class_4080.java:13) ~[server-intermediary.jar:?]
	at java.util.concurrent.CompletableFuture$UniAccept.tryFire(CompletableFuture.java:718) ~[?:?]
	at java.util.concurrent.CompletableFuture$Completion.run(CompletableFuture.java:482) ~[?:?]
	at net.minecraft.class_4014.method_18365(class_4014.java:69) ~[server-intermediary.jar:?]
	at net.minecraft.class_3738.run(class_3738.java:18) ~[server-intermediary.jar:?]
	at net.minecraft.class_1255.method_18859(class_1255.java:156) ~[server-intermediary.jar:?]
	at net.minecraft.class_4093.method_18859(class_4093.java:23) ~[server-intermediary.jar:?]
	at net.minecraft.server.MinecraftServer.method_24306(MinecraftServer.java:782) ~[server-intermediary.jar:?]
	at net.minecraft.server.MinecraftServer.method_18859(MinecraftServer.java:164) ~[server-intermediary.jar:?]
	at net.minecraft.class_1255.method_16075(class_1255.java:130) ~[server-intermediary.jar:?]
	at net.minecraft.server.MinecraftServer.method_20415(MinecraftServer.java:764) ~[server-intermediary.jar:?]
	at net.minecraft.server.MinecraftServer.method_16075(MinecraftServer.java:758) ~[server-intermediary.jar:?]
	at net.minecraft.class_1255.method_18857(class_1255.java:139) ~[server-intermediary.jar:?]
	at net.minecraft.server.MinecraftServer.method_29439(MinecraftServer.java:1345) ~[server-intermediary.jar:?]
	at net.minecraft.class_3097.method_29480(class_3097.java:22) ~[server-intermediary.jar:?]
	at net.minecraft.class_3097.method_13530(class_3097.java:53) ~[server-intermediary.jar:?]
	at com.mojang.brigadier.CommandDispatcher.execute(CommandDispatcher.java:264) ~[brigadier-1.1.8.jar:?]
	at net.minecraft.class_2158$class_2160.method_36318(class_2158.java:96) ~[server-intermediary.jar:?]
	at net.minecraft.class_2158$class_2160.method_9198(class_2158.java:90) ~[server-intermediary.jar:?]
	at net.minecraft.class_2991$class_2992.method_12914(class_2991.java:135) ~[server-intermediary.jar:?]
	at net.minecraft.class_2991$class_6345.method_36346(class_2991.java:210) ~[server-intermediary.jar:?]
	at net.minecraft.class_2991.method_36341(class_2991.java:85) ~[server-intermediary.jar:?]
	at net.minecraft.class_2991.method_12904(class_2991.java:69) ~[server-intermediary.jar:?]
	at net.minecraft.class_3062.method_13381(class_3062.java:46) ~[server-intermediary.jar:?]
	at net.minecraft.class_3062.method_13383(class_3062.java:35) ~[server-intermediary.jar:?]
	at com.mojang.brigadier.CommandDispatcher.execute(CommandDispatcher.java:264) ~[brigadier-1.1.8.jar:?]
	at net.minecraft.class_2170.redirect$zia000$architectury$performCommand(class_2170.java:1045) ~[server-intermediary.jar:?]
	at net.minecraft.class_2170.method_9249(class_2170.java:287) ~[server-intermediary.jar:?]
	at net.minecraft.class_2170.method_44252(class_2170.java:280) ~[server-intermediary.jar:?]
	at dev.ftb.mods.ftbquests.quest.reward.CommandReward.claim(CommandReward.java:104) ~[ftb-quests-fabric-2001.4.5.jar:?]
	at dev.ftb.mods.ftbquests.quest.TeamData.claimReward(TeamData.java:538) ~[ftb-quests-fabric-2001.4.5.jar:?]
	at dev.ftb.mods.ftbquests.quest.TeamData.checkAutoCompletion(TeamData.java:568) ~[ftb-quests-fabric-2001.4.5.jar:?]
	at dev.ftb.mods.ftbquests.quest.Quest.onCompleted(Quest.java:544) ~[ftb-quests-fabric-2001.4.5.jar:?]
	at dev.ftb.mods.ftbquests.quest.ServerQuestFile.lambda$playerLoggedIn$4(ServerQuestFile.java:185) ~[ftb-quests-fabric-2001.4.5.jar:?]
	at java.util.ArrayList.forEach(ArrayList.java:1511) ~[?:?]
	at java.util.Collections$UnmodifiableCollection.forEach(Collections.java:1093) ~[?:?]
	at dev.ftb.mods.ftbquests.quest.BaseQuestFile.lambda$forAllQuests$48(BaseQuestFile.java:1402) ~[ftb-quests-fabric-2001.4.5.jar:?]
	at java.util.ArrayList.forEach(ArrayList.java:1511) ~[?:?]
	at java.util.Collections$UnmodifiableCollection.forEach(Collections.java:1093) ~[?:?]
	at dev.ftb.mods.ftbquests.quest.BaseQuestFile.lambda$forAllChapters$47(BaseQuestFile.java:1397) ~[ftb-quests-fabric-2001.4.5.jar:?]
	at java.util.ArrayList.forEach(ArrayList.java:1511) ~[?:?]
	at dev.ftb.mods.ftbquests.quest.BaseQuestFile.forAllChapterGroups(BaseQuestFile.java:1392) ~[ftb-quests-fabric-2001.4.5.jar:?]
	at dev.ftb.mods.ftbquests.quest.BaseQuestFile.forAllChapters(BaseQuestFile.java:1397) ~[ftb-quests-fabric-2001.4.5.jar:?]
	at dev.ftb.mods.ftbquests.quest.BaseQuestFile.forAllQuests(BaseQuestFile.java:1402) ~[ftb-quests-fabric-2001.4.5.jar:?]
	at dev.ftb.mods.ftbquests.quest.ServerQuestFile.lambda$playerLoggedIn$5(ServerQuestFile.java:179) ~[ftb-quests-fabric-2001.4.5.jar:?]
	at dev.ftb.mods.ftbquests.quest.ServerQuestFile.withPlayerContext(ServerQuestFile.java:159) ~[ftb-quests-fabric-2001.4.5.jar:?]
	at dev.ftb.mods.ftbquests.quest.ServerQuestFile.playerLoggedIn(ServerQuestFile.java:179) ~[ftb-quests-fabric-2001.4.5.jar:?]
	at dev.ftb.mods.ftbquests.FTBQuestsEventHandler.playerLoggedIn(FTBQuestsEventHandler.java:104) ~[ftb-quests-fabric-2001.4.5.jar:?]
	at java.lang.invoke.MethodHandle.invokeWithArguments(MethodHandle.java:732) ~[?:?]
	at dev.architectury.event.EventFactory.invokeMethod(EventFactory.java:53) ~[architectury-9.2.14-fabric.jar:?]
	at dev.architectury.event.EventFactory$4.handleInvocation(EventFactory.java:125) ~[architectury-9.2.14-fabric.jar:?]
	at com.google.common.reflect.AbstractInvocationHandler.invoke(AbstractInvocationHandler.java:87) ~[guava-31.1-jre.jar:?]
	at jdk.proxy2.$Proxy202.accept(Unknown Source) ~[?:?]
	at dev.ftb.mods.ftbteams.data.TeamManagerImpl.playerLoggedIn(TeamManagerImpl.java:319) ~[ftb-teams-fabric-2001.3.0.jar:?]
	at dev.ftb.mods.ftbteams.FTBTeams.playerLoggedIn(FTBTeams.java:77) ~[ftb-teams-fabric-2001.3.0.jar:?]
	at java.lang.invoke.MethodHandle.invokeWithArguments(MethodHandle.java:732) ~[?:?]
	at dev.architectury.event.EventFactory.invokeMethod(EventFactory.java:53) ~[architectury-9.2.14-fabric.jar:?]
	at dev.architectury.event.EventFactory$1.handleInvocation(EventFactory.java:62) ~[architectury-9.2.14-fabric.jar:?]
	at com.google.common.reflect.AbstractInvocationHandler.invoke(AbstractInvocationHandler.java:87) ~[guava-31.1-jre.jar:?]
	at jdk.proxy2.$Proxy201.join(Unknown Source) ~[?:?]
	at net.minecraft.class_3324.handler$zjc000$architectury$placeNewPlayer(class_3324.java:2520) ~[server-intermediary.jar:?]
	at net.minecraft.class_3324.method_14570(class_3324.java:307) ~[server-intermediary.jar:?]
	at net.minecraft.class_3248.method_33800(class_3248.java:131) ~[server-intermediary.jar:?]
	at net.minecraft.class_3248.mdcaa83c$polymer-networking$lambda$polymerNet$prePlayHandshakeHackfest$0$0(class_3248.java:549) ~[server-intermediary.jar:?]
	at eu.pb4.polymer.networking.impl.EarlyConnectionMagic.lambda$handle$0(EarlyConnectionMagic.java:32) ~[polymer-networking-0.5.15+1.20.1-dc18d44a422d3193.jar:?]
	at eu.pb4.polymer.networking.api.EarlyPlayNetworkHandler.lambda$onKeepAlive$0(EarlyPlayNetworkHandler.java:108) ~[polymer-networking-0.5.15+1.20.1-dc18d44a422d3193.jar:?]
	at net.minecraft.class_3738.run(class_3738.java:18) ~[server-intermediary.jar:?]
	at net.minecraft.class_1255.method_18859(class_1255.java:156) ~[server-intermediary.jar:?]
	at net.minecraft.class_4093.method_18859(class_4093.java:23) ~[server-intermediary.jar:?]
	at net.minecraft.server.MinecraftServer.method_24306(MinecraftServer.java:782) ~[server-intermediary.jar:?]
	at net.minecraft.server.MinecraftServer.method_18859(MinecraftServer.java:164) ~[server-intermediary.jar:?]
	at net.minecraft.class_1255.method_16075(class_1255.java:130) ~[server-intermediary.jar:?]
	at net.minecraft.server.MinecraftServer.method_20415(MinecraftServer.java:764) ~[server-intermediary.jar:?]
	at net.minecraft.server.MinecraftServer.method_16075(MinecraftServer.java:758) ~[server-intermediary.jar:?]
	at net.minecraft.class_1255.method_18857(class_1255.java:139) ~[server-intermediary.jar:?]
	at net.minecraft.server.MinecraftServer.method_16208(MinecraftServer.java:743) ~[server-intermediary.jar:?]
	at net.minecraft.server.MinecraftServer.method_29741(MinecraftServer.java:675) ~[server-intermediary.jar:?]
	at net.minecraft.server.MinecraftServer.method_29739(MinecraftServer.java:265) ~[server-intermediary.jar:?]
	at java.lang.Thread.run(Thread.java:840) ~[?:?]
[00:32:11] [Server thread/ERROR]: Parsing error loading recipe tiered:limestone_create
com.google.gson.JsonSyntaxException: Unknown item 'create:limestone'
	at net.minecraft.class_1869.method_17878(class_1869.java:272) ~[server-intermediary.jar:?]
	at java.util.Optional.orElseThrow(Optional.java:403) ~[?:?]
	at net.minecraft.class_1869.method_8155(class_1869.java:272) ~[server-intermediary.jar:?]
	at net.minecraft.class_1856.method_8107(class_1856.java:160) ~[server-intermediary.jar:?]
	at net.minecraft.class_1856.method_8102(class_1856.java:143) ~[server-intermediary.jar:?]
	at net.minecraft.class_3972$class_3973.method_17881(class_3972.java:91) ~[server-intermediary.jar:?]
	at net.minecraft.class_3972$class_3973.method_8121(class_3972.java:72) ~[server-intermediary.jar:?]
	at net.minecraft.class_1863.method_17720(class_1863.java:135) ~[server-intermediary.jar:?]
	at net.minecraft.class_1863.method_20705(class_1863.java:56) ~[server-intermediary.jar:?]
	at net.minecraft.class_1863.method_18788(class_1863.java:35) ~[server-intermediary.jar:?]
	at net.minecraft.class_4080.method_18790(class_4080.java:13) ~[server-intermediary.jar:?]
	at java.util.concurrent.CompletableFuture$UniAccept.tryFire(CompletableFuture.java:718) ~[?:?]
	at java.util.concurrent.CompletableFuture$Completion.run(CompletableFuture.java:482) ~[?:?]
	at net.minecraft.class_4014.method_18365(class_4014.java:69) ~[server-intermediary.jar:?]
	at net.minecraft.class_3738.run(class_3738.java:18) ~[server-intermediary.jar:?]
	at net.minecraft.class_1255.method_18859(class_1255.java:156) ~[server-intermediary.jar:?]
	at net.minecraft.class_4093.method_18859(class_4093.java:23) ~[server-intermediary.jar:?]
	at net.minecraft.server.MinecraftServer.method_24306(MinecraftServer.java:782) ~[server-intermediary.jar:?]
	at net.minecraft.server.MinecraftServer.method_18859(MinecraftServer.java:164) ~[server-intermediary.jar:?]
	at net.minecraft.class_1255.method_16075(class_1255.java:130) ~[server-intermediary.jar:?]
	at net.minecraft.server.MinecraftServer.method_20415(MinecraftServer.java:764) ~[server-intermediary.jar:?]
	at net.minecraft.server.MinecraftServer.method_16075(MinecraftServer.java:758) ~[server-intermediary.jar:?]
	at net.minecraft.class_1255.method_18857(class_1255.java:139) ~[server-intermediary.jar:?]
	at net.minecraft.server.MinecraftServer.method_29439(MinecraftServer.java:1345) ~[server-intermediary.jar:?]
	at net.minecraft.class_3097.method_29480(class_3097.java:22) ~[server-intermediary.jar:?]
	at net.minecraft.class_3097.method_13530(class_3097.java:53) ~[server-intermediary.jar:?]
	at com.mojang.brigadier.CommandDispatcher.execute(CommandDispatcher.java:264) ~[brigadier-1.1.8.jar:?]
	at net.minecraft.class_2158$class_2160.method_36318(class_2158.java:96) ~[server-intermediary.jar:?]
	at net.minecraft.class_2158$class_2160.method_9198(class_2158.java:90) ~[server-intermediary.jar:?]
	at net.minecraft.class_2991$class_2992.method_12914(class_2991.java:135) ~[server-intermediary.jar:?]
	at net.minecraft.class_2991$class_6345.method_36346(class_2991.java:210) ~[server-intermediary.jar:?]
	at net.minecraft.class_2991.method_36341(class_2991.java:85) ~[server-intermediary.jar:?]
	at net.minecraft.class_2991.method_12904(class_2991.java:69) ~[server-intermediary.jar:?]
	at net.minecraft.class_3062.method_13381(class_3062.java:46) ~[server-intermediary.jar:?]
	at net.minecraft.class_3062.method_13383(class_3062.java:35) ~[server-intermediary.jar:?]
	at com.mojang.brigadier.CommandDispatcher.execute(CommandDispatcher.java:264) ~[brigadier-1.1.8.jar:?]
	at net.minecraft.class_2170.redirect$zia000$architectury$performCommand(class_2170.java:1045) ~[server-intermediary.jar:?]
	at net.minecraft.class_2170.method_9249(class_2170.java:287) ~[server-intermediary.jar:?]
	at net.minecraft.class_2170.method_44252(class_2170.java:280) ~[server-intermediary.jar:?]
	at dev.ftb.mods.ftbquests.quest.reward.CommandReward.claim(CommandReward.java:104) ~[ftb-quests-fabric-2001.4.5.jar:?]
	at dev.ftb.mods.ftbquests.quest.TeamData.claimReward(TeamData.java:538) ~[ftb-quests-fabric-2001.4.5.jar:?]
	at dev.ftb.mods.ftbquests.quest.TeamData.checkAutoCompletion(TeamData.java:568) ~[ftb-quests-fabric-2001.4.5.jar:?]
	at dev.ftb.mods.ftbquests.quest.Quest.onCompleted(Quest.java:544) ~[ftb-quests-fabric-2001.4.5.jar:?]
	at dev.ftb.mods.ftbquests.quest.ServerQuestFile.lambda$playerLoggedIn$4(ServerQuestFile.java:185) ~[ftb-quests-fabric-2001.4.5.jar:?]
	at java.util.ArrayList.forEach(ArrayList.java:1511) ~[?:?]
	at java.util.Collections$UnmodifiableCollection.forEach(Collections.java:1093) ~[?:?]
	at dev.ftb.mods.ftbquests.quest.BaseQuestFile.lambda$forAllQuests$48(BaseQuestFile.java:1402) ~[ftb-quests-fabric-2001.4.5.jar:?]
	at java.util.ArrayList.forEach(ArrayList.java:1511) ~[?:?]
	at java.util.Collections$UnmodifiableCollection.forEach(Collections.java:1093) ~[?:?]
	at dev.ftb.mods.ftbquests.quest.BaseQuestFile.lambda$forAllChapters$47(BaseQuestFile.java:1397) ~[ftb-quests-fabric-2001.4.5.jar:?]
	at java.util.ArrayList.forEach(ArrayList.java:1511) ~[?:?]
	at dev.ftb.mods.ftbquests.quest.BaseQuestFile.forAllChapterGroups(BaseQuestFile.java:1392) ~[ftb-quests-fabric-2001.4.5.jar:?]
	at dev.ftb.mods.ftbquests.quest.BaseQuestFile.forAllChapters(BaseQuestFile.java:1397) ~[ftb-quests-fabric-2001.4.5.jar:?]
	at dev.ftb.mods.ftbquests.quest.BaseQuestFile.forAllQuests(BaseQuestFile.java:1402) ~[ftb-quests-fabric-2001.4.5.jar:?]
	at dev.ftb.mods.ftbquests.quest.ServerQuestFile.lambda$playerLoggedIn$5(ServerQuestFile.java:179) ~[ftb-quests-fabric-2001.4.5.jar:?]
	at dev.ftb.mods.ftbquests.quest.ServerQuestFile.withPlayerContext(ServerQuestFile.java:159) ~[ftb-quests-fabric-2001.4.5.jar:?]
	at dev.ftb.mods.ftbquests.quest.ServerQuestFile.playerLoggedIn(ServerQuestFile.java:179) ~[ftb-quests-fabric-2001.4.5.jar:?]
	at dev.ftb.mods.ftbquests.FTBQuestsEventHandler.playerLoggedIn(FTBQuestsEventHandler.java:104) ~[ftb-quests-fabric-2001.4.5.jar:?]
	at java.lang.invoke.MethodHandle.invokeWithArguments(MethodHandle.java:732) ~[?:?]
	at dev.architectury.event.EventFactory.invokeMethod(EventFactory.java:53) ~[architectury-9.2.14-fabric.jar:?]
	at dev.architectury.event.EventFactory$4.handleInvocation(EventFactory.java:125) ~[architectury-9.2.14-fabric.jar:?]
	at com.google.common.reflect.AbstractInvocationHandler.invoke(AbstractInvocationHandler.java:87) ~[guava-31.1-jre.jar:?]
	at jdk.proxy2.$Proxy202.accept(Unknown Source) ~[?:?]
	at dev.ftb.mods.ftbteams.data.TeamManagerImpl.playerLoggedIn(TeamManagerImpl.java:319) ~[ftb-teams-fabric-2001.3.0.jar:?]
	at dev.ftb.mods.ftbteams.FTBTeams.playerLoggedIn(FTBTeams.java:77) ~[ftb-teams-fabric-2001.3.0.jar:?]
	at java.lang.invoke.MethodHandle.invokeWithArguments(MethodHandle.java:732) ~[?:?]
	at dev.architectury.event.EventFactory.invokeMethod(EventFactory.java:53) ~[architectury-9.2.14-fabric.jar:?]
	at dev.architectury.event.EventFactory$1.handleInvocation(EventFactory.java:62) ~[architectury-9.2.14-fabric.jar:?]
	at com.google.common.reflect.AbstractInvocationHandler.invoke(AbstractInvocationHandler.java:87) ~[guava-31.1-jre.jar:?]
	at jdk.proxy2.$Proxy201.join(Unknown Source) ~[?:?]
	at net.minecraft.class_3324.handler$zjc000$architectury$placeNewPlayer(class_3324.java:2520) ~[server-intermediary.jar:?]
	at net.minecraft.class_3324.method_14570(class_3324.java:307) ~[server-intermediary.jar:?]
	at net.minecraft.class_3248.method_33800(class_3248.java:131) ~[server-intermediary.jar:?]
	at net.minecraft.class_3248.mdcaa83c$polymer-networking$lambda$polymerNet$prePlayHandshakeHackfest$0$0(class_3248.java:549) ~[server-intermediary.jar:?]
	at eu.pb4.polymer.networking.impl.EarlyConnectionMagic.lambda$handle$0(EarlyConnectionMagic.java:32) ~[polymer-networking-0.5.15+1.20.1-dc18d44a422d3193.jar:?]
	at eu.pb4.polymer.networking.api.EarlyPlayNetworkHandler.lambda$onKeepAlive$0(EarlyPlayNetworkHandler.java:108) ~[polymer-networking-0.5.15+1.20.1-dc18d44a422d3193.jar:?]
	at net.minecraft.class_3738.run(class_3738.java:18) ~[server-intermediary.jar:?]
	at net.minecraft.class_1255.method_18859(class_1255.java:156) ~[server-intermediary.jar:?]
	at net.minecraft.class_4093.method_18859(class_4093.java:23) ~[server-intermediary.jar:?]
	at net.minecraft.server.MinecraftServer.method_24306(MinecraftServer.java:782) ~[server-intermediary.jar:?]
	at net.minecraft.server.MinecraftServer.method_18859(MinecraftServer.java:164) ~[server-intermediary.jar:?]
	at net.minecraft.class_1255.method_16075(class_1255.java:130) ~[server-intermediary.jar:?]
	at net.minecraft.server.MinecraftServer.method_20415(MinecraftServer.java:764) ~[server-intermediary.jar:?]
	at net.minecraft.server.MinecraftServer.method_16075(MinecraftServer.java:758) ~[server-intermediary.jar:?]
	at net.minecraft.class_1255.method_18857(class_1255.java:139) ~[server-intermediary.jar:?]
	at net.minecraft.server.MinecraftServer.method_16208(MinecraftServer.java:743) ~[server-intermediary.jar:?]
	at net.minecraft.server.MinecraftServer.method_29741(MinecraftServer.java:675) ~[server-intermediary.jar:?]
	at net.minecraft.server.MinecraftServer.method_29739(MinecraftServer.java:265) ~[server-intermediary.jar:?]
	at java.lang.Thread.run(Thread.java:840) ~[?:?]
[00:32:11] [Server thread/ERROR]: Parsing error loading recipe digs_dnd_origins:leather_horns_helmet
com.google.gson.JsonSyntaxException: Invalid or unsupported recipe type 'minecraft:smithing'
	at net.minecraft.class_1863.method_17875(class_1863.java:134) ~[server-intermediary.jar:?]
	at java.util.Optional.orElseThrow(Optional.java:403) ~[?:?]
	at net.minecraft.class_1863.method_17720(class_1863.java:134) ~[server-intermediary.jar:?]
	at net.minecraft.class_1863.method_20705(class_1863.java:56) ~[server-intermediary.jar:?]
	at net.minecraft.class_1863.method_18788(class_1863.java:35) ~[server-intermediary.jar:?]
	at net.minecraft.class_4080.method_18790(class_4080.java:13) ~[server-intermediary.jar:?]
	at java.util.concurrent.CompletableFuture$UniAccept.tryFire(CompletableFuture.java:718) ~[?:?]
	at java.util.concurrent.CompletableFuture$Completion.run(CompletableFuture.java:482) ~[?:?]
	at net.minecraft.class_4014.method_18365(class_4014.java:69) ~[server-intermediary.jar:?]
	at net.minecraft.class_3738.run(class_3738.java:18) ~[server-intermediary.jar:?]
	at net.minecraft.class_1255.method_18859(class_1255.java:156) ~[server-intermediary.jar:?]
	at net.minecraft.class_4093.method_18859(class_4093.java:23) ~[server-intermediary.jar:?]
	at net.minecraft.server.MinecraftServer.method_24306(MinecraftServer.java:782) ~[server-intermediary.jar:?]
	at net.minecraft.server.MinecraftServer.method_18859(MinecraftServer.java:164) ~[server-intermediary.jar:?]
	at net.minecraft.class_1255.method_16075(class_1255.java:130) ~[server-intermediary.jar:?]
	at net.minecraft.server.MinecraftServer.method_20415(MinecraftServer.java:764) ~[server-intermediary.jar:?]
	at net.minecraft.server.MinecraftServer.method_16075(MinecraftServer.java:758) ~[server-intermediary.jar:?]
	at net.minecraft.class_1255.method_18857(class_1255.java:139) ~[server-intermediary.jar:?]
	at net.minecraft.server.MinecraftServer.method_29439(MinecraftServer.java:1345) ~[server-intermediary.jar:?]
	at net.minecraft.class_3097.method_29480(class_3097.java:22) ~[server-intermediary.jar:?]
	at net.minecraft.class_3097.method_13530(class_3097.java:53) ~[server-intermediary.jar:?]
	at com.mojang.brigadier.CommandDispatcher.execute(CommandDispatcher.java:264) ~[brigadier-1.1.8.jar:?]
	at net.minecraft.class_2158$class_2160.method_36318(class_2158.java:96) ~[server-intermediary.jar:?]
	at net.minecraft.class_2158$class_2160.method_9198(class_2158.java:90) ~[server-intermediary.jar:?]
	at net.minecraft.class_2991$class_2992.method_12914(class_2991.java:135) ~[server-intermediary.jar:?]
	at net.minecraft.class_2991$class_6345.method_36346(class_2991.java:210) ~[server-intermediary.jar:?]
	at net.minecraft.class_2991.method_36341(class_2991.java:85) ~[server-intermediary.jar:?]
	at net.minecraft.class_2991.method_12904(class_2991.java:69) ~[server-intermediary.jar:?]
	at net.minecraft.class_3062.method_13381(class_3062.java:46) ~[server-intermediary.jar:?]
	at net.minecraft.class_3062.method_13383(class_3062.java:35) ~[server-intermediary.jar:?]
	at com.mojang.brigadier.CommandDispatcher.execute(CommandDispatcher.java:264) ~[brigadier-1.1.8.jar:?]
	at net.minecraft.class_2170.redirect$zia000$architectury$performCommand(class_2170.java:1045) ~[server-intermediary.jar:?]
	at net.minecraft.class_2170.method_9249(class_2170.java:287) ~[server-intermediary.jar:?]
	at net.minecraft.class_2170.method_44252(class_2170.java:280) ~[server-intermediary.jar:?]
	at dev.ftb.mods.ftbquests.quest.reward.CommandReward.claim(CommandReward.java:104) ~[ftb-quests-fabric-2001.4.5.jar:?]
	at dev.ftb.mods.ftbquests.quest.TeamData.claimReward(TeamData.java:538) ~[ftb-quests-fabric-2001.4.5.jar:?]
	at dev.ftb.mods.ftbquests.quest.TeamData.checkAutoCompletion(TeamData.java:568) ~[ftb-quests-fabric-2001.4.5.jar:?]
	at dev.ftb.mods.ftbquests.quest.Quest.onCompleted(Quest.java:544) ~[ftb-quests-fabric-2001.4.5.jar:?]
	at dev.ftb.mods.ftbquests.quest.ServerQuestFile.lambda$playerLoggedIn$4(ServerQuestFile.java:185) ~[ftb-quests-fabric-2001.4.5.jar:?]
	at java.util.ArrayList.forEach(ArrayList.java:1511) ~[?:?]
	at java.util.Collections$UnmodifiableCollection.forEach(Collections.java:1093) ~[?:?]
	at dev.ftb.mods.ftbquests.quest.BaseQuestFile.lambda$forAllQuests$48(BaseQuestFile.java:1402) ~[ftb-quests-fabric-2001.4.5.jar:?]
	at java.util.ArrayList.forEach(ArrayList.java:1511) ~[?:?]
	at java.util.Collections$UnmodifiableCollection.forEach(Collections.java:1093) ~[?:?]
	at dev.ftb.mods.ftbquests.quest.BaseQuestFile.lambda$forAllChapters$47(BaseQuestFile.java:1397) ~[ftb-quests-fabric-2001.4.5.jar:?]
	at java.util.ArrayList.forEach(ArrayList.java:1511) ~[?:?]
	at dev.ftb.mods.ftbquests.quest.BaseQuestFile.forAllChapterGroups(BaseQuestFile.java:1392) ~[ftb-quests-fabric-2001.4.5.jar:?]
	at dev.ftb.mods.ftbquests.quest.BaseQuestFile.forAllChapters(BaseQuestFile.java:1397) ~[ftb-quests-fabric-2001.4.5.jar:?]
	at dev.ftb.mods.ftbquests.quest.BaseQuestFile.forAllQuests(BaseQuestFile.java:1402) ~[ftb-quests-fabric-2001.4.5.jar:?]
	at dev.ftb.mods.ftbquests.quest.ServerQuestFile.lambda$playerLoggedIn$5(ServerQuestFile.java:179) ~[ftb-quests-fabric-2001.4.5.jar:?]
	at dev.ftb.mods.ftbquests.quest.ServerQuestFile.withPlayerContext(ServerQuestFile.java:159) ~[ftb-quests-fabric-2001.4.5.jar:?]
	at dev.ftb.mods.ftbquests.quest.ServerQuestFile.playerLoggedIn(ServerQuestFile.java:179) ~[ftb-quests-fabric-2001.4.5.jar:?]
	at dev.ftb.mods.ftbquests.FTBQuestsEventHandler.playerLoggedIn(FTBQuestsEventHandler.java:104) ~[ftb-quests-fabric-2001.4.5.jar:?]
	at java.lang.invoke.MethodHandle.invokeWithArguments(MethodHandle.java:732) ~[?:?]
	at dev.architectury.event.EventFactory.invokeMethod(EventFactory.java:53) ~[architectury-9.2.14-fabric.jar:?]
	at dev.architectury.event.EventFactory$4.handleInvocation(EventFactory.java:125) ~[architectury-9.2.14-fabric.jar:?]
	at com.google.common.reflect.AbstractInvocationHandler.invoke(AbstractInvocationHandler.java:87) ~[guava-31.1-jre.jar:?]
	at jdk.proxy2.$Proxy202.accept(Unknown Source) ~[?:?]
	at dev.ftb.mods.ftbteams.data.TeamManagerImpl.playerLoggedIn(TeamManagerImpl.java:319) ~[ftb-teams-fabric-2001.3.0.jar:?]
	at dev.ftb.mods.ftbteams.FTBTeams.playerLoggedIn(FTBTeams.java:77) ~[ftb-teams-fabric-2001.3.0.jar:?]
	at java.lang.invoke.MethodHandle.invokeWithArguments(MethodHandle.java:732) ~[?:?]
	at dev.architectury.event.EventFactory.invokeMethod(EventFactory.java:53) ~[architectury-9.2.14-fabric.jar:?]
	at dev.architectury.event.EventFactory$1.handleInvocation(EventFactory.java:62) ~[architectury-9.2.14-fabric.jar:?]
	at com.google.common.reflect.AbstractInvocationHandler.invoke(AbstractInvocationHandler.java:87) ~[guava-31.1-jre.jar:?]
	at jdk.proxy2.$Proxy201.join(Unknown Source) ~[?:?]
	at net.minecraft.class_3324.handler$zjc000$architectury$placeNewPlayer(class_3324.java:2520) ~[server-intermediary.jar:?]
	at net.minecraft.class_3324.method_14570(class_3324.java:307) ~[server-intermediary.jar:?]
	at net.minecraft.class_3248.method_33800(class_3248.java:131) ~[server-intermediary.jar:?]
	at net.minecraft.class_3248.mdcaa83c$polymer-networking$lambda$polymerNet$prePlayHandshakeHackfest$0$0(class_3248.java:549) ~[server-intermediary.jar:?]
	at eu.pb4.polymer.networking.impl.EarlyConnectionMagic.lambda$handle$0(EarlyConnectionMagic.java:32) ~[polymer-networking-0.5.15+1.20.1-dc18d44a422d3193.jar:?]
	at eu.pb4.polymer.networking.api.EarlyPlayNetworkHandler.lambda$onKeepAlive$0(EarlyPlayNetworkHandler.java:108) ~[polymer-networking-0.5.15+1.20.1-dc18d44a422d3193.jar:?]
	at net.minecraft.class_3738.run(class_3738.java:18) ~[server-intermediary.jar:?]
	at net.minecraft.class_1255.method_18859(class_1255.java:156) ~[server-intermediary.jar:?]
	at net.minecraft.class_4093.method_18859(class_4093.java:23) ~[server-intermediary.jar:?]
	at net.minecraft.server.MinecraftServer.method_24306(MinecraftServer.java:782) ~[server-intermediary.jar:?]
	at net.minecraft.server.MinecraftServer.method_18859(MinecraftServer.java:164) ~[server-intermediary.jar:?]
	at net.minecraft.class_1255.method_16075(class_1255.java:130) ~[server-intermediary.jar:?]
	at net.minecraft.server.MinecraftServer.method_20415(MinecraftServer.java:764) ~[server-intermediary.jar:?]
	at net.minecraft.server.MinecraftServer.method_16075(MinecraftServer.java:758) ~[server-intermediary.jar:?]
	at net.minecraft.class_1255.method_18857(class_1255.java:139) ~[server-intermediary.jar:?]
	at net.minecraft.server.MinecraftServer.method_16208(MinecraftServer.java:743) ~[server-intermediary.jar:?]
	at net.minecraft.server.MinecraftServer.method_29741(MinecraftServer.java:675) ~[server-intermediary.jar:?]
	at net.minecraft.server.MinecraftServer.method_29739(MinecraftServer.java:265) ~[server-intermediary.jar:?]
	at java.lang.Thread.run(Thread.java:840) ~[?:?]
[00:32:11] [Server thread/ERROR]: Parsing error loading recipe digs_dnd_origins:iron_horns_helmet
com.google.gson.JsonSyntaxException: Invalid or unsupported recipe type 'minecraft:smithing'
	at net.minecraft.class_1863.method_17875(class_1863.java:134) ~[server-intermediary.jar:?]
	at java.util.Optional.orElseThrow(Optional.java:403) ~[?:?]
	at net.minecraft.class_1863.method_17720(class_1863.java:134) ~[server-intermediary.jar:?]
	at net.minecraft.class_1863.method_20705(class_1863.java:56) ~[server-intermediary.jar:?]
	at net.minecraft.class_1863.method_18788(class_1863.java:35) ~[server-intermediary.jar:?]
	at net.minecraft.class_4080.method_18790(class_4080.java:13) ~[server-intermediary.jar:?]
	at java.util.concurrent.CompletableFuture$UniAccept.tryFire(CompletableFuture.java:718) ~[?:?]
	at java.util.concurrent.CompletableFuture$Completion.run(CompletableFuture.java:482) ~[?:?]
	at net.minecraft.class_4014.method_18365(class_4014.java:69) ~[server-intermediary.jar:?]
	at net.minecraft.class_3738.run(class_3738.java:18) ~[server-intermediary.jar:?]
	at net.minecraft.class_1255.method_18859(class_1255.java:156) ~[server-intermediary.jar:?]
	at net.minecraft.class_4093.method_18859(class_4093.java:23) ~[server-intermediary.jar:?]
	at net.minecraft.server.MinecraftServer.method_24306(MinecraftServer.java:782) ~[server-intermediary.jar:?]
	at net.minecraft.server.MinecraftServer.method_18859(MinecraftServer.java:164) ~[server-intermediary.jar:?]
	at net.minecraft.class_1255.method_16075(class_1255.java:130) ~[server-intermediary.jar:?]
	at net.minecraft.server.MinecraftServer.method_20415(MinecraftServer.java:764) ~[server-intermediary.jar:?]
	at net.minecraft.server.MinecraftServer.method_16075(MinecraftServer.java:758) ~[server-intermediary.jar:?]
	at net.minecraft.class_1255.method_18857(class_1255.java:139) ~[server-intermediary.jar:?]
	at net.minecraft.server.MinecraftServer.method_29439(MinecraftServer.java:1345) ~[server-intermediary.jar:?]
	at net.minecraft.class_3097.method_29480(class_3097.java:22) ~[server-intermediary.jar:?]
	at net.minecraft.class_3097.method_13530(class_3097.java:53) ~[server-intermediary.jar:?]
	at com.mojang.brigadier.CommandDispatcher.execute(CommandDispatcher.java:264) ~[brigadier-1.1.8.jar:?]
	at net.minecraft.class_2158$class_2160.method_36318(class_2158.java:96) ~[server-intermediary.jar:?]
	at net.minecraft.class_2158$class_2160.method_9198(class_2158.java:90) ~[server-intermediary.jar:?]
	at net.minecraft.class_2991$class_2992.method_12914(class_2991.java:135) ~[server-intermediary.jar:?]
	at net.minecraft.class_2991$class_6345.method_36346(class_2991.java:210) ~[server-intermediary.jar:?]
	at net.minecraft.class_2991.method_36341(class_2991.java:85) ~[server-intermediary.jar:?]
	at net.minecraft.class_2991.method_12904(class_2991.java:69) ~[server-intermediary.jar:?]
	at net.minecraft.class_3062.method_13381(class_3062.java:46) ~[server-intermediary.jar:?]
	at net.minecraft.class_3062.method_13383(class_3062.java:35) ~[server-intermediary.jar:?]
	at com.mojang.brigadier.CommandDispatcher.execute(CommandDispatcher.java:264) ~[brigadier-1.1.8.jar:?]
	at net.minecraft.class_2170.redirect$zia000$architectury$performCommand(class_2170.java:1045) ~[server-intermediary.jar:?]
	at net.minecraft.class_2170.method_9249(class_2170.java:287) ~[server-intermediary.jar:?]
	at net.minecraft.class_2170.method_44252(class_2170.java:280) ~[server-intermediary.jar:?]
	at dev.ftb.mods.ftbquests.quest.reward.CommandReward.claim(CommandReward.java:104) ~[ftb-quests-fabric-2001.4.5.jar:?]
	at dev.ftb.mods.ftbquests.quest.TeamData.claimReward(TeamData.java:538) ~[ftb-quests-fabric-2001.4.5.jar:?]
	at dev.ftb.mods.ftbquests.quest.TeamData.checkAutoCompletion(TeamData.java:568) ~[ftb-quests-fabric-2001.4.5.jar:?]
	at dev.ftb.mods.ftbquests.quest.Quest.onCompleted(Quest.java:544) ~[ftb-quests-fabric-2001.4.5.jar:?]
	at dev.ftb.mods.ftbquests.quest.ServerQuestFile.lambda$playerLoggedIn$4(ServerQuestFile.java:185) ~[ftb-quests-fabric-2001.4.5.jar:?]
	at java.util.ArrayList.forEach(ArrayList.java:1511) ~[?:?]
	at java.util.Collections$UnmodifiableCollection.forEach(Collections.java:1093) ~[?:?]
	at dev.ftb.mods.ftbquests.quest.BaseQuestFile.lambda$forAllQuests$48(BaseQuestFile.java:1402) ~[ftb-quests-fabric-2001.4.5.jar:?]
	at java.util.ArrayList.forEach(ArrayList.java:1511) ~[?:?]
	at java.util.Collections$UnmodifiableCollection.forEach(Collections.java:1093) ~[?:?]
	at dev.ftb.mods.ftbquests.quest.BaseQuestFile.lambda$forAllChapters$47(BaseQuestFile.java:1397) ~[ftb-quests-fabric-2001.4.5.jar:?]
	at java.util.ArrayList.forEach(ArrayList.java:1511) ~[?:?]
	at dev.ftb.mods.ftbquests.quest.BaseQuestFile.forAllChapterGroups(BaseQuestFile.java:1392) ~[ftb-quests-fabric-2001.4.5.jar:?]
	at dev.ftb.mods.ftbquests.quest.BaseQuestFile.forAllChapters(BaseQuestFile.java:1397) ~[ftb-quests-fabric-2001.4.5.jar:?]
	at dev.ftb.mods.ftbquests.quest.BaseQuestFile.forAllQuests(BaseQuestFile.java:1402) ~[ftb-quests-fabric-2001.4.5.jar:?]
	at dev.ftb.mods.ftbquests.quest.ServerQuestFile.lambda$playerLoggedIn$5(ServerQuestFile.java:179) ~[ftb-quests-fabric-2001.4.5.jar:?]
	at dev.ftb.mods.ftbquests.quest.ServerQuestFile.withPlayerContext(ServerQuestFile.java:159) ~[ftb-quests-fabric-2001.4.5.jar:?]
	at dev.ftb.mods.ftbquests.quest.ServerQuestFile.playerLoggedIn(ServerQuestFile.java:179) ~[ftb-quests-fabric-2001.4.5.jar:?]
	at dev.ftb.mods.ftbquests.FTBQuestsEventHandler.playerLoggedIn(FTBQuestsEventHandler.java:104) ~[ftb-quests-fabric-2001.4.5.jar:?]
	at java.lang.invoke.MethodHandle.invokeWithArguments(MethodHandle.java:732) ~[?:?]
	at dev.architectury.event.EventFactory.invokeMethod(EventFactory.java:53) ~[architectury-9.2.14-fabric.jar:?]
	at dev.architectury.event.EventFactory$4.handleInvocation(EventFactory.java:125) ~[architectury-9.2.14-fabric.jar:?]
	at com.google.common.reflect.AbstractInvocationHandler.invoke(AbstractInvocationHandler.java:87) ~[guava-31.1-jre.jar:?]
	at jdk.proxy2.$Proxy202.accept(Unknown Source) ~[?:?]
	at dev.ftb.mods.ftbteams.data.TeamManagerImpl.playerLoggedIn(TeamManagerImpl.java:319) ~[ftb-teams-fabric-2001.3.0.jar:?]
	at dev.ftb.mods.ftbteams.FTBTeams.playerLoggedIn(FTBTeams.java:77) ~[ftb-teams-fabric-2001.3.0.jar:?]
	at java.lang.invoke.MethodHandle.invokeWithArguments(MethodHandle.java:732) ~[?:?]
	at dev.architectury.event.EventFactory.invokeMethod(EventFactory.java:53) ~[architectury-9.2.14-fabric.jar:?]
	at dev.architectury.event.EventFactory$1.handleInvocation(EventFactory.java:62) ~[architectury-9.2.14-fabric.jar:?]
	at com.google.common.reflect.AbstractInvocationHandler.invoke(AbstractInvocationHandler.java:87) ~[guava-31.1-jre.jar:?]
	at jdk.proxy2.$Proxy201.join(Unknown Source) ~[?:?]
	at net.minecraft.class_3324.handler$zjc000$architectury$placeNewPlayer(class_3324.java:2520) ~[server-intermediary.jar:?]
	at net.minecraft.class_3324.method_14570(class_3324.java:307) ~[server-intermediary.jar:?]
	at net.minecraft.class_3248.method_33800(class_3248.java:131) ~[server-intermediary.jar:?]
	at net.minecraft.class_3248.mdcaa83c$polymer-networking$lambda$polymerNet$prePlayHandshakeHackfest$0$0(class_3248.java:549) ~[server-intermediary.jar:?]
	at eu.pb4.polymer.networking.impl.EarlyConnectionMagic.lambda$handle$0(EarlyConnectionMagic.java:32) ~[polymer-networking-0.5.15+1.20.1-dc18d44a422d3193.jar:?]
	at eu.pb4.polymer.networking.api.EarlyPlayNetworkHandler.lambda$onKeepAlive$0(EarlyPlayNetworkHandler.java:108) ~[polymer-networking-0.5.15+1.20.1-dc18d44a422d3193.jar:?]
	at net.minecraft.class_3738.run(class_3738.java:18) ~[server-intermediary.jar:?]
	at net.minecraft.class_1255.method_18859(class_1255.java:156) ~[server-intermediary.jar:?]
	at net.minecraft.class_4093.method_18859(class_4093.java:23) ~[server-intermediary.jar:?]
	at net.minecraft.server.MinecraftServer.method_24306(MinecraftServer.java:782) ~[server-intermediary.jar:?]
	at net.minecraft.server.MinecraftServer.method_18859(MinecraftServer.java:164) ~[server-intermediary.jar:?]
	at net.minecraft.class_1255.method_16075(class_1255.java:130) ~[server-intermediary.jar:?]
	at net.minecraft.server.MinecraftServer.method_20415(MinecraftServer.java:764) ~[server-intermediary.jar:?]
	at net.minecraft.server.MinecraftServer.method_16075(MinecraftServer.java:758) ~[server-intermediary.jar:?]
	at net.minecraft.class_1255.method_18857(class_1255.java:139) ~[server-intermediary.jar:?]
	at net.minecraft.server.MinecraftServer.method_16208(MinecraftServer.java:743) ~[server-intermediary.jar:?]
	at net.minecraft.server.MinecraftServer.method_29741(MinecraftServer.java:675) ~[server-intermediary.jar:?]
	at net.minecraft.server.MinecraftServer.method_29739(MinecraftServer.java:265) ~[server-intermediary.jar:?]
	at java.lang.Thread.run(Thread.java:840) ~[?:?]
[00:32:11] [Server thread/ERROR]: Parsing error loading recipe knavesneeds:betternether/cincinnasite_diamond/rapier
com.google.gson.JsonSyntaxException: Unknown item 'betterend:cincinnasite_diamond_upgrade_smithing_template'
	at net.minecraft.class_1869.method_17878(class_1869.java:272) ~[server-intermediary.jar:?]
	at java.util.Optional.orElseThrow(Optional.java:403) ~[?:?]
	at net.minecraft.class_1869.method_8155(class_1869.java:272) ~[server-intermediary.jar:?]
	at net.minecraft.class_1856.method_8107(class_1856.java:160) ~[server-intermediary.jar:?]
	at net.minecraft.class_1856.method_8102(class_1856.java:143) ~[server-intermediary.jar:?]
	at net.minecraft.class_1856.method_52177(class_1856.java:135) ~[server-intermediary.jar:?]
	at net.minecraft.class_8060$class_8061.method_48455(class_8060.java:87) ~[server-intermediary.jar:?]
	at net.minecraft.class_8060$class_8061.method_8121(class_8060.java:84) ~[server-intermediary.jar:?]
	at net.minecraft.class_1863.method_17720(class_1863.java:135) ~[server-intermediary.jar:?]
	at net.minecraft.class_1863.method_20705(class_1863.java:56) ~[server-intermediary.jar:?]
	at net.minecraft.class_1863.method_18788(class_1863.java:35) ~[server-intermediary.jar:?]
	at net.minecraft.class_4080.method_18790(class_4080.java:13) ~[server-intermediary.jar:?]
	at java.util.concurrent.CompletableFuture$UniAccept.tryFire(CompletableFuture.java:718) ~[?:?]
	at java.util.concurrent.CompletableFuture$Completion.run(CompletableFuture.java:482) ~[?:?]
	at net.minecraft.class_4014.method_18365(class_4014.java:69) ~[server-intermediary.jar:?]
	at net.minecraft.class_3738.run(class_3738.java:18) ~[server-intermediary.jar:?]
	at net.minecraft.class_1255.method_18859(class_1255.java:156) ~[server-intermediary.jar:?]
	at net.minecraft.class_4093.method_18859(class_4093.java:23) ~[server-intermediary.jar:?]
	at net.minecraft.server.MinecraftServer.method_24306(MinecraftServer.java:782) ~[server-intermediary.jar:?]
	at net.minecraft.server.MinecraftServer.method_18859(MinecraftServer.java:164) ~[server-intermediary.jar:?]
	at net.minecraft.class_1255.method_16075(class_1255.java:130) ~[server-intermediary.jar:?]
	at net.minecraft.server.MinecraftServer.method_20415(MinecraftServer.java:764) ~[server-intermediary.jar:?]
	at net.minecraft.server.MinecraftServer.method_16075(MinecraftServer.java:758) ~[server-intermediary.jar:?]
	at net.minecraft.class_1255.method_18857(class_1255.java:139) ~[server-intermediary.jar:?]
	at net.minecraft.server.MinecraftServer.method_29439(MinecraftServer.java:1345) ~[server-intermediary.jar:?]
	at net.minecraft.class_3097.method_29480(class_3097.java:22) ~[server-intermediary.jar:?]
	at net.minecraft.class_3097.method_13530(class_3097.java:53) ~[server-intermediary.jar:?]
	at com.mojang.brigadier.CommandDispatcher.execute(CommandDispatcher.java:264) ~[brigadier-1.1.8.jar:?]
	at net.minecraft.class_2158$class_2160.method_36318(class_2158.java:96) ~[server-intermediary.jar:?]
	at net.minecraft.class_2158$class_2160.method_9198(class_2158.java:90) ~[server-intermediary.jar:?]
	at net.minecraft.class_2991$class_2992.method_12914(class_2991.java:135) ~[server-intermediary.jar:?]
	at net.minecraft.class_2991$class_6345.method_36346(class_2991.java:210) ~[server-intermediary.jar:?]
	at net.minecraft.class_2991.method_36341(class_2991.java:85) ~[server-intermediary.jar:?]
	at net.minecraft.class_2991.method_12904(class_2991.java:69) ~[server-intermediary.jar:?]
	at net.minecraft.class_3062.method_13381(class_3062.java:46) ~[server-intermediary.jar:?]
	at net.minecraft.class_3062.method_13383(class_3062.java:35) ~[server-intermediary.jar:?]
	at com.mojang.brigadier.CommandDispatcher.execute(CommandDispatcher.java:264) ~[brigadier-1.1.8.jar:?]
	at net.minecraft.class_2170.redirect$zia000$architectury$performCommand(class_2170.java:1045) ~[server-intermediary.jar:?]
	at net.minecraft.class_2170.method_9249(class_2170.java:287) ~[server-intermediary.jar:?]
	at net.minecraft.class_2170.method_44252(class_2170.java:280) ~[server-intermediary.jar:?]
	at dev.ftb.mods.ftbquests.quest.reward.CommandReward.claim(CommandReward.java:104) ~[ftb-quests-fabric-2001.4.5.jar:?]
	at dev.ftb.mods.ftbquests.quest.TeamData.claimReward(TeamData.java:538) ~[ftb-quests-fabric-2001.4.5.jar:?]
	at dev.ftb.mods.ftbquests.quest.TeamData.checkAutoCompletion(TeamData.java:568) ~[ftb-quests-fabric-2001.4.5.jar:?]
	at dev.ftb.mods.ftbquests.quest.Quest.onCompleted(Quest.java:544) ~[ftb-quests-fabric-2001.4.5.jar:?]
	at dev.ftb.mods.ftbquests.quest.ServerQuestFile.lambda$playerLoggedIn$4(ServerQuestFile.java:185) ~[ftb-quests-fabric-2001.4.5.jar:?]
	at java.util.ArrayList.forEach(ArrayList.java:1511) ~[?:?]
	at java.util.Collections$UnmodifiableCollection.forEach(Collections.java:1093) ~[?:?]
	at dev.ftb.mods.ftbquests.quest.BaseQuestFile.lambda$forAllQuests$48(BaseQuestFile.java:1402) ~[ftb-quests-fabric-2001.4.5.jar:?]
	at java.util.ArrayList.forEach(ArrayList.java:1511) ~[?:?]
	at java.util.Collections$UnmodifiableCollection.forEach(Collections.java:1093) ~[?:?]
	at dev.ftb.mods.ftbquests.quest.BaseQuestFile.lambda$forAllChapters$47(BaseQuestFile.java:1397) ~[ftb-quests-fabric-2001.4.5.jar:?]
	at java.util.ArrayList.forEach(ArrayList.java:1511) ~[?:?]
	at dev.ftb.mods.ftbquests.quest.BaseQuestFile.forAllChapterGroups(BaseQuestFile.java:1392) ~[ftb-quests-fabric-2001.4.5.jar:?]
	at dev.ftb.mods.ftbquests.quest.BaseQuestFile.forAllChapters(BaseQuestFile.java:1397) ~[ftb-quests-fabric-2001.4.5.jar:?]
	at dev.ftb.mods.ftbquests.quest.BaseQuestFile.forAllQuests(BaseQuestFile.java:1402) ~[ftb-quests-fabric-2001.4.5.jar:?]
	at dev.ftb.mods.ftbquests.quest.ServerQuestFile.lambda$playerLoggedIn$5(ServerQuestFile.java:179) ~[ftb-quests-fabric-2001.4.5.jar:?]
	at dev.ftb.mods.ftbquests.quest.ServerQuestFile.withPlayerContext(ServerQuestFile.java:159) ~[ftb-quests-fabric-2001.4.5.jar:?]
	at dev.ftb.mods.ftbquests.quest.ServerQuestFile.playerLoggedIn(ServerQuestFile.java:179) ~[ftb-quests-fabric-2001.4.5.jar:?]
	at dev.ftb.mods.ftbquests.FTBQuestsEventHandler.playerLoggedIn(FTBQuestsEventHandler.java:104) ~[ftb-quests-fabric-2001.4.5.jar:?]
	at java.lang.invoke.MethodHandle.invokeWithArguments(MethodHandle.java:732) ~[?:?]
	at dev.architectury.event.EventFactory.invokeMethod(EventFactory.java:53) ~[architectury-9.2.14-fabric.jar:?]
	at dev.architectury.event.EventFactory$4.handleInvocation(EventFactory.java:125) ~[architectury-9.2.14-fabric.jar:?]
	at com.google.common.reflect.AbstractInvocationHandler.invoke(AbstractInvocationHandler.java:87) ~[guava-31.1-jre.jar:?]
	at jdk.proxy2.$Proxy202.accept(Unknown Source) ~[?:?]
	at dev.ftb.mods.ftbteams.data.TeamManagerImpl.playerLoggedIn(TeamManagerImpl.java:319) ~[ftb-teams-fabric-2001.3.0.jar:?]
	at dev.ftb.mods.ftbteams.FTBTeams.playerLoggedIn(FTBTeams.java:77) ~[ftb-teams-fabric-2001.3.0.jar:?]
	at java.lang.invoke.MethodHandle.invokeWithArguments(MethodHandle.java:732) ~[?:?]
	at dev.architectury.event.EventFactory.invokeMethod(EventFactory.java:53) ~[architectury-9.2.14-fabric.jar:?]
	at dev.architectury.event.EventFactory$1.handleInvocation(EventFactory.java:62) ~[architectury-9.2.14-fabric.jar:?]
	at com.google.common.reflect.AbstractInvocationHandler.invoke(AbstractInvocationHandler.java:87) ~[guava-31.1-jre.jar:?]
	at jdk.proxy2.$Proxy201.join(Unknown Source) ~[?:?]
	at net.minecraft.class_3324.handler$zjc000$architectury$placeNewPlayer(class_3324.java:2520) ~[server-intermediary.jar:?]
	at net.minecraft.class_3324.method_14570(class_3324.java:307) ~[server-intermediary.jar:?]
	at net.minecraft.class_3248.method_33800(class_3248.java:131) ~[server-intermediary.jar:?]
	at net.minecraft.class_3248.mdcaa83c$polymer-networking$lambda$polymerNet$prePlayHandshakeHackfest$0$0(class_3248.java:549) ~[server-intermediary.jar:?]
	at eu.pb4.polymer.networking.impl.EarlyConnectionMagic.lambda$handle$0(EarlyConnectionMagic.java:32) ~[polymer-networking-0.5.15+1.20.1-dc18d44a422d3193.jar:?]
	at eu.pb4.polymer.networking.api.EarlyPlayNetworkHandler.lambda$onKeepAlive$0(EarlyPlayNetworkHandler.java:108) ~[polymer-networking-0.5.15+1.20.1-dc18d44a422d3193.jar:?]
	at net.minecraft.class_3738.run(class_3738.java:18) ~[server-intermediary.jar:?]
	at net.minecraft.class_1255.method_18859(class_1255.java:156) ~[server-intermediary.jar:?]
	at net.minecraft.class_4093.method_18859(class_4093.java:23) ~[server-intermediary.jar:?]
	at net.minecraft.server.MinecraftServer.method_24306(MinecraftServer.java:782) ~[server-intermediary.jar:?]
	at net.minecraft.server.MinecraftServer.method_18859(MinecraftServer.java:164) ~[server-intermediary.jar:?]
	at net.minecraft.class_1255.method_16075(class_1255.java:130) ~[server-intermediary.jar:?]
	at net.minecraft.server.MinecraftServer.method_20415(MinecraftServer.java:764) ~[server-intermediary.jar:?]
	at net.minecraft.server.MinecraftServer.method_16075(MinecraftServer.java:758) ~[server-intermediary.jar:?]
	at net.minecraft.class_1255.method_18857(class_1255.java:139) ~[server-intermediary.jar:?]
	at net.minecraft.server.MinecraftServer.method_16208(MinecraftServer.java:743) ~[server-intermediary.jar:?]
	at net.minecraft.server.MinecraftServer.method_29741(MinecraftServer.java:675) ~[server-intermediary.jar:?]
	at net.minecraft.server.MinecraftServer.method_29739(MinecraftServer.java:265) ~[server-intermediary.jar:?]
	at java.lang.Thread.run(Thread.java:840) ~[?:?]
[00:32:21] [spark-async-sampler-worker-thread/WARN]: Timed out waiting for world statistics
[00:32:34] [Server thread/ERROR]: Parsing error loading recipe knavesneeds:betternether/cincinnasite_diamond/sai
com.google.gson.JsonSyntaxException: Unknown item 'betterend:cincinnasite_diamond_upgrade_smithing_template'
	at net.minecraft.class_1869.method_17878(class_1869.java:272) ~[server-intermediary.jar:?]
	at java.util.Optional.orElseThrow(Optional.java:403) ~[?:?]
	at net.minecraft.class_1869.method_8155(class_1869.java:272) ~[server-intermediary.jar:?]
	at net.minecraft.class_1856.method_8107(class_1856.java:160) ~[server-intermediary.jar:?]
	at net.minecraft.class_1856.method_8102(class_1856.java:143) ~[server-intermediary.jar:?]
	at net.minecraft.class_1856.method_52177(class_1856.java:135) ~[server-intermediary.jar:?]
	at net.minecraft.class_8060$class_8061.method_48455(class_8060.java:87) ~[server-intermediary.jar:?]
	at net.minecraft.class_8060$class_8061.method_8121(class_8060.java:84) ~[server-intermediary.jar:?]
	at net.minecraft.class_1863.method_17720(class_1863.java:135) ~[server-intermediary.jar:?]
	at net.minecraft.class_1863.method_20705(class_1863.java:56) ~[server-intermediary.jar:?]
	at net.minecraft.class_1863.method_18788(class_1863.java:35) ~[server-intermediary.jar:?]
	at net.minecraft.class_4080.method_18790(class_4080.java:13) ~[server-intermediary.jar:?]
	at java.util.concurrent.CompletableFuture$UniAccept.tryFire(CompletableFuture.java:718) ~[?:?]
	at java.util.concurrent.CompletableFuture$Completion.run(CompletableFuture.java:482) ~[?:?]
	at net.minecraft.class_4014.method_18365(class_4014.java:69) ~[server-intermediary.jar:?]
	at net.minecraft.class_3738.run(class_3738.java:18) ~[server-intermediary.jar:?]
	at net.minecraft.class_1255.method_18859(class_1255.java:156) ~[server-intermediary.jar:?]
	at net.minecraft.class_4093.method_18859(class_4093.java:23) ~[server-intermediary.jar:?]
	at net.minecraft.server.MinecraftServer.method_24306(MinecraftServer.java:782) ~[server-intermediary.jar:?]
	at net.minecraft.server.MinecraftServer.method_18859(MinecraftServer.java:164) ~[server-intermediary.jar:?]
	at net.minecraft.class_1255.method_16075(class_1255.java:130) ~[server-intermediary.jar:?]
	at net.minecraft.server.MinecraftServer.method_20415(MinecraftServer.java:764) ~[server-intermediary.jar:?]
	at net.minecraft.server.MinecraftServer.method_16075(MinecraftServer.java:758) ~[server-intermediary.jar:?]
	at net.minecraft.class_1255.method_18857(class_1255.java:139) ~[server-intermediary.jar:?]
	at net.minecraft.server.MinecraftServer.method_29439(MinecraftServer.java:1345) ~[server-intermediary.jar:?]
	at net.minecraft.class_3097.method_29480(class_3097.java:22) ~[server-intermediary.jar:?]
	at net.minecraft.class_3097.method_13530(class_3097.java:53) ~[server-intermediary.jar:?]
	at com.mojang.brigadier.CommandDispatcher.execute(CommandDispatcher.java:264) ~[brigadier-1.1.8.jar:?]
	at net.minecraft.class_2158$class_2160.method_36318(class_2158.java:96) ~[server-intermediary.jar:?]
	at net.minecraft.class_2158$class_2160.method_9198(class_2158.java:90) ~[server-intermediary.jar:?]
	at net.minecraft.class_2991$class_2992.method_12914(class_2991.java:135) ~[server-intermediary.jar:?]
	at net.minecraft.class_2991$class_6345.method_36346(class_2991.java:210) ~[server-intermediary.jar:?]
	at net.minecraft.class_2991.method_36341(class_2991.java:85) ~[server-intermediary.jar:?]
	at net.minecraft.class_2991.method_12904(class_2991.java:69) ~[server-intermediary.jar:?]
	at net.minecraft.class_3062.method_13381(class_3062.java:46) ~[server-intermediary.jar:?]
	at net.minecraft.class_3062.method_13383(class_3062.java:35) ~[server-intermediary.jar:?]
	at com.mojang.brigadier.CommandDispatcher.execute(CommandDispatcher.java:264) ~[brigadier-1.1.8.jar:?]
	at net.minecraft.class_2170.redirect$zia000$architectury$performCommand(class_2170.java:1045) ~[server-intermediary.jar:?]
	at net.minecraft.class_2170.method_9249(class_2170.java:287) ~[server-intermediary.jar:?]
	at net.minecraft.class_2170.method_44252(class_2170.java:280) ~[server-intermediary.jar:?]
	at dev.ftb.mods.ftbquests.quest.reward.CommandReward.claim(CommandReward.java:104) ~[ftb-quests-fabric-2001.4.5.jar:?]
	at dev.ftb.mods.ftbquests.quest.TeamData.claimReward(TeamData.java:538) ~[ftb-quests-fabric-2001.4.5.jar:?]
	at dev.ftb.mods.ftbquests.quest.TeamData.checkAutoCompletion(TeamData.java:568) ~[ftb-quests-fabric-2001.4.5.jar:?]
	at dev.ftb.mods.ftbquests.quest.Quest.onCompleted(Quest.java:544) ~[ftb-quests-fabric-2001.4.5.jar:?]
	at dev.ftb.mods.ftbquests.quest.ServerQuestFile.lambda$playerLoggedIn$4(ServerQuestFile.java:185) ~[ftb-quests-fabric-2001.4.5.jar:?]
	at java.util.ArrayList.forEach(ArrayList.java:1511) ~[?:?]
	at java.util.Collections$UnmodifiableCollection.forEach(Collections.java:1093) ~[?:?]
	at dev.ftb.mods.ftbquests.quest.BaseQuestFile.lambda$forAllQuests$48(BaseQuestFile.java:1402) ~[ftb-quests-fabric-2001.4.5.jar:?]
	at java.util.ArrayList.forEach(ArrayList.java:1511) ~[?:?]
	at java.util.Collections$UnmodifiableCollection.forEach(Collections.java:1093) ~[?:?]
	at dev.ftb.mods.ftbquests.quest.BaseQuestFile.lambda$forAllChapters$47(BaseQuestFile.java:1397) ~[ftb-quests-fabric-2001.4.5.jar:?]
	at java.util.ArrayList.forEach(ArrayList.java:1511) ~[?:?]
	at dev.ftb.mods.ftbquests.quest.BaseQuestFile.forAllChapterGroups(BaseQuestFile.java:1392) ~[ftb-quests-fabric-2001.4.5.jar:?]
	at dev.ftb.mods.ftbquests.quest.BaseQuestFile.forAllChapters(BaseQuestFile.java:1397) ~[ftb-quests-fabric-2001.4.5.jar:?]
	at dev.ftb.mods.ftbquests.quest.BaseQuestFile.forAllQuests(BaseQuestFile.java:1402) ~[ftb-quests-fabric-2001.4.5.jar:?]
	at dev.ftb.mods.ftbquests.quest.ServerQuestFile.lambda$playerLoggedIn$5(ServerQuestFile.java:179) ~[ftb-quests-fabric-2001.4.5.jar:?]
	at dev.ftb.mods.ftbquests.quest.ServerQuestFile.withPlayerContext(ServerQuestFile.java:159) ~[ftb-quests-fabric-2001.4.5.jar:?]
	at dev.ftb.mods.ftbquests.quest.ServerQuestFile.playerLoggedIn(ServerQuestFile.java:179) ~[ftb-quests-fabric-2001.4.5.jar:?]
	at dev.ftb.mods.ftbquests.FTBQuestsEventHandler.playerLoggedIn(FTBQuestsEventHandler.java:104) ~[ftb-quests-fabric-2001.4.5.jar:?]
	at java.lang.invoke.MethodHandle.invokeWithArguments(MethodHandle.java:732) ~[?:?]
	at dev.architectury.event.EventFactory.invokeMethod(EventFactory.java:53) ~[architectury-9.2.14-fabric.jar:?]
	at dev.architectury.event.EventFactory$4.handleInvocation(EventFactory.java:125) ~[architectury-9.2.14-fabric.jar:?]
	at com.google.common.reflect.AbstractInvocationHandler.invoke(AbstractInvocationHandler.java:87) ~[guava-31.1-jre.jar:?]
	at jdk.proxy2.$Proxy202.accept(Unknown Source) ~[?:?]
	at dev.ftb.mods.ftbteams.data.TeamManagerImpl.playerLoggedIn(TeamManagerImpl.java:319) ~[ftb-teams-fabric-2001.3.0.jar:?]
	at dev.ftb.mods.ftbteams.FTBTeams.playerLoggedIn(FTBTeams.java:77) ~[ftb-teams-fabric-2001.3.0.jar:?]
	at java.lang.invoke.MethodHandle.invokeWithArguments(MethodHandle.java:732) ~[?:?]
	at dev.architectury.event.EventFactory.invokeMethod(EventFactory.java:53) ~[architectury-9.2.14-fabric.jar:?]
	at dev.architectury.event.EventFactory$1.handleInvocation(EventFactory.java:62) ~[architectury-9.2.14-fabric.jar:?]
	at com.google.common.reflect.AbstractInvocationHandler.invoke(AbstractInvocationHandler.java:87) ~[guava-31.1-jre.jar:?]
	at jdk.proxy2.$Proxy201.join(Unknown Source) ~[?:?]
	at net.minecraft.class_3324.handler$zjc000$architectury$placeNewPlayer(class_3324.java:2520) ~[server-intermediary.jar:?]
	at net.minecraft.class_3324.method_14570(class_3324.java:307) ~[server-intermediary.jar:?]
	at net.minecraft.class_3248.method_33800(class_3248.java:131) ~[server-intermediary.jar:?]
	at net.minecraft.class_3248.mdcaa83c$polymer-networking$lambda$polymerNet$prePlayHandshakeHackfest$0$0(class_3248.java:549) ~[server-intermediary.jar:?]
	at eu.pb4.polymer.networking.impl.EarlyConnectionMagic.lambda$handle$0(EarlyConnectionMagic.java:32) ~[polymer-networking-0.5.15+1.20.1-dc18d44a422d3193.jar:?]
	at eu.pb4.polymer.networking.api.EarlyPlayNetworkHandler.lambda$onKeepAlive$0(EarlyPlayNetworkHandler.java:108) ~[polymer-networking-0.5.15+1.20.1-dc18d44a422d3193.jar:?]
	at net.minecraft.class_3738.run(class_3738.java:18) ~[server-intermediary.jar:?]
	at net.minecraft.class_1255.method_18859(class_1255.java:156) ~[server-intermediary.jar:?]
	at net.minecraft.class_4093.method_18859(class_4093.java:23) ~[server-intermediary.jar:?]
	at net.minecraft.server.MinecraftServer.method_24306(MinecraftServer.java:782) ~[server-intermediary.jar:?]
	at net.minecraft.server.MinecraftServer.method_18859(MinecraftServer.java:164) ~[server-intermediary.jar:?]
	at net.minecraft.class_1255.method_16075(class_1255.java:130) ~[server-intermediary.jar:?]
	at net.minecraft.server.MinecraftServer.method_20415(MinecraftServer.java:764) ~[server-intermediary.jar:?]
	at net.minecraft.server.MinecraftServer.method_16075(MinecraftServer.java:758) ~[server-intermediary.jar:?]
	at net.minecraft.class_1255.method_18857(class_1255.java:139) ~[server-intermediary.jar:?]
	at net.minecraft.server.MinecraftServer.method_16208(MinecraftServer.java:743) ~[server-intermediary.jar:?]
	at net.minecraft.server.MinecraftServer.method_29741(MinecraftServer.java:675) ~[server-intermediary.jar:?]
	at net.minecraft.server.MinecraftServer.method_29739(MinecraftServer.java:265) ~[server-intermediary.jar:?]
	at java.lang.Thread.run(Thread.java:840) ~[?:?]
[00:32:34] [Server thread/ERROR]: Parsing error loading recipe bewitchment:cauldron_brewing/polymorph
com.google.gson.JsonSyntaxException: Missing type, expected to find a string
	at net.minecraft.class_3518.method_15265(class_3518.java:127) ~[server-intermediary.jar:?]
	at net.minecraft.class_1863.method_17720(class_1863.java:132) ~[server-intermediary.jar:?]
	at net.minecraft.class_1863.method_20705(class_1863.java:56) ~[server-intermediary.jar:?]
	at net.minecraft.class_1863.method_18788(class_1863.java:35) ~[server-intermediary.jar:?]
	at net.minecraft.class_4080.method_18790(class_4080.java:13) ~[server-intermediary.jar:?]
	at java.util.concurrent.CompletableFuture$UniAccept.tryFire(CompletableFuture.java:718) ~[?:?]
	at java.util.concurrent.CompletableFuture$Completion.run(CompletableFuture.java:482) ~[?:?]
	at net.minecraft.class_4014.method_18365(class_4014.java:69) ~[server-intermediary.jar:?]
	at net.minecraft.class_3738.run(class_3738.java:18) ~[server-intermediary.jar:?]
	at net.minecraft.class_1255.method_18859(class_1255.java:156) ~[server-intermediary.jar:?]
	at net.minecraft.class_4093.method_18859(class_4093.java:23) ~[server-intermediary.jar:?]
	at net.minecraft.server.MinecraftServer.method_24306(MinecraftServer.java:782) ~[server-intermediary.jar:?]
	at net.minecraft.server.MinecraftServer.method_18859(MinecraftServer.java:164) ~[server-intermediary.jar:?]
	at net.minecraft.class_1255.method_16075(class_1255.java:130) ~[server-intermediary.jar:?]
	at net.minecraft.server.MinecraftServer.method_20415(MinecraftServer.java:764) ~[server-intermediary.jar:?]
	at net.minecraft.server.MinecraftServer.method_16075(MinecraftServer.java:758) ~[server-intermediary.jar:?]
	at net.minecraft.class_1255.method_18857(class_1255.java:139) ~[server-intermediary.jar:?]
	at net.minecraft.server.MinecraftServer.method_29439(MinecraftServer.java:1345) ~[server-intermediary.jar:?]
	at net.minecraft.class_3097.method_29480(class_3097.java:22) ~[server-intermediary.jar:?]
	at net.minecraft.class_3097.method_13530(class_3097.java:53) ~[server-intermediary.jar:?]
	at com.mojang.brigadier.CommandDispatcher.execute(CommandDispatcher.java:264) ~[brigadier-1.1.8.jar:?]
	at net.minecraft.class_2158$class_2160.method_36318(class_2158.java:96) ~[server-intermediary.jar:?]
	at net.minecraft.class_2158$class_2160.method_9198(class_2158.java:90) ~[server-intermediary.jar:?]
	at net.minecraft.class_2991$class_2992.method_12914(class_2991.java:135) ~[server-intermediary.jar:?]
	at net.minecraft.class_2991$class_6345.method_36346(class_2991.java:210) ~[server-intermediary.jar:?]
	at net.minecraft.class_2991.method_36341(class_2991.java:85) ~[server-intermediary.jar:?]
	at net.minecraft.class_2991.method_12904(class_2991.java:69) ~[server-intermediary.jar:?]
	at net.minecraft.class_3062.method_13381(class_3062.java:46) ~[server-intermediary.jar:?]
	at net.minecraft.class_3062.method_13383(class_3062.java:35) ~[server-intermediary.jar:?]
	at com.mojang.brigadier.CommandDispatcher.execute(CommandDispatcher.java:264) ~[brigadier-1.1.8.jar:?]
	at net.minecraft.class_2170.redirect$zia000$architectury$performCommand(class_2170.java:1045) ~[server-intermediary.jar:?]
	at net.minecraft.class_2170.method_9249(class_2170.java:287) ~[server-intermediary.jar:?]
	at net.minecraft.class_2170.method_44252(class_2170.java:280) ~[server-intermediary.jar:?]
	at dev.ftb.mods.ftbquests.quest.reward.CommandReward.claim(CommandReward.java:104) ~[ftb-quests-fabric-2001.4.5.jar:?]
	at dev.ftb.mods.ftbquests.quest.TeamData.claimReward(TeamData.java:538) ~[ftb-quests-fabric-2001.4.5.jar:?]
	at dev.ftb.mods.ftbquests.quest.TeamData.checkAutoCompletion(TeamData.java:568) ~[ftb-quests-fabric-2001.4.5.jar:?]
	at dev.ftb.mods.ftbquests.quest.Quest.onCompleted(Quest.java:544) ~[ftb-quests-fabric-2001.4.5.jar:?]
	at dev.ftb.mods.ftbquests.quest.ServerQuestFile.lambda$playerLoggedIn$4(ServerQuestFile.java:185) ~[ftb-quests-fabric-2001.4.5.jar:?]
	at java.util.ArrayList.forEach(ArrayList.java:1511) ~[?:?]
	at java.util.Collections$UnmodifiableCollection.forEach(Collections.java:1093) ~[?:?]
	at dev.ftb.mods.ftbquests.quest.BaseQuestFile.lambda$forAllQuests$48(BaseQuestFile.java:1402) ~[ftb-quests-fabric-2001.4.5.jar:?]
	at java.util.ArrayList.forEach(ArrayList.java:1511) ~[?:?]
	at java.util.Collections$UnmodifiableCollection.forEach(Collections.java:1093) ~[?:?]
	at dev.ftb.mods.ftbquests.quest.BaseQuestFile.lambda$forAllChapters$47(BaseQuestFile.java:1397) ~[ftb-quests-fabric-2001.4.5.jar:?]
	at java.util.ArrayList.forEach(ArrayList.java:1511) ~[?:?]
	at dev.ftb.mods.ftbquests.quest.BaseQuestFile.forAllChapterGroups(BaseQuestFile.java:1392) ~[ftb-quests-fabric-2001.4.5.jar:?]
	at dev.ftb.mods.ftbquests.quest.BaseQuestFile.forAllChapters(BaseQuestFile.java:1397) ~[ftb-quests-fabric-2001.4.5.jar:?]
	at dev.ftb.mods.ftbquests.quest.BaseQuestFile.forAllQuests(BaseQuestFile.java:1402) ~[ftb-quests-fabric-2001.4.5.jar:?]
	at dev.ftb.mods.ftbquests.quest.ServerQuestFile.lambda$playerLoggedIn$5(ServerQuestFile.java:179) ~[ftb-quests-fabric-2001.4.5.jar:?]
	at dev.ftb.mods.ftbquests.quest.ServerQuestFile.withPlayerContext(ServerQuestFile.java:159) ~[ftb-quests-fabric-2001.4.5.jar:?]
	at dev.ftb.mods.ftbquests.quest.ServerQuestFile.playerLoggedIn(ServerQuestFile.java:179) ~[ftb-quests-fabric-2001.4.5.jar:?]
	at dev.ftb.mods.ftbquests.FTBQuestsEventHandler.playerLoggedIn(FTBQuestsEventHandler.java:104) ~[ftb-quests-fabric-2001.4.5.jar:?]
	at java.lang.invoke.MethodHandle.invokeWithArguments(MethodHandle.java:732) ~[?:?]
	at dev.architectury.event.EventFactory.invokeMethod(EventFactory.java:53) ~[architectury-9.2.14-fabric.jar:?]
	at dev.architectury.event.EventFactory$4.handleInvocation(EventFactory.java:125) ~[architectury-9.2.14-fabric.jar:?]
	at com.google.common.reflect.AbstractInvocationHandler.invoke(AbstractInvocationHandler.java:87) ~[guava-31.1-jre.jar:?]
	at jdk.proxy2.$Proxy202.accept(Unknown Source) ~[?:?]
	at dev.ftb.mods.ftbteams.data.TeamManagerImpl.playerLoggedIn(TeamManagerImpl.java:319) ~[ftb-teams-fabric-2001.3.0.jar:?]
	at dev.ftb.mods.ftbteams.FTBTeams.playerLoggedIn(FTBTeams.java:77) ~[ftb-teams-fabric-2001.3.0.jar:?]
	at java.lang.invoke.MethodHandle.invokeWithArguments(MethodHandle.java:732) ~[?:?]
	at dev.architectury.event.EventFactory.invokeMethod(EventFactory.java:53) ~[architectury-9.2.14-fabric.jar:?]
	at dev.architectury.event.EventFactory$1.handleInvocation(EventFactory.java:62) ~[architectury-9.2.14-fabric.jar:?]
	at com.google.common.reflect.AbstractInvocationHandler.invoke(AbstractInvocationHandler.java:87) ~[guava-31.1-jre.jar:?]
	at jdk.proxy2.$Proxy201.join(Unknown Source) ~[?:?]
	at net.minecraft.class_3324.handler$zjc000$architectury$placeNewPlayer(class_3324.java:2520) ~[server-intermediary.jar:?]
	at net.minecraft.class_3324.method_14570(class_3324.java:307) ~[server-intermediary.jar:?]
	at net.minecraft.class_3248.method_33800(class_3248.java:131) ~[server-intermediary.jar:?]
	at net.minecraft.class_3248.mdcaa83c$polymer-networking$lambda$polymerNet$prePlayHandshakeHackfest$0$0(class_3248.java:549) ~[server-intermediary.jar:?]
	at eu.pb4.polymer.networking.impl.EarlyConnectionMagic.lambda$handle$0(EarlyConnectionMagic.java:32) ~[polymer-networking-0.5.15+1.20.1-dc18d44a422d3193.jar:?]
	at eu.pb4.polymer.networking.api.EarlyPlayNetworkHandler.lambda$onKeepAlive$0(EarlyPlayNetworkHandler.java:108) ~[polymer-networking-0.5.15+1.20.1-dc18d44a422d3193.jar:?]
	at net.minecraft.class_3738.run(class_3738.java:18) ~[server-intermediary.jar:?]
	at net.minecraft.class_1255.method_18859(class_1255.java:156) ~[server-intermediary.jar:?]
	at net.minecraft.class_4093.method_18859(class_4093.java:23) ~[server-intermediary.jar:?]
	at net.minecraft.server.MinecraftServer.method_24306(MinecraftServer.java:782) ~[server-intermediary.jar:?]
	at net.minecraft.server.MinecraftServer.method_18859(MinecraftServer.java:164) ~[server-intermediary.jar:?]
	at net.minecraft.class_1255.method_16075(class_1255.java:130) ~[server-intermediary.jar:?]
	at net.minecraft.server.MinecraftServer.method_20415(MinecraftServer.java:764) ~[server-intermediary.jar:?]
	at net.minecraft.server.MinecraftServer.method_16075(MinecraftServer.java:758) ~[server-intermediary.jar:?]
	at net.minecraft.class_1255.method_18857(class_1255.java:139) ~[server-intermediary.jar:?]
	at net.minecraft.server.MinecraftServer.method_16208(MinecraftServer.java:743) ~[server-intermediary.jar:?]
	at net.minecraft.server.MinecraftServer.method_29741(MinecraftServer.java:675) ~[server-intermediary.jar:?]
	at net.minecraft.server.MinecraftServer.method_29739(MinecraftServer.java:265) ~[server-intermediary.jar:?]
	at java.lang.Thread.run(Thread.java:840) ~[?:?]
[00:32:34] [Server thread/ERROR]: Parsing error loading recipe knavesneeds:betternether/cincinnasite_diamond/cutlass
com.google.gson.JsonSyntaxException: Unknown item 'betterend:cincinnasite_diamond_upgrade_smithing_template'
	at net.minecraft.class_1869.method_17878(class_1869.java:272) ~[server-intermediary.jar:?]
	at java.util.Optional.orElseThrow(Optional.java:403) ~[?:?]
	at net.minecraft.class_1869.method_8155(class_1869.java:272) ~[server-intermediary.jar:?]
	at net.minecraft.class_1856.method_8107(class_1856.java:160) ~[server-intermediary.jar:?]
	at net.minecraft.class_1856.method_8102(class_1856.java:143) ~[server-intermediary.jar:?]
	at net.minecraft.class_1856.method_52177(class_1856.java:135) ~[server-intermediary.jar:?]
	at net.minecraft.class_8060$class_8061.method_48455(class_8060.java:87) ~[server-intermediary.jar:?]
	at net.minecraft.class_8060$class_8061.method_8121(class_8060.java:84) ~[server-intermediary.jar:?]
	at net.minecraft.class_1863.method_17720(class_1863.java:135) ~[server-intermediary.jar:?]
	at net.minecraft.class_1863.method_20705(class_1863.java:56) ~[server-intermediary.jar:?]
	at net.minecraft.class_1863.method_18788(class_1863.java:35) ~[server-intermediary.jar:?]
	at net.minecraft.class_4080.method_18790(class_4080.java:13) ~[server-intermediary.jar:?]
	at java.util.concurrent.CompletableFuture$UniAccept.tryFire(CompletableFuture.java:718) ~[?:?]
	at java.util.concurrent.CompletableFuture$Completion.run(CompletableFuture.java:482) ~[?:?]
	at net.minecraft.class_4014.method_18365(class_4014.java:69) ~[server-intermediary.jar:?]
	at net.minecraft.class_3738.run(class_3738.java:18) ~[server-intermediary.jar:?]
	at net.minecraft.class_1255.method_18859(class_1255.java:156) ~[server-intermediary.jar:?]
	at net.minecraft.class_4093.method_18859(class_4093.java:23) ~[server-intermediary.jar:?]
	at net.minecraft.server.MinecraftServer.method_24306(MinecraftServer.java:782) ~[server-intermediary.jar:?]
	at net.minecraft.server.MinecraftServer.method_18859(MinecraftServer.java:164) ~[server-intermediary.jar:?]
	at net.minecraft.class_1255.method_16075(class_1255.java:130) ~[server-intermediary.jar:?]
	at net.minecraft.server.MinecraftServer.method_20415(MinecraftServer.java:764) ~[server-intermediary.jar:?]
	at net.minecraft.server.MinecraftServer.method_16075(MinecraftServer.java:758) ~[server-intermediary.jar:?]
	at net.minecraft.class_1255.method_18857(class_1255.java:139) ~[server-intermediary.jar:?]
	at net.minecraft.server.MinecraftServer.method_29439(MinecraftServer.java:1345) ~[server-intermediary.jar:?]
	at net.minecraft.class_3097.method_29480(class_3097.java:22) ~[server-intermediary.jar:?]
	at net.minecraft.class_3097.method_13530(class_3097.java:53) ~[server-intermediary.jar:?]
	at com.mojang.brigadier.CommandDispatcher.execute(CommandDispatcher.java:264) ~[brigadier-1.1.8.jar:?]
	at net.minecraft.class_2158$class_2160.method_36318(class_2158.java:96) ~[server-intermediary.jar:?]
	at net.minecraft.class_2158$class_2160.method_9198(class_2158.java:90) ~[server-intermediary.jar:?]
	at net.minecraft.class_2991$class_2992.method_12914(class_2991.java:135) ~[server-intermediary.jar:?]
	at net.minecraft.class_2991$class_6345.method_36346(class_2991.java:210) ~[server-intermediary.jar:?]
	at net.minecraft.class_2991.method_36341(class_2991.java:85) ~[server-intermediary.jar:?]
	at net.minecraft.class_2991.method_12904(class_2991.java:69) ~[server-intermediary.jar:?]
	at net.minecraft.class_3062.method_13381(class_3062.java:46) ~[server-intermediary.jar:?]
	at net.minecraft.class_3062.method_13383(class_3062.java:35) ~[server-intermediary.jar:?]
	at com.mojang.brigadier.CommandDispatcher.execute(CommandDispatcher.java:264) ~[brigadier-1.1.8.jar:?]
	at net.minecraft.class_2170.redirect$zia000$architectury$performCommand(class_2170.java:1045) ~[server-intermediary.jar:?]
	at net.minecraft.class_2170.method_9249(class_2170.java:287) ~[server-intermediary.jar:?]
	at net.minecraft.class_2170.method_44252(class_2170.java:280) ~[server-intermediary.jar:?]
	at dev.ftb.mods.ftbquests.quest.reward.CommandReward.claim(CommandReward.java:104) ~[ftb-quests-fabric-2001.4.5.jar:?]
	at dev.ftb.mods.ftbquests.quest.TeamData.claimReward(TeamData.java:538) ~[ftb-quests-fabric-2001.4.5.jar:?]
	at dev.ftb.mods.ftbquests.quest.TeamData.checkAutoCompletion(TeamData.java:568) ~[ftb-quests-fabric-2001.4.5.jar:?]
	at dev.ftb.mods.ftbquests.quest.Quest.onCompleted(Quest.java:544) ~[ftb-quests-fabric-2001.4.5.jar:?]
	at dev.ftb.mods.ftbquests.quest.ServerQuestFile.lambda$playerLoggedIn$4(ServerQuestFile.java:185) ~[ftb-quests-fabric-2001.4.5.jar:?]
	at java.util.ArrayList.forEach(ArrayList.java:1511) ~[?:?]
	at java.util.Collections$UnmodifiableCollection.forEach(Collections.java:1093) ~[?:?]
	at dev.ftb.mods.ftbquests.quest.BaseQuestFile.lambda$forAllQuests$48(BaseQuestFile.java:1402) ~[ftb-quests-fabric-2001.4.5.jar:?]
	at java.util.ArrayList.forEach(ArrayList.java:1511) ~[?:?]
	at java.util.Collections$UnmodifiableCollection.forEach(Collections.java:1093) ~[?:?]
	at dev.ftb.mods.ftbquests.quest.BaseQuestFile.lambda$forAllChapters$47(BaseQuestFile.java:1397) ~[ftb-quests-fabric-2001.4.5.jar:?]
	at java.util.ArrayList.forEach(ArrayList.java:1511) ~[?:?]
	at dev.ftb.mods.ftbquests.quest.BaseQuestFile.forAllChapterGroups(BaseQuestFile.java:1392) ~[ftb-quests-fabric-2001.4.5.jar:?]
	at dev.ftb.mods.ftbquests.quest.BaseQuestFile.forAllChapters(BaseQuestFile.java:1397) ~[ftb-quests-fabric-2001.4.5.jar:?]
	at dev.ftb.mods.ftbquests.quest.BaseQuestFile.forAllQuests(BaseQuestFile.java:1402) ~[ftb-quests-fabric-2001.4.5.jar:?]
	at dev.ftb.mods.ftbquests.quest.ServerQuestFile.lambda$playerLoggedIn$5(ServerQuestFile.java:179) ~[ftb-quests-fabric-2001.4.5.jar:?]
	at dev.ftb.mods.ftbquests.quest.ServerQuestFile.withPlayerContext(ServerQuestFile.java:159) ~[ftb-quests-fabric-2001.4.5.jar:?]
	at dev.ftb.mods.ftbquests.quest.ServerQuestFile.playerLoggedIn(ServerQuestFile.java:179) ~[ftb-quests-fabric-2001.4.5.jar:?]
	at dev.ftb.mods.ftbquests.FTBQuestsEventHandler.playerLoggedIn(FTBQuestsEventHandler.java:104) ~[ftb-quests-fabric-2001.4.5.jar:?]
	at java.lang.invoke.MethodHandle.invokeWithArguments(MethodHandle.java:732) ~[?:?]
	at dev.architectury.event.EventFactory.invokeMethod(EventFactory.java:53) ~[architectury-9.2.14-fabric.jar:?]
	at dev.architectury.event.EventFactory$4.handleInvocation(EventFactory.java:125) ~[architectury-9.2.14-fabric.jar:?]
	at com.google.common.reflect.AbstractInvocationHandler.invoke(AbstractInvocationHandler.java:87) ~[guava-31.1-jre.jar:?]
	at jdk.proxy2.$Proxy202.accept(Unknown Source) ~[?:?]
	at dev.ftb.mods.ftbteams.data.TeamManagerImpl.playerLoggedIn(TeamManagerImpl.java:319) ~[ftb-teams-fabric-2001.3.0.jar:?]
	at dev.ftb.mods.ftbteams.FTBTeams.playerLoggedIn(FTBTeams.java:77) ~[ftb-teams-fabric-2001.3.0.jar:?]
	at java.lang.invoke.MethodHandle.invokeWithArguments(MethodHandle.java:732) ~[?:?]
	at dev.architectury.event.EventFactory.invokeMethod(EventFactory.java:53) ~[architectury-9.2.14-fabric.jar:?]
	at dev.architectury.event.EventFactory$1.handleInvocation(EventFactory.java:62) ~[architectury-9.2.14-fabric.jar:?]
	at com.google.common.reflect.AbstractInvocationHandler.invoke(AbstractInvocationHandler.java:87) ~[guava-31.1-jre.jar:?]
	at jdk.proxy2.$Proxy201.join(Unknown Source) ~[?:?]
	at net.minecraft.class_3324.handler$zjc000$architectury$placeNewPlayer(class_3324.java:2520) ~[server-intermediary.jar:?]
	at net.minecraft.class_3324.method_14570(class_3324.java:307) ~[server-intermediary.jar:?]
	at net.minecraft.class_3248.method_33800(class_3248.java:131) ~[server-intermediary.jar:?]
	at net.minecraft.class_3248.mdcaa83c$polymer-networking$lambda$polymerNet$prePlayHandshakeHackfest$0$0(class_3248.java:549) ~[server-intermediary.jar:?]
	at eu.pb4.polymer.networking.impl.EarlyConnectionMagic.lambda$handle$0(EarlyConnectionMagic.java:32) ~[polymer-networking-0.5.15+1.20.1-dc18d44a422d3193.jar:?]
	at eu.pb4.polymer.networking.api.EarlyPlayNetworkHandler.lambda$onKeepAlive$0(EarlyPlayNetworkHandler.java:108) ~[polymer-networking-0.5.15+1.20.1-dc18d44a422d3193.jar:?]
	at net.minecraft.class_3738.run(class_3738.java:18) ~[server-intermediary.jar:?]
	at net.minecraft.class_1255.method_18859(class_1255.java:156) ~[server-intermediary.jar:?]
	at net.minecraft.class_4093.method_18859(class_4093.java:23) ~[server-intermediary.jar:?]
	at net.minecraft.server.MinecraftServer.method_24306(MinecraftServer.java:782) ~[server-intermediary.jar:?]
	at net.minecraft.server.MinecraftServer.method_18859(MinecraftServer.java:164) ~[server-intermediary.jar:?]
	at net.minecraft.class_1255.method_16075(class_1255.java:130) ~[server-intermediary.jar:?]
	at net.minecraft.server.MinecraftServer.method_20415(MinecraftServer.java:764) ~[server-intermediary.jar:?]
	at net.minecraft.server.MinecraftServer.method_16075(MinecraftServer.java:758) ~[server-intermediary.jar:?]
	at net.minecraft.class_1255.method_18857(class_1255.java:139) ~[server-intermediary.jar:?]
	at net.minecraft.server.MinecraftServer.method_16208(MinecraftServer.java:743) ~[server-intermediary.jar:?]
	at net.minecraft.server.MinecraftServer.method_29741(MinecraftServer.java:675) ~[server-intermediary.jar:?]
	at net.minecraft.server.MinecraftServer.method_29739(MinecraftServer.java:265) ~[server-intermediary.jar:?]
	at java.lang.Thread.run(Thread.java:840) ~[?:?]
[00:32:34] [Server thread/ERROR]: Parsing error loading recipe knavesneeds:betternether/cincinnasite_diamond/greathammer
com.google.gson.JsonSyntaxException: Unknown item 'betterend:cincinnasite_diamond_upgrade_smithing_template'
	at net.minecraft.class_1869.method_17878(class_1869.java:272) ~[server-intermediary.jar:?]
	at java.util.Optional.orElseThrow(Optional.java:403) ~[?:?]
	at net.minecraft.class_1869.method_8155(class_1869.java:272) ~[server-intermediary.jar:?]
	at net.minecraft.class_1856.method_8107(class_1856.java:160) ~[server-intermediary.jar:?]
	at net.minecraft.class_1856.method_8102(class_1856.java:143) ~[server-intermediary.jar:?]
	at net.minecraft.class_1856.method_52177(class_1856.java:135) ~[server-intermediary.jar:?]
	at net.minecraft.class_8060$class_8061.method_48455(class_8060.java:87) ~[server-intermediary.jar:?]
	at net.minecraft.class_8060$class_8061.method_8121(class_8060.java:84) ~[server-intermediary.jar:?]
	at net.minecraft.class_1863.method_17720(class_1863.java:135) ~[server-intermediary.jar:?]
	at net.minecraft.class_1863.method_20705(class_1863.java:56) ~[server-intermediary.jar:?]
	at net.minecraft.class_1863.method_18788(class_1863.java:35) ~[server-intermediary.jar:?]
	at net.minecraft.class_4080.method_18790(class_4080.java:13) ~[server-intermediary.jar:?]
	at java.util.concurrent.CompletableFuture$UniAccept.tryFire(CompletableFuture.java:718) ~[?:?]
	at java.util.concurrent.CompletableFuture$Completion.run(CompletableFuture.java:482) ~[?:?]
	at net.minecraft.class_4014.method_18365(class_4014.java:69) ~[server-intermediary.jar:?]
	at net.minecraft.class_3738.run(class_3738.java:18) ~[server-intermediary.jar:?]
	at net.minecraft.class_1255.method_18859(class_1255.java:156) ~[server-intermediary.jar:?]
	at net.minecraft.class_4093.method_18859(class_4093.java:23) ~[server-intermediary.jar:?]
	at net.minecraft.server.MinecraftServer.method_24306(MinecraftServer.java:782) ~[server-intermediary.jar:?]
	at net.minecraft.server.MinecraftServer.method_18859(MinecraftServer.java:164) ~[server-intermediary.jar:?]
	at net.minecraft.class_1255.method_16075(class_1255.java:130) ~[server-intermediary.jar:?]
	at net.minecraft.server.MinecraftServer.method_20415(MinecraftServer.java:764) ~[server-intermediary.jar:?]
	at net.minecraft.server.MinecraftServer.method_16075(MinecraftServer.java:758) ~[server-intermediary.jar:?]
	at net.minecraft.class_1255.method_18857(class_1255.java:139) ~[server-intermediary.jar:?]
	at net.minecraft.server.MinecraftServer.method_29439(MinecraftServer.java:1345) ~[server-intermediary.jar:?]
	at net.minecraft.class_3097.method_29480(class_3097.java:22) ~[server-intermediary.jar:?]
	at net.minecraft.class_3097.method_13530(class_3097.java:53) ~[server-intermediary.jar:?]
	at com.mojang.brigadier.CommandDispatcher.execute(CommandDispatcher.java:264) ~[brigadier-1.1.8.jar:?]
	at net.minecraft.class_2158$class_2160.method_36318(class_2158.java:96) ~[server-intermediary.jar:?]
	at net.minecraft.class_2158$class_2160.method_9198(class_2158.java:90) ~[server-intermediary.jar:?]
	at net.minecraft.class_2991$class_2992.method_12914(class_2991.java:135) ~[server-intermediary.jar:?]
	at net.minecraft.class_2991$class_6345.method_36346(class_2991.java:210) ~[server-intermediary.jar:?]
	at net.minecraft.class_2991.method_36341(class_2991.java:85) ~[server-intermediary.jar:?]
	at net.minecraft.class_2991.method_12904(class_2991.java:69) ~[server-intermediary.jar:?]
	at net.minecraft.class_3062.method_13381(class_3062.java:46) ~[server-intermediary.jar:?]
	at net.minecraft.class_3062.method_13383(class_3062.java:35) ~[server-intermediary.jar:?]
	at com.mojang.brigadier.CommandDispatcher.execute(CommandDispatcher.java:264) ~[brigadier-1.1.8.jar:?]
	at net.minecraft.class_2170.redirect$zia000$architectury$performCommand(class_2170.java:1045) ~[server-intermediary.jar:?]
	at net.minecraft.class_2170.method_9249(class_2170.java:287) ~[server-intermediary.jar:?]
	at net.minecraft.class_2170.method_44252(class_2170.java:280) ~[server-intermediary.jar:?]
	at dev.ftb.mods.ftbquests.quest.reward.CommandReward.claim(CommandReward.java:104) ~[ftb-quests-fabric-2001.4.5.jar:?]
	at dev.ftb.mods.ftbquests.quest.TeamData.claimReward(TeamData.java:538) ~[ftb-quests-fabric-2001.4.5.jar:?]
	at dev.ftb.mods.ftbquests.quest.TeamData.checkAutoCompletion(TeamData.java:568) ~[ftb-quests-fabric-2001.4.5.jar:?]
	at dev.ftb.mods.ftbquests.quest.Quest.onCompleted(Quest.java:544) ~[ftb-quests-fabric-2001.4.5.jar:?]
	at dev.ftb.mods.ftbquests.quest.ServerQuestFile.lambda$playerLoggedIn$4(ServerQuestFile.java:185) ~[ftb-quests-fabric-2001.4.5.jar:?]
	at java.util.ArrayList.forEach(ArrayList.java:1511) ~[?:?]
	at java.util.Collections$UnmodifiableCollection.forEach(Collections.java:1093) ~[?:?]
	at dev.ftb.mods.ftbquests.quest.BaseQuestFile.lambda$forAllQuests$48(BaseQuestFile.java:1402) ~[ftb-quests-fabric-2001.4.5.jar:?]
	at java.util.ArrayList.forEach(ArrayList.java:1511) ~[?:?]
	at java.util.Collections$UnmodifiableCollection.forEach(Collections.java:1093) ~[?:?]
	at dev.ftb.mods.ftbquests.quest.BaseQuestFile.lambda$forAllChapters$47(BaseQuestFile.java:1397) ~[ftb-quests-fabric-2001.4.5.jar:?]
	at java.util.ArrayList.forEach(ArrayList.java:1511) ~[?:?]
	at dev.ftb.mods.ftbquests.quest.BaseQuestFile.forAllChapterGroups(BaseQuestFile.java:1392) ~[ftb-quests-fabric-2001.4.5.jar:?]
	at dev.ftb.mods.ftbquests.quest.BaseQuestFile.forAllChapters(BaseQuestFile.java:1397) ~[ftb-quests-fabric-2001.4.5.jar:?]
	at dev.ftb.mods.ftbquests.quest.BaseQuestFile.forAllQuests(BaseQuestFile.java:1402) ~[ftb-quests-fabric-2001.4.5.jar:?]
	at dev.ftb.mods.ftbquests.quest.ServerQuestFile.lambda$playerLoggedIn$5(ServerQuestFile.java:179) ~[ftb-quests-fabric-2001.4.5.jar:?]
	at dev.ftb.mods.ftbquests.quest.ServerQuestFile.withPlayerContext(ServerQuestFile.java:159) ~[ftb-quests-fabric-2001.4.5.jar:?]
	at dev.ftb.mods.ftbquests.quest.ServerQuestFile.playerLoggedIn(ServerQuestFile.java:179) ~[ftb-quests-fabric-2001.4.5.jar:?]
	at dev.ftb.mods.ftbquests.FTBQuestsEventHandler.playerLoggedIn(FTBQuestsEventHandler.java:104) ~[ftb-quests-fabric-2001.4.5.jar:?]
	at java.lang.invoke.MethodHandle.invokeWithArguments(MethodHandle.java:732) ~[?:?]
	at dev.architectury.event.EventFactory.invokeMethod(EventFactory.java:53) ~[architectury-9.2.14-fabric.jar:?]
	at dev.architectury.event.EventFactory$4.handleInvocation(EventFactory.java:125) ~[architectury-9.2.14-fabric.jar:?]
	at com.google.common.reflect.AbstractInvocationHandler.invoke(AbstractInvocationHandler.java:87) ~[guava-31.1-jre.jar:?]
	at jdk.proxy2.$Proxy202.accept(Unknown Source) ~[?:?]
	at dev.ftb.mods.ftbteams.data.TeamManagerImpl.playerLoggedIn(TeamManagerImpl.java:319) ~[ftb-teams-fabric-2001.3.0.jar:?]
	at dev.ftb.mods.ftbteams.FTBTeams.playerLoggedIn(FTBTeams.java:77) ~[ftb-teams-fabric-2001.3.0.jar:?]
	at java.lang.invoke.MethodHandle.invokeWithArguments(MethodHandle.java:732) ~[?:?]
	at dev.architectury.event.EventFactory.invokeMethod(EventFactory.java:53) ~[architectury-9.2.14-fabric.jar:?]
	at dev.architectury.event.EventFactory$1.handleInvocation(EventFactory.java:62) ~[architectury-9.2.14-fabric.jar:?]
	at com.google.common.reflect.AbstractInvocationHandler.invoke(AbstractInvocationHandler.java:87) ~[guava-31.1-jre.jar:?]
	at jdk.proxy2.$Proxy201.join(Unknown Source) ~[?:?]
	at net.minecraft.class_3324.handler$zjc000$architectury$placeNewPlayer(class_3324.java:2520) ~[server-intermediary.jar:?]
	at net.minecraft.class_3324.method_14570(class_3324.java:307) ~[server-intermediary.jar:?]
	at net.minecraft.class_3248.method_33800(class_3248.java:131) ~[server-intermediary.jar:?]
	at net.minecraft.class_3248.mdcaa83c$polymer-networking$lambda$polymerNet$prePlayHandshakeHackfest$0$0(class_3248.java:549) ~[server-intermediary.jar:?]
	at eu.pb4.polymer.networking.impl.EarlyConnectionMagic.lambda$handle$0(EarlyConnectionMagic.java:32) ~[polymer-networking-0.5.15+1.20.1-dc18d44a422d3193.jar:?]
	at eu.pb4.polymer.networking.api.EarlyPlayNetworkHandler.lambda$onKeepAlive$0(EarlyPlayNetworkHandler.java:108) ~[polymer-networking-0.5.15+1.20.1-dc18d44a422d3193.jar:?]
	at net.minecraft.class_3738.run(class_3738.java:18) ~[server-intermediary.jar:?]
	at net.minecraft.class_1255.method_18859(class_1255.java:156) ~[server-intermediary.jar:?]
	at net.minecraft.class_4093.method_18859(class_4093.java:23) ~[server-intermediary.jar:?]
	at net.minecraft.server.MinecraftServer.method_24306(MinecraftServer.java:782) ~[server-intermediary.jar:?]
	at net.minecraft.server.MinecraftServer.method_18859(MinecraftServer.java:164) ~[server-intermediary.jar:?]
	at net.minecraft.class_1255.method_16075(class_1255.java:130) ~[server-intermediary.jar:?]
	at net.minecraft.server.MinecraftServer.method_20415(MinecraftServer.java:764) ~[server-intermediary.jar:?]
	at net.minecraft.server.MinecraftServer.method_16075(MinecraftServer.java:758) ~[server-intermediary.jar:?]
	at net.minecraft.class_1255.method_18857(class_1255.java:139) ~[server-intermediary.jar:?]
	at net.minecraft.server.MinecraftServer.method_16208(MinecraftServer.java:743) ~[server-intermediary.jar:?]
	at net.minecraft.server.MinecraftServer.method_29741(MinecraftServer.java:675) ~[server-intermediary.jar:?]
	at net.minecraft.server.MinecraftServer.method_29739(MinecraftServer.java:265) ~[server-intermediary.jar:?]
	at java.lang.Thread.run(Thread.java:840) ~[?:?]
[00:32:34] [Server thread/ERROR]: Parsing error loading recipe dramaticdoors:short_ebony_door
com.google.gson.JsonSyntaxException: Unknown item 'phantasm:ebony_door'
	at net.minecraft.class_1869.method_17878(class_1869.java:272) ~[server-intermediary.jar:?]
	at java.util.Optional.orElseThrow(Optional.java:403) ~[?:?]
	at net.minecraft.class_1869.method_8155(class_1869.java:272) ~[server-intermediary.jar:?]
	at net.minecraft.class_1856.method_8107(class_1856.java:160) ~[server-intermediary.jar:?]
	at net.minecraft.class_1856.method_8102(class_1856.java:143) ~[server-intermediary.jar:?]
	at net.mehvahdjukaar.sawmill.WoodcuttingRecipe$Serializer.fromJson(WoodcuttingRecipe.java:52) ~[sawmill-1.20-1.4.0-fabric.jar:?]
	at net.mehvahdjukaar.sawmill.WoodcuttingRecipe$Serializer.method_8121(WoodcuttingRecipe.java:43) ~[sawmill-1.20-1.4.0-fabric.jar:?]
	at net.minecraft.class_1863.method_17720(class_1863.java:135) ~[server-intermediary.jar:?]
	at net.minecraft.class_1863.method_20705(class_1863.java:56) ~[server-intermediary.jar:?]
	at net.minecraft.class_1863.method_18788(class_1863.java:35) ~[server-intermediary.jar:?]
	at net.minecraft.class_4080.method_18790(class_4080.java:13) ~[server-intermediary.jar:?]
	at java.util.concurrent.CompletableFuture$UniAccept.tryFire(CompletableFuture.java:718) ~[?:?]
	at java.util.concurrent.CompletableFuture$Completion.run(CompletableFuture.java:482) ~[?:?]
	at net.minecraft.class_4014.method_18365(class_4014.java:69) ~[server-intermediary.jar:?]
	at net.minecraft.class_3738.run(class_3738.java:18) ~[server-intermediary.jar:?]
	at net.minecraft.class_1255.method_18859(class_1255.java:156) ~[server-intermediary.jar:?]
	at net.minecraft.class_4093.method_18859(class_4093.java:23) ~[server-intermediary.jar:?]
	at net.minecraft.server.MinecraftServer.method_24306(MinecraftServer.java:782) ~[server-intermediary.jar:?]
	at net.minecraft.server.MinecraftServer.method_18859(MinecraftServer.java:164) ~[server-intermediary.jar:?]
	at net.minecraft.class_1255.method_16075(class_1255.java:130) ~[server-intermediary.jar:?]
	at net.minecraft.server.MinecraftServer.method_20415(MinecraftServer.java:764) ~[server-intermediary.jar:?]
	at net.minecraft.server.MinecraftServer.method_16075(MinecraftServer.java:758) ~[server-intermediary.jar:?]
	at net.minecraft.class_1255.method_18857(class_1255.java:139) ~[server-intermediary.jar:?]
	at net.minecraft.server.MinecraftServer.method_29439(MinecraftServer.java:1345) ~[server-intermediary.jar:?]
	at net.minecraft.class_3097.method_29480(class_3097.java:22) ~[server-intermediary.jar:?]
	at net.minecraft.class_3097.method_13530(class_3097.java:53) ~[server-intermediary.jar:?]
	at com.mojang.brigadier.CommandDispatcher.execute(CommandDispatcher.java:264) ~[brigadier-1.1.8.jar:?]
	at net.minecraft.class_2158$class_2160.method_36318(class_2158.java:96) ~[server-intermediary.jar:?]
	at net.minecraft.class_2158$class_2160.method_9198(class_2158.java:90) ~[server-intermediary.jar:?]
	at net.minecraft.class_2991$class_2992.method_12914(class_2991.java:135) ~[server-intermediary.jar:?]
	at net.minecraft.class_2991$class_6345.method_36346(class_2991.java:210) ~[server-intermediary.jar:?]
	at net.minecraft.class_2991.method_36341(class_2991.java:85) ~[server-intermediary.jar:?]
	at net.minecraft.class_2991.method_12904(class_2991.java:69) ~[server-intermediary.jar:?]
	at net.minecraft.class_3062.method_13381(class_3062.java:46) ~[server-intermediary.jar:?]
	at net.minecraft.class_3062.method_13383(class_3062.java:35) ~[server-intermediary.jar:?]
	at com.mojang.brigadier.CommandDispatcher.execute(CommandDispatcher.java:264) ~[brigadier-1.1.8.jar:?]
	at net.minecraft.class_2170.redirect$zia000$architectury$performCommand(class_2170.java:1045) ~[server-intermediary.jar:?]
	at net.minecraft.class_2170.method_9249(class_2170.java:287) ~[server-intermediary.jar:?]
	at net.minecraft.class_2170.method_44252(class_2170.java:280) ~[server-intermediary.jar:?]
	at dev.ftb.mods.ftbquests.quest.reward.CommandReward.claim(CommandReward.java:104) ~[ftb-quests-fabric-2001.4.5.jar:?]
	at dev.ftb.mods.ftbquests.quest.TeamData.claimReward(TeamData.java:538) ~[ftb-quests-fabric-2001.4.5.jar:?]
	at dev.ftb.mods.ftbquests.quest.TeamData.checkAutoCompletion(TeamData.java:568) ~[ftb-quests-fabric-2001.4.5.jar:?]
	at dev.ftb.mods.ftbquests.quest.Quest.onCompleted(Quest.java:544) ~[ftb-quests-fabric-2001.4.5.jar:?]
	at dev.ftb.mods.ftbquests.quest.ServerQuestFile.lambda$playerLoggedIn$4(ServerQuestFile.java:185) ~[ftb-quests-fabric-2001.4.5.jar:?]
	at java.util.ArrayList.forEach(ArrayList.java:1511) ~[?:?]
	at java.util.Collections$UnmodifiableCollection.forEach(Collections.java:1093) ~[?:?]
	at dev.ftb.mods.ftbquests.quest.BaseQuestFile.lambda$forAllQuests$48(BaseQuestFile.java:1402) ~[ftb-quests-fabric-2001.4.5.jar:?]
	at java.util.ArrayList.forEach(ArrayList.java:1511) ~[?:?]
	at java.util.Collections$UnmodifiableCollection.forEach(Collections.java:1093) ~[?:?]
	at dev.ftb.mods.ftbquests.quest.BaseQuestFile.lambda$forAllChapters$47(BaseQuestFile.java:1397) ~[ftb-quests-fabric-2001.4.5.jar:?]
	at java.util.ArrayList.forEach(ArrayList.java:1511) ~[?:?]
	at dev.ftb.mods.ftbquests.quest.BaseQuestFile.forAllChapterGroups(BaseQuestFile.java:1392) ~[ftb-quests-fabric-2001.4.5.jar:?]
	at dev.ftb.mods.ftbquests.quest.BaseQuestFile.forAllChapters(BaseQuestFile.java:1397) ~[ftb-quests-fabric-2001.4.5.jar:?]
	at dev.ftb.mods.ftbquests.quest.BaseQuestFile.forAllQuests(BaseQuestFile.java:1402) ~[ftb-quests-fabric-2001.4.5.jar:?]
	at dev.ftb.mods.ftbquests.quest.ServerQuestFile.lambda$playerLoggedIn$5(ServerQuestFile.java:179) ~[ftb-quests-fabric-2001.4.5.jar:?]
	at dev.ftb.mods.ftbquests.quest.ServerQuestFile.withPlayerContext(ServerQuestFile.java:159) ~[ftb-quests-fabric-2001.4.5.jar:?]
	at dev.ftb.mods.ftbquests.quest.ServerQuestFile.playerLoggedIn(ServerQuestFile.java:179) ~[ftb-quests-fabric-2001.4.5.jar:?]
	at dev.ftb.mods.ftbquests.FTBQuestsEventHandler.playerLoggedIn(FTBQuestsEventHandler.java:104) ~[ftb-quests-fabric-2001.4.5.jar:?]
	at java.lang.invoke.MethodHandle.invokeWithArguments(MethodHandle.java:732) ~[?:?]
	at dev.architectury.event.EventFactory.invokeMethod(EventFactory.java:53) ~[architectury-9.2.14-fabric.jar:?]
	at dev.architectury.event.EventFactory$4.handleInvocation(EventFactory.java:125) ~[architectury-9.2.14-fabric.jar:?]
	at com.google.common.reflect.AbstractInvocationHandler.invoke(AbstractInvocationHandler.java:87) ~[guava-31.1-jre.jar:?]
	at jdk.proxy2.$Proxy202.accept(Unknown Source) ~[?:?]
	at dev.ftb.mods.ftbteams.data.TeamManagerImpl.playerLoggedIn(TeamManagerImpl.java:319) ~[ftb-teams-fabric-2001.3.0.jar:?]
	at dev.ftb.mods.ftbteams.FTBTeams.playerLoggedIn(FTBTeams.java:77) ~[ftb-teams-fabric-2001.3.0.jar:?]
	at java.lang.invoke.MethodHandle.invokeWithArguments(MethodHandle.java:732) ~[?:?]
	at dev.architectury.event.EventFactory.invokeMethod(EventFactory.java:53) ~[architectury-9.2.14-fabric.jar:?]
	at dev.architectury.event.EventFactory$1.handleInvocation(EventFactory.java:62) ~[architectury-9.2.14-fabric.jar:?]
	at com.google.common.reflect.AbstractInvocationHandler.invoke(AbstractInvocationHandler.java:87) ~[guava-31.1-jre.jar:?]
	at jdk.proxy2.$Proxy201.join(Unknown Source) ~[?:?]
	at net.minecraft.class_3324.handler$zjc000$architectury$placeNewPlayer(class_3324.java:2520) ~[server-intermediary.jar:?]
	at net.minecraft.class_3324.method_14570(class_3324.java:307) ~[server-intermediary.jar:?]
	at net.minecraft.class_3248.method_33800(class_3248.java:131) ~[server-intermediary.jar:?]
	at net.minecraft.class_3248.mdcaa83c$polymer-networking$lambda$polymerNet$prePlayHandshakeHackfest$0$0(class_3248.java:549) ~[server-intermediary.jar:?]
	at eu.pb4.polymer.networking.impl.EarlyConnectionMagic.lambda$handle$0(EarlyConnectionMagic.java:32) ~[polymer-networking-0.5.15+1.20.1-dc18d44a422d3193.jar:?]
	at eu.pb4.polymer.networking.api.EarlyPlayNetworkHandler.lambda$onKeepAlive$0(EarlyPlayNetworkHandler.java:108) ~[polymer-networking-0.5.15+1.20.1-dc18d44a422d3193.jar:?]
	at net.minecraft.class_3738.run(class_3738.java:18) ~[server-intermediary.jar:?]
	at net.minecraft.class_1255.method_18859(class_1255.java:156) ~[server-intermediary.jar:?]
	at net.minecraft.class_4093.method_18859(class_4093.java:23) ~[server-intermediary.jar:?]
	at net.minecraft.server.MinecraftServer.method_24306(MinecraftServer.java:782) ~[server-intermediary.jar:?]
	at net.minecraft.server.MinecraftServer.method_18859(MinecraftServer.java:164) ~[server-intermediary.jar:?]
	at net.minecraft.class_1255.method_16075(class_1255.java:130) ~[server-intermediary.jar:?]
	at net.minecraft.server.MinecraftServer.method_20415(MinecraftServer.java:764) ~[server-intermediary.jar:?]
	at net.minecraft.server.MinecraftServer.method_16075(MinecraftServer.java:758) ~[server-intermediary.jar:?]
	at net.minecraft.class_1255.method_18857(class_1255.java:139) ~[server-intermediary.jar:?]
	at net.minecraft.server.MinecraftServer.method_16208(MinecraftServer.java:743) ~[server-intermediary.jar:?]
	at net.minecraft.server.MinecraftServer.method_29741(MinecraftServer.java:675) ~[server-intermediary.jar:?]
	at net.minecraft.server.MinecraftServer.method_29739(MinecraftServer.java:265) ~[server-intermediary.jar:?]
	at java.lang.Thread.run(Thread.java:840) ~[?:?]
[00:32:34] [Server thread/ERROR]: Parsing error loading recipe digs_dnd_origins:diamond_horns_helmet
com.google.gson.JsonSyntaxException: Invalid or unsupported recipe type 'minecraft:smithing'
	at net.minecraft.class_1863.method_17875(class_1863.java:134) ~[server-intermediary.jar:?]
	at java.util.Optional.orElseThrow(Optional.java:403) ~[?:?]
	at net.minecraft.class_1863.method_17720(class_1863.java:134) ~[server-intermediary.jar:?]
	at net.minecraft.class_1863.method_20705(class_1863.java:56) ~[server-intermediary.jar:?]
	at net.minecraft.class_1863.method_18788(class_1863.java:35) ~[server-intermediary.jar:?]
	at net.minecraft.class_4080.method_18790(class_4080.java:13) ~[server-intermediary.jar:?]
	at java.util.concurrent.CompletableFuture$UniAccept.tryFire(CompletableFuture.java:718) ~[?:?]
	at java.util.concurrent.CompletableFuture$Completion.run(CompletableFuture.java:482) ~[?:?]
	at net.minecraft.class_4014.method_18365(class_4014.java:69) ~[server-intermediary.jar:?]
	at net.minecraft.class_3738.run(class_3738.java:18) ~[server-intermediary.jar:?]
	at net.minecraft.class_1255.method_18859(class_1255.java:156) ~[server-intermediary.jar:?]
	at net.minecraft.class_4093.method_18859(class_4093.java:23) ~[server-intermediary.jar:?]
	at net.minecraft.server.MinecraftServer.method_24306(MinecraftServer.java:782) ~[server-intermediary.jar:?]
	at net.minecraft.server.MinecraftServer.method_18859(MinecraftServer.java:164) ~[server-intermediary.jar:?]
	at net.minecraft.class_1255.method_16075(class_1255.java:130) ~[server-intermediary.jar:?]
	at net.minecraft.server.MinecraftServer.method_20415(MinecraftServer.java:764) ~[server-intermediary.jar:?]
	at net.minecraft.server.MinecraftServer.method_16075(MinecraftServer.java:758) ~[server-intermediary.jar:?]
	at net.minecraft.class_1255.method_18857(class_1255.java:139) ~[server-intermediary.jar:?]
	at net.minecraft.server.MinecraftServer.method_29439(MinecraftServer.java:1345) ~[server-intermediary.jar:?]
	at net.minecraft.class_3097.method_29480(class_3097.java:22) ~[server-intermediary.jar:?]
	at net.minecraft.class_3097.method_13530(class_3097.java:53) ~[server-intermediary.jar:?]
	at com.mojang.brigadier.CommandDispatcher.execute(CommandDispatcher.java:264) ~[brigadier-1.1.8.jar:?]
	at net.minecraft.class_2158$class_2160.method_36318(class_2158.java:96) ~[server-intermediary.jar:?]
	at net.minecraft.class_2158$class_2160.method_9198(class_2158.java:90) ~[server-intermediary.jar:?]
	at net.minecraft.class_2991$class_2992.method_12914(class_2991.java:135) ~[server-intermediary.jar:?]
	at net.minecraft.class_2991$class_6345.method_36346(class_2991.java:210) ~[server-intermediary.jar:?]
	at net.minecraft.class_2991.method_36341(class_2991.java:85) ~[server-intermediary.jar:?]
	at net.minecraft.class_2991.method_12904(class_2991.java:69) ~[server-intermediary.jar:?]
	at net.minecraft.class_3062.method_13381(class_3062.java:46) ~[server-intermediary.jar:?]
	at net.minecraft.class_3062.method_13383(class_3062.java:35) ~[server-intermediary.jar:?]
	at com.mojang.brigadier.CommandDispatcher.execute(CommandDispatcher.java:264) ~[brigadier-1.1.8.jar:?]
	at net.minecraft.class_2170.redirect$zia000$architectury$performCommand(class_2170.java:1045) ~[server-intermediary.jar:?]
	at net.minecraft.class_2170.method_9249(class_2170.java:287) ~[server-intermediary.jar:?]
	at net.minecraft.class_2170.method_44252(class_2170.java:280) ~[server-intermediary.jar:?]
	at dev.ftb.mods.ftbquests.quest.reward.CommandReward.claim(CommandReward.java:104) ~[ftb-quests-fabric-2001.4.5.jar:?]
	at dev.ftb.mods.ftbquests.quest.TeamData.claimReward(TeamData.java:538) ~[ftb-quests-fabric-2001.4.5.jar:?]
	at dev.ftb.mods.ftbquests.quest.TeamData.checkAutoCompletion(TeamData.java:568) ~[ftb-quests-fabric-2001.4.5.jar:?]
	at dev.ftb.mods.ftbquests.quest.Quest.onCompleted(Quest.java:544) ~[ftb-quests-fabric-2001.4.5.jar:?]
	at dev.ftb.mods.ftbquests.quest.ServerQuestFile.lambda$playerLoggedIn$4(ServerQuestFile.java:185) ~[ftb-quests-fabric-2001.4.5.jar:?]
	at java.util.ArrayList.forEach(ArrayList.java:1511) ~[?:?]
	at java.util.Collections$UnmodifiableCollection.forEach(Collections.java:1093) ~[?:?]
	at dev.ftb.mods.ftbquests.quest.BaseQuestFile.lambda$forAllQuests$48(BaseQuestFile.java:1402) ~[ftb-quests-fabric-2001.4.5.jar:?]
	at java.util.ArrayList.forEach(ArrayList.java:1511) ~[?:?]
	at java.util.Collections$UnmodifiableCollection.forEach(Collections.java:1093) ~[?:?]
	at dev.ftb.mods.ftbquests.quest.BaseQuestFile.lambda$forAllChapters$47(BaseQuestFile.java:1397) ~[ftb-quests-fabric-2001.4.5.jar:?]
	at java.util.ArrayList.forEach(ArrayList.java:1511) ~[?:?]
	at dev.ftb.mods.ftbquests.quest.BaseQuestFile.forAllChapterGroups(BaseQuestFile.java:1392) ~[ftb-quests-fabric-2001.4.5.jar:?]
	at dev.ftb.mods.ftbquests.quest.BaseQuestFile.forAllChapters(BaseQuestFile.java:1397) ~[ftb-quests-fabric-2001.4.5.jar:?]
	at dev.ftb.mods.ftbquests.quest.BaseQuestFile.forAllQuests(BaseQuestFile.java:1402) ~[ftb-quests-fabric-2001.4.5.jar:?]
	at dev.ftb.mods.ftbquests.quest.ServerQuestFile.lambda$playerLoggedIn$5(ServerQuestFile.java:179) ~[ftb-quests-fabric-2001.4.5.jar:?]
	at dev.ftb.mods.ftbquests.quest.ServerQuestFile.withPlayerContext(ServerQuestFile.java:159) ~[ftb-quests-fabric-2001.4.5.jar:?]
	at dev.ftb.mods.ftbquests.quest.ServerQuestFile.playerLoggedIn(ServerQuestFile.java:179) ~[ftb-quests-fabric-2001.4.5.jar:?]
	at dev.ftb.mods.ftbquests.FTBQuestsEventHandler.playerLoggedIn(FTBQuestsEventHandler.java:104) ~[ftb-quests-fabric-2001.4.5.jar:?]
	at java.lang.invoke.MethodHandle.invokeWithArguments(MethodHandle.java:732) ~[?:?]
	at dev.architectury.event.EventFactory.invokeMethod(EventFactory.java:53) ~[architectury-9.2.14-fabric.jar:?]
	at dev.architectury.event.EventFactory$4.handleInvocation(EventFactory.java:125) ~[architectury-9.2.14-fabric.jar:?]
	at com.google.common.reflect.AbstractInvocationHandler.invoke(AbstractInvocationHandler.java:87) ~[guava-31.1-jre.jar:?]
	at jdk.proxy2.$Proxy202.accept(Unknown Source) ~[?:?]
	at dev.ftb.mods.ftbteams.data.TeamManagerImpl.playerLoggedIn(TeamManagerImpl.java:319) ~[ftb-teams-fabric-2001.3.0.jar:?]
	at dev.ftb.mods.ftbteams.FTBTeams.playerLoggedIn(FTBTeams.java:77) ~[ftb-teams-fabric-2001.3.0.jar:?]
	at java.lang.invoke.MethodHandle.invokeWithArguments(MethodHandle.java:732) ~[?:?]
	at dev.architectury.event.EventFactory.invokeMethod(EventFactory.java:53) ~[architectury-9.2.14-fabric.jar:?]
	at dev.architectury.event.EventFactory$1.handleInvocation(EventFactory.java:62) ~[architectury-9.2.14-fabric.jar:?]
	at com.google.common.reflect.AbstractInvocationHandler.invoke(AbstractInvocationHandler.java:87) ~[guava-31.1-jre.jar:?]
	at jdk.proxy2.$Proxy201.join(Unknown Source) ~[?:?]
	at net.minecraft.class_3324.handler$zjc000$architectury$placeNewPlayer(class_3324.java:2520) ~[server-intermediary.jar:?]
	at net.minecraft.class_3324.method_14570(class_3324.java:307) ~[server-intermediary.jar:?]
	at net.minecraft.class_3248.method_33800(class_3248.java:131) ~[server-intermediary.jar:?]
	at net.minecraft.class_3248.mdcaa83c$polymer-networking$lambda$polymerNet$prePlayHandshakeHackfest$0$0(class_3248.java:549) ~[server-intermediary.jar:?]
	at eu.pb4.polymer.networking.impl.EarlyConnectionMagic.lambda$handle$0(EarlyConnectionMagic.java:32) ~[polymer-networking-0.5.15+1.20.1-dc18d44a422d3193.jar:?]
	at eu.pb4.polymer.networking.api.EarlyPlayNetworkHandler.lambda$onKeepAlive$0(EarlyPlayNetworkHandler.java:108) ~[polymer-networking-0.5.15+1.20.1-dc18d44a422d3193.jar:?]
	at net.minecraft.class_3738.run(class_3738.java:18) ~[server-intermediary.jar:?]
	at net.minecraft.class_1255.method_18859(class_1255.java:156) ~[server-intermediary.jar:?]
	at net.minecraft.class_4093.method_18859(class_4093.java:23) ~[server-intermediary.jar:?]
	at net.minecraft.server.MinecraftServer.method_24306(MinecraftServer.java:782) ~[server-intermediary.jar:?]
	at net.minecraft.server.MinecraftServer.method_18859(MinecraftServer.java:164) ~[server-intermediary.jar:?]
	at net.minecraft.class_1255.method_16075(class_1255.java:130) ~[server-intermediary.jar:?]
	at net.minecraft.server.MinecraftServer.method_20415(MinecraftServer.java:764) ~[server-intermediary.jar:?]
	at net.minecraft.server.MinecraftServer.method_16075(MinecraftServer.java:758) ~[server-intermediary.jar:?]
	at net.minecraft.class_1255.method_18857(class_1255.java:139) ~[server-intermediary.jar:?]
	at net.minecraft.server.MinecraftServer.method_16208(MinecraftServer.java:743) ~[server-intermediary.jar:?]
	at net.minecraft.server.MinecraftServer.method_29741(MinecraftServer.java:675) ~[server-intermediary.jar:?]
	at net.minecraft.server.MinecraftServer.method_29739(MinecraftServer.java:265) ~[server-intermediary.jar:?]
	at java.lang.Thread.run(Thread.java:840) ~[?:?]
[00:32:34] [Server thread/ERROR]: Parsing error loading recipe conditional:decorative_blocks/wood_cutter/pine_beam_woodcutter
com.google.gson.JsonSyntaxException: No such item decorative_blocks:pine_beam
	at net.satisfy.meadow.recipes.WoodcuttingRecipe$Serializer.lambda$fromJson$0(WoodcuttingRecipe.java:108) ~[letsdo-meadow-fabric-1.3.15.jar:?]
	at java.util.Optional.orElseThrow(Optional.java:403) ~[?:?]
	at net.satisfy.meadow.recipes.WoodcuttingRecipe$Serializer.fromJson(WoodcuttingRecipe.java:108) ~[letsdo-meadow-fabric-1.3.15.jar:?]
	at net.satisfy.meadow.recipes.WoodcuttingRecipe$Serializer.method_8121(WoodcuttingRecipe.java:91) ~[letsdo-meadow-fabric-1.3.15.jar:?]
	at net.minecraft.class_1863.method_17720(class_1863.java:135) ~[server-intermediary.jar:?]
	at de.cristelknight.doapi.fabric.DoApiEPImpl.fromJson(DoApiEPImpl.java:21) ~[letsdo-API-fabric-1.2.12-fabric.jar:?]
	at de.cristelknight.doapi.DoApiEP.fromJson(DoApiEP.java) ~[letsdo-API-fabric-1.2.12-fabric.jar:?]
	at de.cristelknight.doapi.common.recipe.SimpleConditionalRecipe$Serializer.method_8121(SimpleConditionalRecipe.java:22) ~[letsdo-API-fabric-1.2.12-fabric.jar:?]
	at net.minecraft.class_1863.method_17720(class_1863.java:135) ~[server-intermediary.jar:?]
	at net.minecraft.class_1863.method_20705(class_1863.java:56) ~[server-intermediary.jar:?]
	at net.minecraft.class_1863.method_18788(class_1863.java:35) ~[server-intermediary.jar:?]
	at net.minecraft.class_4080.method_18790(class_4080.java:13) ~[server-intermediary.jar:?]
	at java.util.concurrent.CompletableFuture$UniAccept.tryFire(CompletableFuture.java:718) ~[?:?]
	at java.util.concurrent.CompletableFuture$Completion.run(CompletableFuture.java:482) ~[?:?]
	at net.minecraft.class_4014.method_18365(class_4014.java:69) ~[server-intermediary.jar:?]
	at net.minecraft.class_3738.run(class_3738.java:18) ~[server-intermediary.jar:?]
	at net.minecraft.class_1255.method_18859(class_1255.java:156) ~[server-intermediary.jar:?]
	at net.minecraft.class_4093.method_18859(class_4093.java:23) ~[server-intermediary.jar:?]
	at net.minecraft.server.MinecraftServer.method_24306(MinecraftServer.java:782) ~[server-intermediary.jar:?]
	at net.minecraft.server.MinecraftServer.method_18859(MinecraftServer.java:164) ~[server-intermediary.jar:?]
	at net.minecraft.class_1255.method_16075(class_1255.java:130) ~[server-intermediary.jar:?]
	at net.minecraft.server.MinecraftServer.method_20415(MinecraftServer.java:764) ~[server-intermediary.jar:?]
	at net.minecraft.server.MinecraftServer.method_16075(MinecraftServer.java:758) ~[server-intermediary.jar:?]
	at net.minecraft.class_1255.method_18857(class_1255.java:139) ~[server-intermediary.jar:?]
	at net.minecraft.server.MinecraftServer.method_29439(MinecraftServer.java:1345) ~[server-intermediary.jar:?]
	at net.minecraft.class_3097.method_29480(class_3097.java:22) ~[server-intermediary.jar:?]
	at net.minecraft.class_3097.method_13530(class_3097.java:53) ~[server-intermediary.jar:?]
	at com.mojang.brigadier.CommandDispatcher.execute(CommandDispatcher.java:264) ~[brigadier-1.1.8.jar:?]
	at net.minecraft.class_2158$class_2160.method_36318(class_2158.java:96) ~[server-intermediary.jar:?]
	at net.minecraft.class_2158$class_2160.method_9198(class_2158.java:90) ~[server-intermediary.jar:?]
	at net.minecraft.class_2991$class_2992.method_12914(class_2991.java:135) ~[server-intermediary.jar:?]
	at net.minecraft.class_2991$class_6345.method_36346(class_2991.java:210) ~[server-intermediary.jar:?]
	at net.minecraft.class_2991.method_36341(class_2991.java:85) ~[server-intermediary.jar:?]
	at net.minecraft.class_2991.method_12904(class_2991.java:69) ~[server-intermediary.jar:?]
	at net.minecraft.class_3062.method_13381(class_3062.java:46) ~[server-intermediary.jar:?]
	at net.minecraft.class_3062.method_13383(class_3062.java:35) ~[server-intermediary.jar:?]
	at com.mojang.brigadier.CommandDispatcher.execute(CommandDispatcher.java:264) ~[brigadier-1.1.8.jar:?]
	at net.minecraft.class_2170.redirect$zia000$architectury$performCommand(class_2170.java:1045) ~[server-intermediary.jar:?]
	at net.minecraft.class_2170.method_9249(class_2170.java:287) ~[server-intermediary.jar:?]
	at net.minecraft.class_2170.method_44252(class_2170.java:280) ~[server-intermediary.jar:?]
	at dev.ftb.mods.ftbquests.quest.reward.CommandReward.claim(CommandReward.java:104) ~[ftb-quests-fabric-2001.4.5.jar:?]
	at dev.ftb.mods.ftbquests.quest.TeamData.claimReward(TeamData.java:538) ~[ftb-quests-fabric-2001.4.5.jar:?]
	at dev.ftb.mods.ftbquests.quest.TeamData.checkAutoCompletion(TeamData.java:568) ~[ftb-quests-fabric-2001.4.5.jar:?]
	at dev.ftb.mods.ftbquests.quest.Quest.onCompleted(Quest.java:544) ~[ftb-quests-fabric-2001.4.5.jar:?]
	at dev.ftb.mods.ftbquests.quest.ServerQuestFile.lambda$playerLoggedIn$4(ServerQuestFile.java:185) ~[ftb-quests-fabric-2001.4.5.jar:?]
	at java.util.ArrayList.forEach(ArrayList.java:1511) ~[?:?]
	at java.util.Collections$UnmodifiableCollection.forEach(Collections.java:1093) ~[?:?]
	at dev.ftb.mods.ftbquests.quest.BaseQuestFile.lambda$forAllQuests$48(BaseQuestFile.java:1402) ~[ftb-quests-fabric-2001.4.5.jar:?]
	at java.util.ArrayList.forEach(ArrayList.java:1511) ~[?:?]
	at java.util.Collections$UnmodifiableCollection.forEach(Collections.java:1093) ~[?:?]
	at dev.ftb.mods.ftbquests.quest.BaseQuestFile.lambda$forAllChapters$47(BaseQuestFile.java:1397) ~[ftb-quests-fabric-2001.4.5.jar:?]
	at java.util.ArrayList.forEach(ArrayList.java:1511) ~[?:?]
	at dev.ftb.mods.ftbquests.quest.BaseQuestFile.forAllChapterGroups(BaseQuestFile.java:1392) ~[ftb-quests-fabric-2001.4.5.jar:?]
	at dev.ftb.mods.ftbquests.quest.BaseQuestFile.forAllChapters(BaseQuestFile.java:1397) ~[ftb-quests-fabric-2001.4.5.jar:?]
	at dev.ftb.mods.ftbquests.quest.BaseQuestFile.forAllQuests(BaseQuestFile.java:1402) ~[ftb-quests-fabric-2001.4.5.jar:?]
	at dev.ftb.mods.ftbquests.quest.ServerQuestFile.lambda$playerLoggedIn$5(ServerQuestFile.java:179) ~[ftb-quests-fabric-2001.4.5.jar:?]
	at dev.ftb.mods.ftbquests.quest.ServerQuestFile.withPlayerContext(ServerQuestFile.java:159) ~[ftb-quests-fabric-2001.4.5.jar:?]
	at dev.ftb.mods.ftbquests.quest.ServerQuestFile.playerLoggedIn(ServerQuestFile.java:179) ~[ftb-quests-fabric-2001.4.5.jar:?]
	at dev.ftb.mods.ftbquests.FTBQuestsEventHandler.playerLoggedIn(FTBQuestsEventHandler.java:104) ~[ftb-quests-fabric-2001.4.5.jar:?]
	at java.lang.invoke.MethodHandle.invokeWithArguments(MethodHandle.java:732) ~[?:?]
	at dev.architectury.event.EventFactory.invokeMethod(EventFactory.java:53) ~[architectury-9.2.14-fabric.jar:?]
	at dev.architectury.event.EventFactory$4.handleInvocation(EventFactory.java:125) ~[architectury-9.2.14-fabric.jar:?]
	at com.google.common.reflect.AbstractInvocationHandler.invoke(AbstractInvocationHandler.java:87) ~[guava-31.1-jre.jar:?]
	at jdk.proxy2.$Proxy202.accept(Unknown Source) ~[?:?]
	at dev.ftb.mods.ftbteams.data.TeamManagerImpl.playerLoggedIn(TeamManagerImpl.java:319) ~[ftb-teams-fabric-2001.3.0.jar:?]
	at dev.ftb.mods.ftbteams.FTBTeams.playerLoggedIn(FTBTeams.java:77) ~[ftb-teams-fabric-2001.3.0.jar:?]
	at java.lang.invoke.MethodHandle.invokeWithArguments(MethodHandle.java:732) ~[?:?]
	at dev.architectury.event.EventFactory.invokeMethod(EventFactory.java:53) ~[architectury-9.2.14-fabric.jar:?]
	at dev.architectury.event.EventFactory$1.handleInvocation(EventFactory.java:62) ~[architectury-9.2.14-fabric.jar:?]
	at com.google.common.reflect.AbstractInvocationHandler.invoke(AbstractInvocationHandler.java:87) ~[guava-31.1-jre.jar:?]
	at jdk.proxy2.$Proxy201.join(Unknown Source) ~[?:?]
	at net.minecraft.class_3324.handler$zjc000$architectury$placeNewPlayer(class_3324.java:2520) ~[server-intermediary.jar:?]
	at net.minecraft.class_3324.method_14570(class_3324.java:307) ~[server-intermediary.jar:?]
	at net.minecraft.class_3248.method_33800(class_3248.java:131) ~[server-intermediary.jar:?]
	at net.minecraft.class_3248.mdcaa83c$polymer-networking$lambda$polymerNet$prePlayHandshakeHackfest$0$0(class_3248.java:549) ~[server-intermediary.jar:?]
	at eu.pb4.polymer.networking.impl.EarlyConnectionMagic.lambda$handle$0(EarlyConnectionMagic.java:32) ~[polymer-networking-0.5.15+1.20.1-dc18d44a422d3193.jar:?]
	at eu.pb4.polymer.networking.api.EarlyPlayNetworkHandler.lambda$onKeepAlive$0(EarlyPlayNetworkHandler.java:108) ~[polymer-networking-0.5.15+1.20.1-dc18d44a422d3193.jar:?]
	at net.minecraft.class_3738.run(class_3738.java:18) ~[server-intermediary.jar:?]
	at net.minecraft.class_1255.method_18859(class_1255.java:156) ~[server-intermediary.jar:?]
	at net.minecraft.class_4093.method_18859(class_4093.java:23) ~[server-intermediary.jar:?]
	at net.minecraft.server.MinecraftServer.method_24306(MinecraftServer.java:782) ~[server-intermediary.jar:?]
	at net.minecraft.server.MinecraftServer.method_18859(MinecraftServer.java:164) ~[server-intermediary.jar:?]
	at net.minecraft.class_1255.method_16075(class_1255.java:130) ~[server-intermediary.jar:?]
	at net.minecraft.server.MinecraftServer.method_20415(MinecraftServer.java:764) ~[server-intermediary.jar:?]
	at net.minecraft.server.MinecraftServer.method_16075(MinecraftServer.java:758) ~[server-intermediary.jar:?]
	at net.minecraft.class_1255.method_18857(class_1255.java:139) ~[server-intermediary.jar:?]
	at net.minecraft.server.MinecraftServer.method_16208(MinecraftServer.java:743) ~[server-intermediary.jar:?]
	at net.minecraft.server.MinecraftServer.method_29741(MinecraftServer.java:675) ~[server-intermediary.jar:?]
	at net.minecraft.server.MinecraftServer.method_29739(MinecraftServer.java:265) ~[server-intermediary.jar:?]
	at java.lang.Thread.run(Thread.java:840) ~[?:?]
[00:32:34] [Server thread/ERROR]: Parsing error loading recipe knavesneeds:betternether/cincinnasite_diamond/glaive
com.google.gson.JsonSyntaxException: Unknown item 'betterend:cincinnasite_diamond_upgrade_smithing_template'
	at net.minecraft.class_1869.method_17878(class_1869.java:272) ~[server-intermediary.jar:?]
	at java.util.Optional.orElseThrow(Optional.java:403) ~[?:?]
	at net.minecraft.class_1869.method_8155(class_1869.java:272) ~[server-intermediary.jar:?]
	at net.minecraft.class_1856.method_8107(class_1856.java:160) ~[server-intermediary.jar:?]
	at net.minecraft.class_1856.method_8102(class_1856.java:143) ~[server-intermediary.jar:?]
	at net.minecraft.class_1856.method_52177(class_1856.java:135) ~[server-intermediary.jar:?]
	at net.minecraft.class_8060$class_8061.method_48455(class_8060.java:87) ~[server-intermediary.jar:?]
	at net.minecraft.class_8060$class_8061.method_8121(class_8060.java:84) ~[server-intermediary.jar:?]
	at net.minecraft.class_1863.method_17720(class_1863.java:135) ~[server-intermediary.jar:?]
	at net.minecraft.class_1863.method_20705(class_1863.java:56) ~[server-intermediary.jar:?]
	at net.minecraft.class_1863.method_18788(class_1863.java:35) ~[server-intermediary.jar:?]
	at net.minecraft.class_4080.method_18790(class_4080.java:13) ~[server-intermediary.jar:?]
	at java.util.concurrent.CompletableFuture$UniAccept.tryFire(CompletableFuture.java:718) ~[?:?]
	at java.util.concurrent.CompletableFuture$Completion.run(CompletableFuture.java:482) ~[?:?]
	at net.minecraft.class_4014.method_18365(class_4014.java:69) ~[server-intermediary.jar:?]
	at net.minecraft.class_3738.run(class_3738.java:18) ~[server-intermediary.jar:?]
	at net.minecraft.class_1255.method_18859(class_1255.java:156) ~[server-intermediary.jar:?]
	at net.minecraft.class_4093.method_18859(class_4093.java:23) ~[server-intermediary.jar:?]
	at net.minecraft.server.MinecraftServer.method_24306(MinecraftServer.java:782) ~[server-intermediary.jar:?]
	at net.minecraft.server.MinecraftServer.method_18859(MinecraftServer.java:164) ~[server-intermediary.jar:?]
	at net.minecraft.class_1255.method_16075(class_1255.java:130) ~[server-intermediary.jar:?]
	at net.minecraft.server.MinecraftServer.method_20415(MinecraftServer.java:764) ~[server-intermediary.jar:?]
	at net.minecraft.server.MinecraftServer.method_16075(MinecraftServer.java:758) ~[server-intermediary.jar:?]
	at net.minecraft.class_1255.method_18857(class_1255.java:139) ~[server-intermediary.jar:?]
	at net.minecraft.server.MinecraftServer.method_29439(MinecraftServer.java:1345) ~[server-intermediary.jar:?]
	at net.minecraft.class_3097.method_29480(class_3097.java:22) ~[server-intermediary.jar:?]
	at net.minecraft.class_3097.method_13530(class_3097.java:53) ~[server-intermediary.jar:?]
	at com.mojang.brigadier.CommandDispatcher.execute(CommandDispatcher.java:264) ~[brigadier-1.1.8.jar:?]
	at net.minecraft.class_2158$class_2160.method_36318(class_2158.java:96) ~[server-intermediary.jar:?]
	at net.minecraft.class_2158$class_2160.method_9198(class_2158.java:90) ~[server-intermediary.jar:?]
	at net.minecraft.class_2991$class_2992.method_12914(class_2991.java:135) ~[server-intermediary.jar:?]
	at net.minecraft.class_2991$class_6345.method_36346(class_2991.java:210) ~[server-intermediary.jar:?]
	at net.minecraft.class_2991.method_36341(class_2991.java:85) ~[server-intermediary.jar:?]
	at net.minecraft.class_2991.method_12904(class_2991.java:69) ~[server-intermediary.jar:?]
	at net.minecraft.class_3062.method_13381(class_3062.java:46) ~[server-intermediary.jar:?]
	at net.minecraft.class_3062.method_13383(class_3062.java:35) ~[server-intermediary.jar:?]
	at com.mojang.brigadier.CommandDispatcher.execute(CommandDispatcher.java:264) ~[brigadier-1.1.8.jar:?]
	at net.minecraft.class_2170.redirect$zia000$architectury$performCommand(class_2170.java:1045) ~[server-intermediary.jar:?]
	at net.minecraft.class_2170.method_9249(class_2170.java:287) ~[server-intermediary.jar:?]
	at net.minecraft.class_2170.method_44252(class_2170.java:280) ~[server-intermediary.jar:?]
	at dev.ftb.mods.ftbquests.quest.reward.CommandReward.claim(CommandReward.java:104) ~[ftb-quests-fabric-2001.4.5.jar:?]
	at dev.ftb.mods.ftbquests.quest.TeamData.claimReward(TeamData.java:538) ~[ftb-quests-fabric-2001.4.5.jar:?]
	at dev.ftb.mods.ftbquests.quest.TeamData.checkAutoCompletion(TeamData.java:568) ~[ftb-quests-fabric-2001.4.5.jar:?]
	at dev.ftb.mods.ftbquests.quest.Quest.onCompleted(Quest.java:544) ~[ftb-quests-fabric-2001.4.5.jar:?]
	at dev.ftb.mods.ftbquests.quest.ServerQuestFile.lambda$playerLoggedIn$4(ServerQuestFile.java:185) ~[ftb-quests-fabric-2001.4.5.jar:?]
	at java.util.ArrayList.forEach(ArrayList.java:1511) ~[?:?]
	at java.util.Collections$UnmodifiableCollection.forEach(Collections.java:1093) ~[?:?]
	at dev.ftb.mods.ftbquests.quest.BaseQuestFile.lambda$forAllQuests$48(BaseQuestFile.java:1402) ~[ftb-quests-fabric-2001.4.5.jar:?]
	at java.util.ArrayList.forEach(ArrayList.java:1511) ~[?:?]
	at java.util.Collections$UnmodifiableCollection.forEach(Collections.java:1093) ~[?:?]
	at dev.ftb.mods.ftbquests.quest.BaseQuestFile.lambda$forAllChapters$47(BaseQuestFile.java:1397) ~[ftb-quests-fabric-2001.4.5.jar:?]
	at java.util.ArrayList.forEach(ArrayList.java:1511) ~[?:?]
	at dev.ftb.mods.ftbquests.quest.BaseQuestFile.forAllChapterGroups(BaseQuestFile.java:1392) ~[ftb-quests-fabric-2001.4.5.jar:?]
	at dev.ftb.mods.ftbquests.quest.BaseQuestFile.forAllChapters(BaseQuestFile.java:1397) ~[ftb-quests-fabric-2001.4.5.jar:?]
	at dev.ftb.mods.ftbquests.quest.BaseQuestFile.forAllQuests(BaseQuestFile.java:1402) ~[ftb-quests-fabric-2001.4.5.jar:?]
	at dev.ftb.mods.ftbquests.quest.ServerQuestFile.lambda$playerLoggedIn$5(ServerQuestFile.java:179) ~[ftb-quests-fabric-2001.4.5.jar:?]
	at dev.ftb.mods.ftbquests.quest.ServerQuestFile.withPlayerContext(ServerQuestFile.java:159) ~[ftb-quests-fabric-2001.4.5.jar:?]
	at dev.ftb.mods.ftbquests.quest.ServerQuestFile.playerLoggedIn(ServerQuestFile.java:179) ~[ftb-quests-fabric-2001.4.5.jar:?]
	at dev.ftb.mods.ftbquests.FTBQuestsEventHandler.playerLoggedIn(FTBQuestsEventHandler.java:104) ~[ftb-quests-fabric-2001.4.5.jar:?]
	at java.lang.invoke.MethodHandle.invokeWithArguments(MethodHandle.java:732) ~[?:?]
	at dev.architectury.event.EventFactory.invokeMethod(EventFactory.java:53) ~[architectury-9.2.14-fabric.jar:?]
	at dev.architectury.event.EventFactory$4.handleInvocation(EventFactory.java:125) ~[architectury-9.2.14-fabric.jar:?]
	at com.google.common.reflect.AbstractInvocationHandler.invoke(AbstractInvocationHandler.java:87) ~[guava-31.1-jre.jar:?]
	at jdk.proxy2.$Proxy202.accept(Unknown Source) ~[?:?]
	at dev.ftb.mods.ftbteams.data.TeamManagerImpl.playerLoggedIn(TeamManagerImpl.java:319) ~[ftb-teams-fabric-2001.3.0.jar:?]
	at dev.ftb.mods.ftbteams.FTBTeams.playerLoggedIn(FTBTeams.java:77) ~[ftb-teams-fabric-2001.3.0.jar:?]
	at java.lang.invoke.MethodHandle.invokeWithArguments(MethodHandle.java:732) ~[?:?]
	at dev.architectury.event.EventFactory.invokeMethod(EventFactory.java:53) ~[architectury-9.2.14-fabric.jar:?]
	at dev.architectury.event.EventFactory$1.handleInvocation(EventFactory.java:62) ~[architectury-9.2.14-fabric.jar:?]
	at com.google.common.reflect.AbstractInvocationHandler.invoke(AbstractInvocationHandler.java:87) ~[guava-31.1-jre.jar:?]
	at jdk.proxy2.$Proxy201.join(Unknown Source) ~[?:?]
	at net.minecraft.class_3324.handler$zjc000$architectury$placeNewPlayer(class_3324.java:2520) ~[server-intermediary.jar:?]
	at net.minecraft.class_3324.method_14570(class_3324.java:307) ~[server-intermediary.jar:?]
	at net.minecraft.class_3248.method_33800(class_3248.java:131) ~[server-intermediary.jar:?]
	at net.minecraft.class_3248.mdcaa83c$polymer-networking$lambda$polymerNet$prePlayHandshakeHackfest$0$0(class_3248.java:549) ~[server-intermediary.jar:?]
	at eu.pb4.polymer.networking.impl.EarlyConnectionMagic.lambda$handle$0(EarlyConnectionMagic.java:32) ~[polymer-networking-0.5.15+1.20.1-dc18d44a422d3193.jar:?]
	at eu.pb4.polymer.networking.api.EarlyPlayNetworkHandler.lambda$onKeepAlive$0(EarlyPlayNetworkHandler.java:108) ~[polymer-networking-0.5.15+1.20.1-dc18d44a422d3193.jar:?]
	at net.minecraft.class_3738.run(class_3738.java:18) ~[server-intermediary.jar:?]
	at net.minecraft.class_1255.method_18859(class_1255.java:156) ~[server-intermediary.jar:?]
	at net.minecraft.class_4093.method_18859(class_4093.java:23) ~[server-intermediary.jar:?]
	at net.minecraft.server.MinecraftServer.method_24306(MinecraftServer.java:782) ~[server-intermediary.jar:?]
	at net.minecraft.server.MinecraftServer.method_18859(MinecraftServer.java:164) ~[server-intermediary.jar:?]
	at net.minecraft.class_1255.method_16075(class_1255.java:130) ~[server-intermediary.jar:?]
	at net.minecraft.server.MinecraftServer.method_20415(MinecraftServer.java:764) ~[server-intermediary.jar:?]
	at net.minecraft.server.MinecraftServer.method_16075(MinecraftServer.java:758) ~[server-intermediary.jar:?]
	at net.minecraft.class_1255.method_18857(class_1255.java:139) ~[server-intermediary.jar:?]
	at net.minecraft.server.MinecraftServer.method_16208(MinecraftServer.java:743) ~[server-intermediary.jar:?]
	at net.minecraft.server.MinecraftServer.method_29741(MinecraftServer.java:675) ~[server-intermediary.jar:?]
	at net.minecraft.server.MinecraftServer.method_29739(MinecraftServer.java:265) ~[server-intermediary.jar:?]
	at java.lang.Thread.run(Thread.java:840) ~[?:?]
[00:32:34] [Server thread/ERROR]: Parsing error loading recipe dramaticdoors:short_promenade_cherry_oak_door
com.google.gson.JsonSyntaxException: Unknown item 'promenade:cherry_oak_door'
	at net.minecraft.class_1869.method_17878(class_1869.java:272) ~[server-intermediary.jar:?]
	at java.util.Optional.orElseThrow(Optional.java:403) ~[?:?]
	at net.minecraft.class_1869.method_8155(class_1869.java:272) ~[server-intermediary.jar:?]
	at net.minecraft.class_1856.method_8107(class_1856.java:160) ~[server-intermediary.jar:?]
	at net.minecraft.class_1856.method_8102(class_1856.java:143) ~[server-intermediary.jar:?]
	at net.mehvahdjukaar.sawmill.WoodcuttingRecipe$Serializer.fromJson(WoodcuttingRecipe.java:52) ~[sawmill-1.20-1.4.0-fabric.jar:?]
	at net.mehvahdjukaar.sawmill.WoodcuttingRecipe$Serializer.method_8121(WoodcuttingRecipe.java:43) ~[sawmill-1.20-1.4.0-fabric.jar:?]
	at net.minecraft.class_1863.method_17720(class_1863.java:135) ~[server-intermediary.jar:?]
	at net.minecraft.class_1863.method_20705(class_1863.java:56) ~[server-intermediary.jar:?]
	at net.minecraft.class_1863.method_18788(class_1863.java:35) ~[server-intermediary.jar:?]
	at net.minecraft.class_4080.method_18790(class_4080.java:13) ~[server-intermediary.jar:?]
	at java.util.concurrent.CompletableFuture$UniAccept.tryFire(CompletableFuture.java:718) ~[?:?]
	at java.util.concurrent.CompletableFuture$Completion.run(CompletableFuture.java:482) ~[?:?]
	at net.minecraft.class_4014.method_18365(class_4014.java:69) ~[server-intermediary.jar:?]
	at net.minecraft.class_3738.run(class_3738.java:18) ~[server-intermediary.jar:?]
	at net.minecraft.class_1255.method_18859(class_1255.java:156) ~[server-intermediary.jar:?]
	at net.minecraft.class_4093.method_18859(class_4093.java:23) ~[server-intermediary.jar:?]
	at net.minecraft.server.MinecraftServer.method_24306(MinecraftServer.java:782) ~[server-intermediary.jar:?]
	at net.minecraft.server.MinecraftServer.method_18859(MinecraftServer.java:164) ~[server-intermediary.jar:?]
	at net.minecraft.class_1255.method_16075(class_1255.java:130) ~[server-intermediary.jar:?]
	at net.minecraft.server.MinecraftServer.method_20415(MinecraftServer.java:764) ~[server-intermediary.jar:?]
	at net.minecraft.server.MinecraftServer.method_16075(MinecraftServer.java:758) ~[server-intermediary.jar:?]
	at net.minecraft.class_1255.method_18857(class_1255.java:139) ~[server-intermediary.jar:?]
	at net.minecraft.server.MinecraftServer.method_29439(MinecraftServer.java:1345) ~[server-intermediary.jar:?]
	at net.minecraft.class_3097.method_29480(class_3097.java:22) ~[server-intermediary.jar:?]
	at net.minecraft.class_3097.method_13530(class_3097.java:53) ~[server-intermediary.jar:?]
	at com.mojang.brigadier.CommandDispatcher.execute(CommandDispatcher.java:264) ~[brigadier-1.1.8.jar:?]
	at net.minecraft.class_2158$class_2160.method_36318(class_2158.java:96) ~[server-intermediary.jar:?]
	at net.minecraft.class_2158$class_2160.method_9198(class_2158.java:90) ~[server-intermediary.jar:?]
	at net.minecraft.class_2991$class_2992.method_12914(class_2991.java:135) ~[server-intermediary.jar:?]
	at net.minecraft.class_2991$class_6345.method_36346(class_2991.java:210) ~[server-intermediary.jar:?]
	at net.minecraft.class_2991.method_36341(class_2991.java:85) ~[server-intermediary.jar:?]
	at net.minecraft.class_2991.method_12904(class_2991.java:69) ~[server-intermediary.jar:?]
	at net.minecraft.class_3062.method_13381(class_3062.java:46) ~[server-intermediary.jar:?]
	at net.minecraft.class_3062.method_13383(class_3062.java:35) ~[server-intermediary.jar:?]
	at com.mojang.brigadier.CommandDispatcher.execute(CommandDispatcher.java:264) ~[brigadier-1.1.8.jar:?]
	at net.minecraft.class_2170.redirect$zia000$architectury$performCommand(class_2170.java:1045) ~[server-intermediary.jar:?]
	at net.minecraft.class_2170.method_9249(class_2170.java:287) ~[server-intermediary.jar:?]
	at net.minecraft.class_2170.method_44252(class_2170.java:280) ~[server-intermediary.jar:?]
	at dev.ftb.mods.ftbquests.quest.reward.CommandReward.claim(CommandReward.java:104) ~[ftb-quests-fabric-2001.4.5.jar:?]
	at dev.ftb.mods.ftbquests.quest.TeamData.claimReward(TeamData.java:538) ~[ftb-quests-fabric-2001.4.5.jar:?]
	at dev.ftb.mods.ftbquests.quest.TeamData.checkAutoCompletion(TeamData.java:568) ~[ftb-quests-fabric-2001.4.5.jar:?]
	at dev.ftb.mods.ftbquests.quest.Quest.onCompleted(Quest.java:544) ~[ftb-quests-fabric-2001.4.5.jar:?]
	at dev.ftb.mods.ftbquests.quest.ServerQuestFile.lambda$playerLoggedIn$4(ServerQuestFile.java:185) ~[ftb-quests-fabric-2001.4.5.jar:?]
	at java.util.ArrayList.forEach(ArrayList.java:1511) ~[?:?]
	at java.util.Collections$UnmodifiableCollection.forEach(Collections.java:1093) ~[?:?]
	at dev.ftb.mods.ftbquests.quest.BaseQuestFile.lambda$forAllQuests$48(BaseQuestFile.java:1402) ~[ftb-quests-fabric-2001.4.5.jar:?]
	at java.util.ArrayList.forEach(ArrayList.java:1511) ~[?:?]
	at java.util.Collections$UnmodifiableCollection.forEach(Collections.java:1093) ~[?:?]
	at dev.ftb.mods.ftbquests.quest.BaseQuestFile.lambda$forAllChapters$47(BaseQuestFile.java:1397) ~[ftb-quests-fabric-2001.4.5.jar:?]
	at java.util.ArrayList.forEach(ArrayList.java:1511) ~[?:?]
	at dev.ftb.mods.ftbquests.quest.BaseQuestFile.forAllChapterGroups(BaseQuestFile.java:1392) ~[ftb-quests-fabric-2001.4.5.jar:?]
	at dev.ftb.mods.ftbquests.quest.BaseQuestFile.forAllChapters(BaseQuestFile.java:1397) ~[ftb-quests-fabric-2001.4.5.jar:?]
	at dev.ftb.mods.ftbquests.quest.BaseQuestFile.forAllQuests(BaseQuestFile.java:1402) ~[ftb-quests-fabric-2001.4.5.jar:?]
	at dev.ftb.mods.ftbquests.quest.ServerQuestFile.lambda$playerLoggedIn$5(ServerQuestFile.java:179) ~[ftb-quests-fabric-2001.4.5.jar:?]
	at dev.ftb.mods.ftbquests.quest.ServerQuestFile.withPlayerContext(ServerQuestFile.java:159) ~[ftb-quests-fabric-2001.4.5.jar:?]
	at dev.ftb.mods.ftbquests.quest.ServerQuestFile.playerLoggedIn(ServerQuestFile.java:179) ~[ftb-quests-fabric-2001.4.5.jar:?]
	at dev.ftb.mods.ftbquests.FTBQuestsEventHandler.playerLoggedIn(FTBQuestsEventHandler.java:104) ~[ftb-quests-fabric-2001.4.5.jar:?]
	at java.lang.invoke.MethodHandle.invokeWithArguments(MethodHandle.java:732) ~[?:?]
	at dev.architectury.event.EventFactory.invokeMethod(EventFactory.java:53) ~[architectury-9.2.14-fabric.jar:?]
	at dev.architectury.event.EventFactory$4.handleInvocation(EventFactory.java:125) ~[architectury-9.2.14-fabric.jar:?]
	at com.google.common.reflect.AbstractInvocationHandler.invoke(AbstractInvocationHandler.java:87) ~[guava-31.1-jre.jar:?]
	at jdk.proxy2.$Proxy202.accept(Unknown Source) ~[?:?]
	at dev.ftb.mods.ftbteams.data.TeamManagerImpl.playerLoggedIn(TeamManagerImpl.java:319) ~[ftb-teams-fabric-2001.3.0.jar:?]
	at dev.ftb.mods.ftbteams.FTBTeams.playerLoggedIn(FTBTeams.java:77) ~[ftb-teams-fabric-2001.3.0.jar:?]
	at java.lang.invoke.MethodHandle.invokeWithArguments(MethodHandle.java:732) ~[?:?]
	at dev.architectury.event.EventFactory.invokeMethod(EventFactory.java:53) ~[architectury-9.2.14-fabric.jar:?]
	at dev.architectury.event.EventFactory$1.handleInvocation(EventFactory.java:62) ~[architectury-9.2.14-fabric.jar:?]
	at com.google.common.reflect.AbstractInvocationHandler.invoke(AbstractInvocationHandler.java:87) ~[guava-31.1-jre.jar:?]
	at jdk.proxy2.$Proxy201.join(Unknown Source) ~[?:?]
	at net.minecraft.class_3324.handler$zjc000$architectury$placeNewPlayer(class_3324.java:2520) ~[server-intermediary.jar:?]
	at net.minecraft.class_3324.method_14570(class_3324.java:307) ~[server-intermediary.jar:?]
	at net.minecraft.class_3248.method_33800(class_3248.java:131) ~[server-intermediary.jar:?]
	at net.minecraft.class_3248.mdcaa83c$polymer-networking$lambda$polymerNet$prePlayHandshakeHackfest$0$0(class_3248.java:549) ~[server-intermediary.jar:?]
	at eu.pb4.polymer.networking.impl.EarlyConnectionMagic.lambda$handle$0(EarlyConnectionMagic.java:32) ~[polymer-networking-0.5.15+1.20.1-dc18d44a422d3193.jar:?]
	at eu.pb4.polymer.networking.api.EarlyPlayNetworkHandler.lambda$onKeepAlive$0(EarlyPlayNetworkHandler.java:108) ~[polymer-networking-0.5.15+1.20.1-dc18d44a422d3193.jar:?]
	at net.minecraft.class_3738.run(class_3738.java:18) ~[server-intermediary.jar:?]
	at net.minecraft.class_1255.method_18859(class_1255.java:156) ~[server-intermediary.jar:?]
	at net.minecraft.class_4093.method_18859(class_4093.java:23) ~[server-intermediary.jar:?]
	at net.minecraft.server.MinecraftServer.method_24306(MinecraftServer.java:782) ~[server-intermediary.jar:?]
	at net.minecraft.server.MinecraftServer.method_18859(MinecraftServer.java:164) ~[server-intermediary.jar:?]
	at net.minecraft.class_1255.method_16075(class_1255.java:130) ~[server-intermediary.jar:?]
	at net.minecraft.server.MinecraftServer.method_20415(MinecraftServer.java:764) ~[server-intermediary.jar:?]
	at net.minecraft.server.MinecraftServer.method_16075(MinecraftServer.java:758) ~[server-intermediary.jar:?]
	at net.minecraft.class_1255.method_18857(class_1255.java:139) ~[server-intermediary.jar:?]
	at net.minecraft.server.MinecraftServer.method_16208(MinecraftServer.java:743) ~[server-intermediary.jar:?]
	at net.minecraft.server.MinecraftServer.method_29741(MinecraftServer.java:675) ~[server-intermediary.jar:?]
	at net.minecraft.server.MinecraftServer.method_29739(MinecraftServer.java:265) ~[server-intermediary.jar:?]
	at java.lang.Thread.run(Thread.java:840) ~[?:?]
[00:32:34] [Server thread/ERROR]: Parsing error loading recipe knavesneeds:betternether/cincinnasite_diamond/halberd
com.google.gson.JsonSyntaxException: Unknown item 'betterend:cincinnasite_diamond_upgrade_smithing_template'
	at net.minecraft.class_1869.method_17878(class_1869.java:272) ~[server-intermediary.jar:?]
	at java.util.Optional.orElseThrow(Optional.java:403) ~[?:?]
	at net.minecraft.class_1869.method_8155(class_1869.java:272) ~[server-intermediary.jar:?]
	at net.minecraft.class_1856.method_8107(class_1856.java:160) ~[server-intermediary.jar:?]
	at net.minecraft.class_1856.method_8102(class_1856.java:143) ~[server-intermediary.jar:?]
	at net.minecraft.class_1856.method_52177(class_1856.java:135) ~[server-intermediary.jar:?]
	at net.minecraft.class_8060$class_8061.method_48455(class_8060.java:87) ~[server-intermediary.jar:?]
	at net.minecraft.class_8060$class_8061.method_8121(class_8060.java:84) ~[server-intermediary.jar:?]
	at net.minecraft.class_1863.method_17720(class_1863.java:135) ~[server-intermediary.jar:?]
	at net.minecraft.class_1863.method_20705(class_1863.java:56) ~[server-intermediary.jar:?]
	at net.minecraft.class_1863.method_18788(class_1863.java:35) ~[server-intermediary.jar:?]
	at net.minecraft.class_4080.method_18790(class_4080.java:13) ~[server-intermediary.jar:?]
	at java.util.concurrent.CompletableFuture$UniAccept.tryFire(CompletableFuture.java:718) ~[?:?]
	at java.util.concurrent.CompletableFuture$Completion.run(CompletableFuture.java:482) ~[?:?]
	at net.minecraft.class_4014.method_18365(class_4014.java:69) ~[server-intermediary.jar:?]
	at net.minecraft.class_3738.run(class_3738.java:18) ~[server-intermediary.jar:?]
	at net.minecraft.class_1255.method_18859(class_1255.java:156) ~[server-intermediary.jar:?]
	at net.minecraft.class_4093.method_18859(class_4093.java:23) ~[server-intermediary.jar:?]
	at net.minecraft.server.MinecraftServer.method_24306(MinecraftServer.java:782) ~[server-intermediary.jar:?]
	at net.minecraft.server.MinecraftServer.method_18859(MinecraftServer.java:164) ~[server-intermediary.jar:?]
	at net.minecraft.class_1255.method_16075(class_1255.java:130) ~[server-intermediary.jar:?]
	at net.minecraft.server.MinecraftServer.method_20415(MinecraftServer.java:764) ~[server-intermediary.jar:?]
	at net.minecraft.server.MinecraftServer.method_16075(MinecraftServer.java:758) ~[server-intermediary.jar:?]
	at net.minecraft.class_1255.method_18857(class_1255.java:139) ~[server-intermediary.jar:?]
	at net.minecraft.server.MinecraftServer.method_29439(MinecraftServer.java:1345) ~[server-intermediary.jar:?]
	at net.minecraft.class_3097.method_29480(class_3097.java:22) ~[server-intermediary.jar:?]
	at net.minecraft.class_3097.method_13530(class_3097.java:53) ~[server-intermediary.jar:?]
	at com.mojang.brigadier.CommandDispatcher.execute(CommandDispatcher.java:264) ~[brigadier-1.1.8.jar:?]
	at net.minecraft.class_2158$class_2160.method_36318(class_2158.java:96) ~[server-intermediary.jar:?]
	at net.minecraft.class_2158$class_2160.method_9198(class_2158.java:90) ~[server-intermediary.jar:?]
	at net.minecraft.class_2991$class_2992.method_12914(class_2991.java:135) ~[server-intermediary.jar:?]
	at net.minecraft.class_2991$class_6345.method_36346(class_2991.java:210) ~[server-intermediary.jar:?]
	at net.minecraft.class_2991.method_36341(class_2991.java:85) ~[server-intermediary.jar:?]
	at net.minecraft.class_2991.method_12904(class_2991.java:69) ~[server-intermediary.jar:?]
	at net.minecraft.class_3062.method_13381(class_3062.java:46) ~[server-intermediary.jar:?]
	at net.minecraft.class_3062.method_13383(class_3062.java:35) ~[server-intermediary.jar:?]
	at com.mojang.brigadier.CommandDispatcher.execute(CommandDispatcher.java:264) ~[brigadier-1.1.8.jar:?]
	at net.minecraft.class_2170.redirect$zia000$architectury$performCommand(class_2170.java:1045) ~[server-intermediary.jar:?]
	at net.minecraft.class_2170.method_9249(class_2170.java:287) ~[server-intermediary.jar:?]
	at net.minecraft.class_2170.method_44252(class_2170.java:280) ~[server-intermediary.jar:?]
	at dev.ftb.mods.ftbquests.quest.reward.CommandReward.claim(CommandReward.java:104) ~[ftb-quests-fabric-2001.4.5.jar:?]
	at dev.ftb.mods.ftbquests.quest.TeamData.claimReward(TeamData.java:538) ~[ftb-quests-fabric-2001.4.5.jar:?]
	at dev.ftb.mods.ftbquests.quest.TeamData.checkAutoCompletion(TeamData.java:568) ~[ftb-quests-fabric-2001.4.5.jar:?]
	at dev.ftb.mods.ftbquests.quest.Quest.onCompleted(Quest.java:544) ~[ftb-quests-fabric-2001.4.5.jar:?]
	at dev.ftb.mods.ftbquests.quest.ServerQuestFile.lambda$playerLoggedIn$4(ServerQuestFile.java:185) ~[ftb-quests-fabric-2001.4.5.jar:?]
	at java.util.ArrayList.forEach(ArrayList.java:1511) ~[?:?]
	at java.util.Collections$UnmodifiableCollection.forEach(Collections.java:1093) ~[?:?]
	at dev.ftb.mods.ftbquests.quest.BaseQuestFile.lambda$forAllQuests$48(BaseQuestFile.java:1402) ~[ftb-quests-fabric-2001.4.5.jar:?]
	at java.util.ArrayList.forEach(ArrayList.java:1511) ~[?:?]
	at java.util.Collections$UnmodifiableCollection.forEach(Collections.java:1093) ~[?:?]
	at dev.ftb.mods.ftbquests.quest.BaseQuestFile.lambda$forAllChapters$47(BaseQuestFile.java:1397) ~[ftb-quests-fabric-2001.4.5.jar:?]
	at java.util.ArrayList.forEach(ArrayList.java:1511) ~[?:?]
	at dev.ftb.mods.ftbquests.quest.BaseQuestFile.forAllChapterGroups(BaseQuestFile.java:1392) ~[ftb-quests-fabric-2001.4.5.jar:?]
	at dev.ftb.mods.ftbquests.quest.BaseQuestFile.forAllChapters(BaseQuestFile.java:1397) ~[ftb-quests-fabric-2001.4.5.jar:?]
	at dev.ftb.mods.ftbquests.quest.BaseQuestFile.forAllQuests(BaseQuestFile.java:1402) ~[ftb-quests-fabric-2001.4.5.jar:?]
	at dev.ftb.mods.ftbquests.quest.ServerQuestFile.lambda$playerLoggedIn$5(ServerQuestFile.java:179) ~[ftb-quests-fabric-2001.4.5.jar:?]
	at dev.ftb.mods.ftbquests.quest.ServerQuestFile.withPlayerContext(ServerQuestFile.java:159) ~[ftb-quests-fabric-2001.4.5.jar:?]
	at dev.ftb.mods.ftbquests.quest.ServerQuestFile.playerLoggedIn(ServerQuestFile.java:179) ~[ftb-quests-fabric-2001.4.5.jar:?]
	at dev.ftb.mods.ftbquests.FTBQuestsEventHandler.playerLoggedIn(FTBQuestsEventHandler.java:104) ~[ftb-quests-fabric-2001.4.5.jar:?]
	at java.lang.invoke.MethodHandle.invokeWithArguments(MethodHandle.java:732) ~[?:?]
	at dev.architectury.event.EventFactory.invokeMethod(EventFactory.java:53) ~[architectury-9.2.14-fabric.jar:?]
	at dev.architectury.event.EventFactory$4.handleInvocation(EventFactory.java:125) ~[architectury-9.2.14-fabric.jar:?]
	at com.google.common.reflect.AbstractInvocationHandler.invoke(AbstractInvocationHandler.java:87) ~[guava-31.1-jre.jar:?]
	at jdk.proxy2.$Proxy202.accept(Unknown Source) ~[?:?]
	at dev.ftb.mods.ftbteams.data.TeamManagerImpl.playerLoggedIn(TeamManagerImpl.java:319) ~[ftb-teams-fabric-2001.3.0.jar:?]
	at dev.ftb.mods.ftbteams.FTBTeams.playerLoggedIn(FTBTeams.java:77) ~[ftb-teams-fabric-2001.3.0.jar:?]
	at java.lang.invoke.MethodHandle.invokeWithArguments(MethodHandle.java:732) ~[?:?]
	at dev.architectury.event.EventFactory.invokeMethod(EventFactory.java:53) ~[architectury-9.2.14-fabric.jar:?]
	at dev.architectury.event.EventFactory$1.handleInvocation(EventFactory.java:62) ~[architectury-9.2.14-fabric.jar:?]
	at com.google.common.reflect.AbstractInvocationHandler.invoke(AbstractInvocationHandler.java:87) ~[guava-31.1-jre.jar:?]
	at jdk.proxy2.$Proxy201.join(Unknown Source) ~[?:?]
	at net.minecraft.class_3324.handler$zjc000$architectury$placeNewPlayer(class_3324.java:2520) ~[server-intermediary.jar:?]
	at net.minecraft.class_3324.method_14570(class_3324.java:307) ~[server-intermediary.jar:?]
	at net.minecraft.class_3248.method_33800(class_3248.java:131) ~[server-intermediary.jar:?]
	at net.minecraft.class_3248.mdcaa83c$polymer-networking$lambda$polymerNet$prePlayHandshakeHackfest$0$0(class_3248.java:549) ~[server-intermediary.jar:?]
	at eu.pb4.polymer.networking.impl.EarlyConnectionMagic.lambda$handle$0(EarlyConnectionMagic.java:32) ~[polymer-networking-0.5.15+1.20.1-dc18d44a422d3193.jar:?]
	at eu.pb4.polymer.networking.api.EarlyPlayNetworkHandler.lambda$onKeepAlive$0(EarlyPlayNetworkHandler.java:108) ~[polymer-networking-0.5.15+1.20.1-dc18d44a422d3193.jar:?]
	at net.minecraft.class_3738.run(class_3738.java:18) ~[server-intermediary.jar:?]
	at net.minecraft.class_1255.method_18859(class_1255.java:156) ~[server-intermediary.jar:?]
	at net.minecraft.class_4093.method_18859(class_4093.java:23) ~[server-intermediary.jar:?]
	at net.minecraft.server.MinecraftServer.method_24306(MinecraftServer.java:782) ~[server-intermediary.jar:?]
	at net.minecraft.server.MinecraftServer.method_18859(MinecraftServer.java:164) ~[server-intermediary.jar:?]
	at net.minecraft.class_1255.method_16075(class_1255.java:130) ~[server-intermediary.jar:?]
	at net.minecraft.server.MinecraftServer.method_20415(MinecraftServer.java:764) ~[server-intermediary.jar:?]
	at net.minecraft.server.MinecraftServer.method_16075(MinecraftServer.java:758) ~[server-intermediary.jar:?]
	at net.minecraft.class_1255.method_18857(class_1255.java:139) ~[server-intermediary.jar:?]
	at net.minecraft.server.MinecraftServer.method_16208(MinecraftServer.java:743) ~[server-intermediary.jar:?]
	at net.minecraft.server.MinecraftServer.method_29741(MinecraftServer.java:675) ~[server-intermediary.jar:?]
	at net.minecraft.server.MinecraftServer.method_29739(MinecraftServer.java:265) ~[server-intermediary.jar:?]
	at java.lang.Thread.run(Thread.java:840) ~[?:?]
[00:33:21] [spark-async-sampler-worker-thread/WARN]: Timed out waiting for world statistics
[00:32:34] [Server thread/ERROR]: Parsing error loading recipe knavesneeds:betternether/cincinnasite_diamond/chakram
com.google.gson.JsonSyntaxException: Unknown item 'betterend:cincinnasite_diamond_upgrade_smithing_template'
	at net.minecraft.class_1869.method_17878(class_1869.java:272) ~[server-intermediary.jar:?]
	at java.util.Optional.orElseThrow(Optional.java:403) ~[?:?]
	at net.minecraft.class_1869.method_8155(class_1869.java:272) ~[server-intermediary.jar:?]
	at net.minecraft.class_1856.method_8107(class_1856.java:160) ~[server-intermediary.jar:?]
	at net.minecraft.class_1856.method_8102(class_1856.java:143) ~[server-intermediary.jar:?]
	at net.minecraft.class_1856.method_52177(class_1856.java:135) ~[server-intermediary.jar:?]
	at net.minecraft.class_8060$class_8061.method_48455(class_8060.java:87) ~[server-intermediary.jar:?]
	at net.minecraft.class_8060$class_8061.method_8121(class_8060.java:84) ~[server-intermediary.jar:?]
	at net.minecraft.class_1863.method_17720(class_1863.java:135) ~[server-intermediary.jar:?]
	at net.minecraft.class_1863.method_20705(class_1863.java:56) ~[server-intermediary.jar:?]
	at net.minecraft.class_1863.method_18788(class_1863.java:35) ~[server-intermediary.jar:?]
	at net.minecraft.class_4080.method_18790(class_4080.java:13) ~[server-intermediary.jar:?]
	at java.util.concurrent.CompletableFuture$UniAccept.tryFire(CompletableFuture.java:718) ~[?:?]
	at java.util.concurrent.CompletableFuture$Completion.run(CompletableFuture.java:482) ~[?:?]
	at net.minecraft.class_4014.method_18365(class_4014.java:69) ~[server-intermediary.jar:?]
	at net.minecraft.class_3738.run(class_3738.java:18) ~[server-intermediary.jar:?]
	at net.minecraft.class_1255.method_18859(class_1255.java:156) ~[server-intermediary.jar:?]
	at net.minecraft.class_4093.method_18859(class_4093.java:23) ~[server-intermediary.jar:?]
	at net.minecraft.server.MinecraftServer.method_24306(MinecraftServer.java:782) ~[server-intermediary.jar:?]
	at net.minecraft.server.MinecraftServer.method_18859(MinecraftServer.java:164) ~[server-intermediary.jar:?]
	at net.minecraft.class_1255.method_16075(class_1255.java:130) ~[server-intermediary.jar:?]
	at net.minecraft.server.MinecraftServer.method_20415(MinecraftServer.java:764) ~[server-intermediary.jar:?]
	at net.minecraft.server.MinecraftServer.method_16075(MinecraftServer.java:758) ~[server-intermediary.jar:?]
	at net.minecraft.class_1255.method_18857(class_1255.java:139) ~[server-intermediary.jar:?]
	at net.minecraft.server.MinecraftServer.method_29439(MinecraftServer.java:1345) ~[server-intermediary.jar:?]
	at net.minecraft.class_3097.method_29480(class_3097.java:22) ~[server-intermediary.jar:?]
	at net.minecraft.class_3097.method_13530(class_3097.java:53) ~[server-intermediary.jar:?]
	at com.mojang.brigadier.CommandDispatcher.execute(CommandDispatcher.java:264) ~[brigadier-1.1.8.jar:?]
	at net.minecraft.class_2158$class_2160.method_36318(class_2158.java:96) ~[server-intermediary.jar:?]
	at net.minecraft.class_2158$class_2160.method_9198(class_2158.java:90) ~[server-intermediary.jar:?]
	at net.minecraft.class_2991$class_2992.method_12914(class_2991.java:135) ~[server-intermediary.jar:?]
	at net.minecraft.class_2991$class_6345.method_36346(class_2991.java:210) ~[server-intermediary.jar:?]
	at net.minecraft.class_2991.method_36341(class_2991.java:85) ~[server-intermediary.jar:?]
	at net.minecraft.class_2991.method_12904(class_2991.java:69) ~[server-intermediary.jar:?]
	at net.minecraft.class_3062.method_13381(class_3062.java:46) ~[server-intermediary.jar:?]
	at net.minecraft.class_3062.method_13383(class_3062.java:35) ~[server-intermediary.jar:?]
	at com.mojang.brigadier.CommandDispatcher.execute(CommandDispatcher.java:264) ~[brigadier-1.1.8.jar:?]
	at net.minecraft.class_2170.redirect$zia000$architectury$performCommand(class_2170.java:1045) ~[server-intermediary.jar:?]
	at net.minecraft.class_2170.method_9249(class_2170.java:287) ~[server-intermediary.jar:?]
	at net.minecraft.class_2170.method_44252(class_2170.java:280) ~[server-intermediary.jar:?]
	at dev.ftb.mods.ftbquests.quest.reward.CommandReward.claim(CommandReward.java:104) ~[ftb-quests-fabric-2001.4.5.jar:?]
	at dev.ftb.mods.ftbquests.quest.TeamData.claimReward(TeamData.java:538) ~[ftb-quests-fabric-2001.4.5.jar:?]
	at dev.ftb.mods.ftbquests.quest.TeamData.checkAutoCompletion(TeamData.java:568) ~[ftb-quests-fabric-2001.4.5.jar:?]
	at dev.ftb.mods.ftbquests.quest.Quest.onCompleted(Quest.java:544) ~[ftb-quests-fabric-2001.4.5.jar:?]
	at dev.ftb.mods.ftbquests.quest.ServerQuestFile.lambda$playerLoggedIn$4(ServerQuestFile.java:185) ~[ftb-quests-fabric-2001.4.5.jar:?]
	at java.util.ArrayList.forEach(ArrayList.java:1511) ~[?:?]
	at java.util.Collections$UnmodifiableCollection.forEach(Collections.java:1093) ~[?:?]
	at dev.ftb.mods.ftbquests.quest.BaseQuestFile.lambda$forAllQuests$48(BaseQuestFile.java:1402) ~[ftb-quests-fabric-2001.4.5.jar:?]
	at java.util.ArrayList.forEach(ArrayList.java:1511) ~[?:?]
	at java.util.Collections$UnmodifiableCollection.forEach(Collections.java:1093) ~[?:?]
	at dev.ftb.mods.ftbquests.quest.BaseQuestFile.lambda$forAllChapters$47(BaseQuestFile.java:1397) ~[ftb-quests-fabric-2001.4.5.jar:?]
	at java.util.ArrayList.forEach(ArrayList.java:1511) ~[?:?]
	at dev.ftb.mods.ftbquests.quest.BaseQuestFile.forAllChapterGroups(BaseQuestFile.java:1392) ~[ftb-quests-fabric-2001.4.5.jar:?]
	at dev.ftb.mods.ftbquests.quest.BaseQuestFile.forAllChapters(BaseQuestFile.java:1397) ~[ftb-quests-fabric-2001.4.5.jar:?]
	at dev.ftb.mods.ftbquests.quest.BaseQuestFile.forAllQuests(BaseQuestFile.java:1402) ~[ftb-quests-fabric-2001.4.5.jar:?]
	at dev.ftb.mods.ftbquests.quest.ServerQuestFile.lambda$playerLoggedIn$5(ServerQuestFile.java:179) ~[ftb-quests-fabric-2001.4.5.jar:?]
	at dev.ftb.mods.ftbquests.quest.ServerQuestFile.withPlayerContext(ServerQuestFile.java:159) ~[ftb-quests-fabric-2001.4.5.jar:?]
	at dev.ftb.mods.ftbquests.quest.ServerQuestFile.playerLoggedIn(ServerQuestFile.java:179) ~[ftb-quests-fabric-2001.4.5.jar:?]
	at dev.ftb.mods.ftbquests.FTBQuestsEventHandler.playerLoggedIn(FTBQuestsEventHandler.java:104) ~[ftb-quests-fabric-2001.4.5.jar:?]
	at java.lang.invoke.MethodHandle.invokeWithArguments(MethodHandle.java:732) ~[?:?]
	at dev.architectury.event.EventFactory.invokeMethod(EventFactory.java:53) ~[architectury-9.2.14-fabric.jar:?]
	at dev.architectury.event.EventFactory$4.handleInvocation(EventFactory.java:125) ~[architectury-9.2.14-fabric.jar:?]
	at com.google.common.reflect.AbstractInvocationHandler.invoke(AbstractInvocationHandler.java:87) ~[guava-31.1-jre.jar:?]
	at jdk.proxy2.$Proxy202.accept(Unknown Source) ~[?:?]
	at dev.ftb.mods.ftbteams.data.TeamManagerImpl.playerLoggedIn(TeamManagerImpl.java:319) ~[ftb-teams-fabric-2001.3.0.jar:?]
	at dev.ftb.mods.ftbteams.FTBTeams.playerLoggedIn(FTBTeams.java:77) ~[ftb-teams-fabric-2001.3.0.jar:?]
	at java.lang.invoke.MethodHandle.invokeWithArguments(MethodHandle.java:732) ~[?:?]
	at dev.architectury.event.EventFactory.invokeMethod(EventFactory.java:53) ~[architectury-9.2.14-fabric.jar:?]
	at dev.architectury.event.EventFactory$1.handleInvocation(EventFactory.java:62) ~[architectury-9.2.14-fabric.jar:?]
	at com.google.common.reflect.AbstractInvocationHandler.invoke(AbstractInvocationHandler.java:87) ~[guava-31.1-jre.jar:?]
	at jdk.proxy2.$Proxy201.join(Unknown Source) ~[?:?]
	at net.minecraft.class_3324.handler$zjc000$architectury$placeNewPlayer(class_3324.java:2520) ~[server-intermediary.jar:?]
	at net.minecraft.class_3324.method_14570(class_3324.java:307) ~[server-intermediary.jar:?]
	at net.minecraft.class_3248.method_33800(class_3248.java:131) ~[server-intermediary.jar:?]
	at net.minecraft.class_3248.mdcaa83c$polymer-networking$lambda$polymerNet$prePlayHandshakeHackfest$0$0(class_3248.java:549) ~[server-intermediary.jar:?]
	at eu.pb4.polymer.networking.impl.EarlyConnectionMagic.lambda$handle$0(EarlyConnectionMagic.java:32) ~[polymer-networking-0.5.15+1.20.1-dc18d44a422d3193.jar:?]
	at eu.pb4.polymer.networking.api.EarlyPlayNetworkHandler.lambda$onKeepAlive$0(EarlyPlayNetworkHandler.java:108) ~[polymer-networking-0.5.15+1.20.1-dc18d44a422d3193.jar:?]
	at net.minecraft.class_3738.run(class_3738.java:18) ~[server-intermediary.jar:?]
	at net.minecraft.class_1255.method_18859(class_1255.java:156) ~[server-intermediary.jar:?]
	at net.minecraft.class_4093.method_18859(class_4093.java:23) ~[server-intermediary.jar:?]
	at net.minecraft.server.MinecraftServer.method_24306(MinecraftServer.java:782) ~[server-intermediary.jar:?]
	at net.minecraft.server.MinecraftServer.method_18859(MinecraftServer.java:164) ~[server-intermediary.jar:?]
	at net.minecraft.class_1255.method_16075(class_1255.java:130) ~[server-intermediary.jar:?]
	at net.minecraft.server.MinecraftServer.method_20415(MinecraftServer.java:764) ~[server-intermediary.jar:?]
	at net.minecraft.server.MinecraftServer.method_16075(MinecraftServer.java:758) ~[server-intermediary.jar:?]
	at net.minecraft.class_1255.method_18857(class_1255.java:139) ~[server-intermediary.jar:?]
	at net.minecraft.server.MinecraftServer.method_16208(MinecraftServer.java:743) ~[server-intermediary.jar:?]
	at net.minecraft.server.MinecraftServer.method_29741(MinecraftServer.java:675) ~[server-intermediary.jar:?]
	at net.minecraft.server.MinecraftServer.method_29739(MinecraftServer.java:265) ~[server-intermediary.jar:?]
	at java.lang.Thread.run(Thread.java:840) ~[?:?]
[00:33:34] [Server thread/ERROR]: Parsing error loading recipe knavesneeds:betternether/cincinnasite_diamond/scythe
com.google.gson.JsonSyntaxException: Unknown item 'betterend:cincinnasite_diamond_upgrade_smithing_template'
	at net.minecraft.class_1869.method_17878(class_1869.java:272) ~[server-intermediary.jar:?]
	at java.util.Optional.orElseThrow(Optional.java:403) ~[?:?]
	at net.minecraft.class_1869.method_8155(class_1869.java:272) ~[server-intermediary.jar:?]
	at net.minecraft.class_1856.method_8107(class_1856.java:160) ~[server-intermediary.jar:?]
	at net.minecraft.class_1856.method_8102(class_1856.java:143) ~[server-intermediary.jar:?]
	at net.minecraft.class_1856.method_52177(class_1856.java:135) ~[server-intermediary.jar:?]
	at net.minecraft.class_8060$class_8061.method_48455(class_8060.java:87) ~[server-intermediary.jar:?]
	at net.minecraft.class_8060$class_8061.method_8121(class_8060.java:84) ~[server-intermediary.jar:?]
	at net.minecraft.class_1863.method_17720(class_1863.java:135) ~[server-intermediary.jar:?]
	at net.minecraft.class_1863.method_20705(class_1863.java:56) ~[server-intermediary.jar:?]
	at net.minecraft.class_1863.method_18788(class_1863.java:35) ~[server-intermediary.jar:?]
	at net.minecraft.class_4080.method_18790(class_4080.java:13) ~[server-intermediary.jar:?]
	at java.util.concurrent.CompletableFuture$UniAccept.tryFire(CompletableFuture.java:718) ~[?:?]
	at java.util.concurrent.CompletableFuture$Completion.run(CompletableFuture.java:482) ~[?:?]
	at net.minecraft.class_4014.method_18365(class_4014.java:69) ~[server-intermediary.jar:?]
	at net.minecraft.class_3738.run(class_3738.java:18) ~[server-intermediary.jar:?]
	at net.minecraft.class_1255.method_18859(class_1255.java:156) ~[server-intermediary.jar:?]
	at net.minecraft.class_4093.method_18859(class_4093.java:23) ~[server-intermediary.jar:?]
	at net.minecraft.server.MinecraftServer.method_24306(MinecraftServer.java:782) ~[server-intermediary.jar:?]
	at net.minecraft.server.MinecraftServer.method_18859(MinecraftServer.java:164) ~[server-intermediary.jar:?]
	at net.minecraft.class_1255.method_16075(class_1255.java:130) ~[server-intermediary.jar:?]
	at net.minecraft.server.MinecraftServer.method_20415(MinecraftServer.java:764) ~[server-intermediary.jar:?]
	at net.minecraft.server.MinecraftServer.method_16075(MinecraftServer.java:758) ~[server-intermediary.jar:?]
	at net.minecraft.class_1255.method_18857(class_1255.java:139) ~[server-intermediary.jar:?]
	at net.minecraft.server.MinecraftServer.method_29439(MinecraftServer.java:1345) ~[server-intermediary.jar:?]
	at net.minecraft.class_3097.method_29480(class_3097.java:22) ~[server-intermediary.jar:?]
	at net.minecraft.class_3097.method_13530(class_3097.java:53) ~[server-intermediary.jar:?]
	at com.mojang.brigadier.CommandDispatcher.execute(CommandDispatcher.java:264) ~[brigadier-1.1.8.jar:?]
	at net.minecraft.class_2158$class_2160.method_36318(class_2158.java:96) ~[server-intermediary.jar:?]
	at net.minecraft.class_2158$class_2160.method_9198(class_2158.java:90) ~[server-intermediary.jar:?]
	at net.minecraft.class_2991$class_2992.method_12914(class_2991.java:135) ~[server-intermediary.jar:?]
	at net.minecraft.class_2991$class_6345.method_36346(class_2991.java:210) ~[server-intermediary.jar:?]
	at net.minecraft.class_2991.method_36341(class_2991.java:85) ~[server-intermediary.jar:?]
	at net.minecraft.class_2991.method_12904(class_2991.java:69) ~[server-intermediary.jar:?]
	at net.minecraft.class_3062.method_13381(class_3062.java:46) ~[server-intermediary.jar:?]
	at net.minecraft.class_3062.method_13383(class_3062.java:35) ~[server-intermediary.jar:?]
	at com.mojang.brigadier.CommandDispatcher.execute(CommandDispatcher.java:264) ~[brigadier-1.1.8.jar:?]
	at net.minecraft.class_2170.redirect$zia000$architectury$performCommand(class_2170.java:1045) ~[server-intermediary.jar:?]
	at net.minecraft.class_2170.method_9249(class_2170.java:287) ~[server-intermediary.jar:?]
	at net.minecraft.class_2170.method_44252(class_2170.java:280) ~[server-intermediary.jar:?]
	at dev.ftb.mods.ftbquests.quest.reward.CommandReward.claim(CommandReward.java:104) ~[ftb-quests-fabric-2001.4.5.jar:?]
	at dev.ftb.mods.ftbquests.quest.TeamData.claimReward(TeamData.java:538) ~[ftb-quests-fabric-2001.4.5.jar:?]
	at dev.ftb.mods.ftbquests.quest.TeamData.checkAutoCompletion(TeamData.java:568) ~[ftb-quests-fabric-2001.4.5.jar:?]
	at dev.ftb.mods.ftbquests.quest.Quest.onCompleted(Quest.java:544) ~[ftb-quests-fabric-2001.4.5.jar:?]
	at dev.ftb.mods.ftbquests.quest.ServerQuestFile.lambda$playerLoggedIn$4(ServerQuestFile.java:185) ~[ftb-quests-fabric-2001.4.5.jar:?]
	at java.util.ArrayList.forEach(ArrayList.java:1511) ~[?:?]
	at java.util.Collections$UnmodifiableCollection.forEach(Collections.java:1093) ~[?:?]
	at dev.ftb.mods.ftbquests.quest.BaseQuestFile.lambda$forAllQuests$48(BaseQuestFile.java:1402) ~[ftb-quests-fabric-2001.4.5.jar:?]
	at java.util.ArrayList.forEach(ArrayList.java:1511) ~[?:?]
	at java.util.Collections$UnmodifiableCollection.forEach(Collections.java:1093) ~[?:?]
	at dev.ftb.mods.ftbquests.quest.BaseQuestFile.lambda$forAllChapters$47(BaseQuestFile.java:1397) ~[ftb-quests-fabric-2001.4.5.jar:?]
	at java.util.ArrayList.forEach(ArrayList.java:1511) ~[?:?]
	at dev.ftb.mods.ftbquests.quest.BaseQuestFile.forAllChapterGroups(BaseQuestFile.java:1392) ~[ftb-quests-fabric-2001.4.5.jar:?]
	at dev.ftb.mods.ftbquests.quest.BaseQuestFile.forAllChapters(BaseQuestFile.java:1397) ~[ftb-quests-fabric-2001.4.5.jar:?]
	at dev.ftb.mods.ftbquests.quest.BaseQuestFile.forAllQuests(BaseQuestFile.java:1402) ~[ftb-quests-fabric-2001.4.5.jar:?]
	at dev.ftb.mods.ftbquests.quest.ServerQuestFile.lambda$playerLoggedIn$5(ServerQuestFile.java:179) ~[ftb-quests-fabric-2001.4.5.jar:?]
	at dev.ftb.mods.ftbquests.quest.ServerQuestFile.withPlayerContext(ServerQuestFile.java:159) ~[ftb-quests-fabric-2001.4.5.jar:?]
	at dev.ftb.mods.ftbquests.quest.ServerQuestFile.playerLoggedIn(ServerQuestFile.java:179) ~[ftb-quests-fabric-2001.4.5.jar:?]
	at dev.ftb.mods.ftbquests.FTBQuestsEventHandler.playerLoggedIn(FTBQuestsEventHandler.java:104) ~[ftb-quests-fabric-2001.4.5.jar:?]
	at java.lang.invoke.MethodHandle.invokeWithArguments(MethodHandle.java:732) ~[?:?]
	at dev.architectury.event.EventFactory.invokeMethod(EventFactory.java:53) ~[architectury-9.2.14-fabric.jar:?]
	at dev.architectury.event.EventFactory$4.handleInvocation(EventFactory.java:125) ~[architectury-9.2.14-fabric.jar:?]
	at com.google.common.reflect.AbstractInvocationHandler.invoke(AbstractInvocationHandler.java:87) ~[guava-31.1-jre.jar:?]
	at jdk.proxy2.$Proxy202.accept(Unknown Source) ~[?:?]
	at dev.ftb.mods.ftbteams.data.TeamManagerImpl.playerLoggedIn(TeamManagerImpl.java:319) ~[ftb-teams-fabric-2001.3.0.jar:?]
	at dev.ftb.mods.ftbteams.FTBTeams.playerLoggedIn(FTBTeams.java:77) ~[ftb-teams-fabric-2001.3.0.jar:?]
	at java.lang.invoke.MethodHandle.invokeWithArguments(MethodHandle.java:732) ~[?:?]
	at dev.architectury.event.EventFactory.invokeMethod(EventFactory.java:53) ~[architectury-9.2.14-fabric.jar:?]
	at dev.architectury.event.EventFactory$1.handleInvocation(EventFactory.java:62) ~[architectury-9.2.14-fabric.jar:?]
	at com.google.common.reflect.AbstractInvocationHandler.invoke(AbstractInvocationHandler.java:87) ~[guava-31.1-jre.jar:?]
	at jdk.proxy2.$Proxy201.join(Unknown Source) ~[?:?]
	at net.minecraft.class_3324.handler$zjc000$architectury$placeNewPlayer(class_3324.java:2520) ~[server-intermediary.jar:?]
	at net.minecraft.class_3324.method_14570(class_3324.java:307) ~[server-intermediary.jar:?]
	at net.minecraft.class_3248.method_33800(class_3248.java:131) ~[server-intermediary.jar:?]
	at net.minecraft.class_3248.mdcaa83c$polymer-networking$lambda$polymerNet$prePlayHandshakeHackfest$0$0(class_3248.java:549) ~[server-intermediary.jar:?]
	at eu.pb4.polymer.networking.impl.EarlyConnectionMagic.lambda$handle$0(EarlyConnectionMagic.java:32) ~[polymer-networking-0.5.15+1.20.1-dc18d44a422d3193.jar:?]
	at eu.pb4.polymer.networking.api.EarlyPlayNetworkHandler.lambda$onKeepAlive$0(EarlyPlayNetworkHandler.java:108) ~[polymer-networking-0.5.15+1.20.1-dc18d44a422d3193.jar:?]
	at net.minecraft.class_3738.run(class_3738.java:18) ~[server-intermediary.jar:?]
	at net.minecraft.class_1255.method_18859(class_1255.java:156) ~[server-intermediary.jar:?]
	at net.minecraft.class_4093.method_18859(class_4093.java:23) ~[server-intermediary.jar:?]
	at net.minecraft.server.MinecraftServer.method_24306(MinecraftServer.java:782) ~[server-intermediary.jar:?]
	at net.minecraft.server.MinecraftServer.method_18859(MinecraftServer.java:164) ~[server-intermediary.jar:?]
	at net.minecraft.class_1255.method_16075(class_1255.java:130) ~[server-intermediary.jar:?]
	at net.minecraft.server.MinecraftServer.method_20415(MinecraftServer.java:764) ~[server-intermediary.jar:?]
	at net.minecraft.server.MinecraftServer.method_16075(MinecraftServer.java:758) ~[server-intermediary.jar:?]
	at net.minecraft.class_1255.method_18857(class_1255.java:139) ~[server-intermediary.jar:?]
	at net.minecraft.server.MinecraftServer.method_16208(MinecraftServer.java:743) ~[server-intermediary.jar:?]
	at net.minecraft.server.MinecraftServer.method_29741(MinecraftServer.java:675) ~[server-intermediary.jar:?]
	at net.minecraft.server.MinecraftServer.method_29739(MinecraftServer.java:265) ~[server-intermediary.jar:?]
	at java.lang.Thread.run(Thread.java:840) ~[?:?]
[00:33:34] [Server thread/ERROR]: Parsing error loading recipe digs_dnd_origins:golden_horns_helmet
com.google.gson.JsonSyntaxException: Invalid or unsupported recipe type 'minecraft:smithing'
	at net.minecraft.class_1863.method_17875(class_1863.java:134) ~[server-intermediary.jar:?]
	at java.util.Optional.orElseThrow(Optional.java:403) ~[?:?]
	at net.minecraft.class_1863.method_17720(class_1863.java:134) ~[server-intermediary.jar:?]
	at net.minecraft.class_1863.method_20705(class_1863.java:56) ~[server-intermediary.jar:?]
	at net.minecraft.class_1863.method_18788(class_1863.java:35) ~[server-intermediary.jar:?]
	at net.minecraft.class_4080.method_18790(class_4080.java:13) ~[server-intermediary.jar:?]
	at java.util.concurrent.CompletableFuture$UniAccept.tryFire(CompletableFuture.java:718) ~[?:?]
	at java.util.concurrent.CompletableFuture$Completion.run(CompletableFuture.java:482) ~[?:?]
	at net.minecraft.class_4014.method_18365(class_4014.java:69) ~[server-intermediary.jar:?]
	at net.minecraft.class_3738.run(class_3738.java:18) ~[server-intermediary.jar:?]
	at net.minecraft.class_1255.method_18859(class_1255.java:156) ~[server-intermediary.jar:?]
	at net.minecraft.class_4093.method_18859(class_4093.java:23) ~[server-intermediary.jar:?]
	at net.minecraft.server.MinecraftServer.method_24306(MinecraftServer.java:782) ~[server-intermediary.jar:?]
	at net.minecraft.server.MinecraftServer.method_18859(MinecraftServer.java:164) ~[server-intermediary.jar:?]
	at net.minecraft.class_1255.method_16075(class_1255.java:130) ~[server-intermediary.jar:?]
	at net.minecraft.server.MinecraftServer.method_20415(MinecraftServer.java:764) ~[server-intermediary.jar:?]
	at net.minecraft.server.MinecraftServer.method_16075(MinecraftServer.java:758) ~[server-intermediary.jar:?]
	at net.minecraft.class_1255.method_18857(class_1255.java:139) ~[server-intermediary.jar:?]
	at net.minecraft.server.MinecraftServer.method_29439(MinecraftServer.java:1345) ~[server-intermediary.jar:?]
	at net.minecraft.class_3097.method_29480(class_3097.java:22) ~[server-intermediary.jar:?]
	at net.minecraft.class_3097.method_13530(class_3097.java:53) ~[server-intermediary.jar:?]
	at com.mojang.brigadier.CommandDispatcher.execute(CommandDispatcher.java:264) ~[brigadier-1.1.8.jar:?]
	at net.minecraft.class_2158$class_2160.method_36318(class_2158.java:96) ~[server-intermediary.jar:?]
	at net.minecraft.class_2158$class_2160.method_9198(class_2158.java:90) ~[server-intermediary.jar:?]
	at net.minecraft.class_2991$class_2992.method_12914(class_2991.java:135) ~[server-intermediary.jar:?]
	at net.minecraft.class_2991$class_6345.method_36346(class_2991.java:210) ~[server-intermediary.jar:?]
	at net.minecraft.class_2991.method_36341(class_2991.java:85) ~[server-intermediary.jar:?]
	at net.minecraft.class_2991.method_12904(class_2991.java:69) ~[server-intermediary.jar:?]
	at net.minecraft.class_3062.method_13381(class_3062.java:46) ~[server-intermediary.jar:?]
	at net.minecraft.class_3062.method_13383(class_3062.java:35) ~[server-intermediary.jar:?]
	at com.mojang.brigadier.CommandDispatcher.execute(CommandDispatcher.java:264) ~[brigadier-1.1.8.jar:?]
	at net.minecraft.class_2170.redirect$zia000$architectury$performCommand(class_2170.java:1045) ~[server-intermediary.jar:?]
	at net.minecraft.class_2170.method_9249(class_2170.java:287) ~[server-intermediary.jar:?]
	at net.minecraft.class_2170.method_44252(class_2170.java:280) ~[server-intermediary.jar:?]
	at dev.ftb.mods.ftbquests.quest.reward.CommandReward.claim(CommandReward.java:104) ~[ftb-quests-fabric-2001.4.5.jar:?]
	at dev.ftb.mods.ftbquests.quest.TeamData.claimReward(TeamData.java:538) ~[ftb-quests-fabric-2001.4.5.jar:?]
	at dev.ftb.mods.ftbquests.quest.TeamData.checkAutoCompletion(TeamData.java:568) ~[ftb-quests-fabric-2001.4.5.jar:?]
	at dev.ftb.mods.ftbquests.quest.Quest.onCompleted(Quest.java:544) ~[ftb-quests-fabric-2001.4.5.jar:?]
	at dev.ftb.mods.ftbquests.quest.ServerQuestFile.lambda$playerLoggedIn$4(ServerQuestFile.java:185) ~[ftb-quests-fabric-2001.4.5.jar:?]
	at java.util.ArrayList.forEach(ArrayList.java:1511) ~[?:?]
	at java.util.Collections$UnmodifiableCollection.forEach(Collections.java:1093) ~[?:?]
	at dev.ftb.mods.ftbquests.quest.BaseQuestFile.lambda$forAllQuests$48(BaseQuestFile.java:1402) ~[ftb-quests-fabric-2001.4.5.jar:?]
	at java.util.ArrayList.forEach(ArrayList.java:1511) ~[?:?]
	at java.util.Collections$UnmodifiableCollection.forEach(Collections.java:1093) ~[?:?]
	at dev.ftb.mods.ftbquests.quest.BaseQuestFile.lambda$forAllChapters$47(BaseQuestFile.java:1397) ~[ftb-quests-fabric-2001.4.5.jar:?]
	at java.util.ArrayList.forEach(ArrayList.java:1511) ~[?:?]
	at dev.ftb.mods.ftbquests.quest.BaseQuestFile.forAllChapterGroups(BaseQuestFile.java:1392) ~[ftb-quests-fabric-2001.4.5.jar:?]
	at dev.ftb.mods.ftbquests.quest.BaseQuestFile.forAllChapters(BaseQuestFile.java:1397) ~[ftb-quests-fabric-2001.4.5.jar:?]
	at dev.ftb.mods.ftbquests.quest.BaseQuestFile.forAllQuests(BaseQuestFile.java:1402) ~[ftb-quests-fabric-2001.4.5.jar:?]
	at dev.ftb.mods.ftbquests.quest.ServerQuestFile.lambda$playerLoggedIn$5(ServerQuestFile.java:179) ~[ftb-quests-fabric-2001.4.5.jar:?]
	at dev.ftb.mods.ftbquests.quest.ServerQuestFile.withPlayerContext(ServerQuestFile.java:159) ~[ftb-quests-fabric-2001.4.5.jar:?]
	at dev.ftb.mods.ftbquests.quest.ServerQuestFile.playerLoggedIn(ServerQuestFile.java:179) ~[ftb-quests-fabric-2001.4.5.jar:?]
	at dev.ftb.mods.ftbquests.FTBQuestsEventHandler.playerLoggedIn(FTBQuestsEventHandler.java:104) ~[ftb-quests-fabric-2001.4.5.jar:?]
	at java.lang.invoke.MethodHandle.invokeWithArguments(MethodHandle.java:732) ~[?:?]
	at dev.architectury.event.EventFactory.invokeMethod(EventFactory.java:53) ~[architectury-9.2.14-fabric.jar:?]
	at dev.architectury.event.EventFactory$4.handleInvocation(EventFactory.java:125) ~[architectury-9.2.14-fabric.jar:?]
	at com.google.common.reflect.AbstractInvocationHandler.invoke(AbstractInvocationHandler.java:87) ~[guava-31.1-jre.jar:?]
	at jdk.proxy2.$Proxy202.accept(Unknown Source) ~[?:?]
	at dev.ftb.mods.ftbteams.data.TeamManagerImpl.playerLoggedIn(TeamManagerImpl.java:319) ~[ftb-teams-fabric-2001.3.0.jar:?]
	at dev.ftb.mods.ftbteams.FTBTeams.playerLoggedIn(FTBTeams.java:77) ~[ftb-teams-fabric-2001.3.0.jar:?]
	at java.lang.invoke.MethodHandle.invokeWithArguments(MethodHandle.java:732) ~[?:?]
	at dev.architectury.event.EventFactory.invokeMethod(EventFactory.java:53) ~[architectury-9.2.14-fabric.jar:?]
	at dev.architectury.event.EventFactory$1.handleInvocation(EventFactory.java:62) ~[architectury-9.2.14-fabric.jar:?]
	at com.google.common.reflect.AbstractInvocationHandler.invoke(AbstractInvocationHandler.java:87) ~[guava-31.1-jre.jar:?]
	at jdk.proxy2.$Proxy201.join(Unknown Source) ~[?:?]
	at net.minecraft.class_3324.handler$zjc000$architectury$placeNewPlayer(class_3324.java:2520) ~[server-intermediary.jar:?]
	at net.minecraft.class_3324.method_14570(class_3324.java:307) ~[server-intermediary.jar:?]
	at net.minecraft.class_3248.method_33800(class_3248.java:131) ~[server-intermediary.jar:?]
	at net.minecraft.class_3248.mdcaa83c$polymer-networking$lambda$polymerNet$prePlayHandshakeHackfest$0$0(class_3248.java:549) ~[server-intermediary.jar:?]
	at eu.pb4.polymer.networking.impl.EarlyConnectionMagic.lambda$handle$0(EarlyConnectionMagic.java:32) ~[polymer-networking-0.5.15+1.20.1-dc18d44a422d3193.jar:?]
	at eu.pb4.polymer.networking.api.EarlyPlayNetworkHandler.lambda$onKeepAlive$0(EarlyPlayNetworkHandler.java:108) ~[polymer-networking-0.5.15+1.20.1-dc18d44a422d3193.jar:?]
	at net.minecraft.class_3738.run(class_3738.java:18) ~[server-intermediary.jar:?]
	at net.minecraft.class_1255.method_18859(class_1255.java:156) ~[server-intermediary.jar:?]
	at net.minecraft.class_4093.method_18859(class_4093.java:23) ~[server-intermediary.jar:?]
	at net.minecraft.server.MinecraftServer.method_24306(MinecraftServer.java:782) ~[server-intermediary.jar:?]
	at net.minecraft.server.MinecraftServer.method_18859(MinecraftServer.java:164) ~[server-intermediary.jar:?]
	at net.minecraft.class_1255.method_16075(class_1255.java:130) ~[server-intermediary.jar:?]
	at net.minecraft.server.MinecraftServer.method_20415(MinecraftServer.java:764) ~[server-intermediary.jar:?]
	at net.minecraft.server.MinecraftServer.method_16075(MinecraftServer.java:758) ~[server-intermediary.jar:?]
	at net.minecraft.class_1255.method_18857(class_1255.java:139) ~[server-intermediary.jar:?]
	at net.minecraft.server.MinecraftServer.method_16208(MinecraftServer.java:743) ~[server-intermediary.jar:?]
	at net.minecraft.server.MinecraftServer.method_29741(MinecraftServer.java:675) ~[server-intermediary.jar:?]
	at net.minecraft.server.MinecraftServer.method_29739(MinecraftServer.java:265) ~[server-intermediary.jar:?]
	at java.lang.Thread.run(Thread.java:840) ~[?:?]
[00:33:34] [Server thread/ERROR]: Parsing error loading recipe knavesneeds:betternether/cincinnasite_diamond/katana
com.google.gson.JsonSyntaxException: Unknown item 'betterend:cincinnasite_diamond_upgrade_smithing_template'
	at net.minecraft.class_1869.method_17878(class_1869.java:272) ~[server-intermediary.jar:?]
	at java.util.Optional.orElseThrow(Optional.java:403) ~[?:?]
	at net.minecraft.class_1869.method_8155(class_1869.java:272) ~[server-intermediary.jar:?]
	at net.minecraft.class_1856.method_8107(class_1856.java:160) ~[server-intermediary.jar:?]
	at net.minecraft.class_1856.method_8102(class_1856.java:143) ~[server-intermediary.jar:?]
	at net.minecraft.class_1856.method_52177(class_1856.java:135) ~[server-intermediary.jar:?]
	at net.minecraft.class_8060$class_8061.method_48455(class_8060.java:87) ~[server-intermediary.jar:?]
	at net.minecraft.class_8060$class_8061.method_8121(class_8060.java:84) ~[server-intermediary.jar:?]
	at net.minecraft.class_1863.method_17720(class_1863.java:135) ~[server-intermediary.jar:?]
	at net.minecraft.class_1863.method_20705(class_1863.java:56) ~[server-intermediary.jar:?]
	at net.minecraft.class_1863.method_18788(class_1863.java:35) ~[server-intermediary.jar:?]
	at net.minecraft.class_4080.method_18790(class_4080.java:13) ~[server-intermediary.jar:?]
	at java.util.concurrent.CompletableFuture$UniAccept.tryFire(CompletableFuture.java:718) ~[?:?]
	at java.util.concurrent.CompletableFuture$Completion.run(CompletableFuture.java:482) ~[?:?]
	at net.minecraft.class_4014.method_18365(class_4014.java:69) ~[server-intermediary.jar:?]
	at net.minecraft.class_3738.run(class_3738.java:18) ~[server-intermediary.jar:?]
	at net.minecraft.class_1255.method_18859(class_1255.java:156) ~[server-intermediary.jar:?]
	at net.minecraft.class_4093.method_18859(class_4093.java:23) ~[server-intermediary.jar:?]
	at net.minecraft.server.MinecraftServer.method_24306(MinecraftServer.java:782) ~[server-intermediary.jar:?]
	at net.minecraft.server.MinecraftServer.method_18859(MinecraftServer.java:164) ~[server-intermediary.jar:?]
	at net.minecraft.class_1255.method_16075(class_1255.java:130) ~[server-intermediary.jar:?]
	at net.minecraft.server.MinecraftServer.method_20415(MinecraftServer.java:764) ~[server-intermediary.jar:?]
	at net.minecraft.server.MinecraftServer.method_16075(MinecraftServer.java:758) ~[server-intermediary.jar:?]
	at net.minecraft.class_1255.method_18857(class_1255.java:139) ~[server-intermediary.jar:?]
	at net.minecraft.server.MinecraftServer.method_29439(MinecraftServer.java:1345) ~[server-intermediary.jar:?]
	at net.minecraft.class_3097.method_29480(class_3097.java:22) ~[server-intermediary.jar:?]
	at net.minecraft.class_3097.method_13530(class_3097.java:53) ~[server-intermediary.jar:?]
	at com.mojang.brigadier.CommandDispatcher.execute(CommandDispatcher.java:264) ~[brigadier-1.1.8.jar:?]
	at net.minecraft.class_2158$class_2160.method_36318(class_2158.java:96) ~[server-intermediary.jar:?]
	at net.minecraft.class_2158$class_2160.method_9198(class_2158.java:90) ~[server-intermediary.jar:?]
	at net.minecraft.class_2991$class_2992.method_12914(class_2991.java:135) ~[server-intermediary.jar:?]
	at net.minecraft.class_2991$class_6345.method_36346(class_2991.java:210) ~[server-intermediary.jar:?]
	at net.minecraft.class_2991.method_36341(class_2991.java:85) ~[server-intermediary.jar:?]
	at net.minecraft.class_2991.method_12904(class_2991.java:69) ~[server-intermediary.jar:?]
	at net.minecraft.class_3062.method_13381(class_3062.java:46) ~[server-intermediary.jar:?]
	at net.minecraft.class_3062.method_13383(class_3062.java:35) ~[server-intermediary.jar:?]
	at com.mojang.brigadier.CommandDispatcher.execute(CommandDispatcher.java:264) ~[brigadier-1.1.8.jar:?]
	at net.minecraft.class_2170.redirect$zia000$architectury$performCommand(class_2170.java:1045) ~[server-intermediary.jar:?]
	at net.minecraft.class_2170.method_9249(class_2170.java:287) ~[server-intermediary.jar:?]
	at net.minecraft.class_2170.method_44252(class_2170.java:280) ~[server-intermediary.jar:?]
	at dev.ftb.mods.ftbquests.quest.reward.CommandReward.claim(CommandReward.java:104) ~[ftb-quests-fabric-2001.4.5.jar:?]
	at dev.ftb.mods.ftbquests.quest.TeamData.claimReward(TeamData.java:538) ~[ftb-quests-fabric-2001.4.5.jar:?]
	at dev.ftb.mods.ftbquests.quest.TeamData.checkAutoCompletion(TeamData.java:568) ~[ftb-quests-fabric-2001.4.5.jar:?]
	at dev.ftb.mods.ftbquests.quest.Quest.onCompleted(Quest.java:544) ~[ftb-quests-fabric-2001.4.5.jar:?]
	at dev.ftb.mods.ftbquests.quest.ServerQuestFile.lambda$playerLoggedIn$4(ServerQuestFile.java:185) ~[ftb-quests-fabric-2001.4.5.jar:?]
	at java.util.ArrayList.forEach(ArrayList.java:1511) ~[?:?]
	at java.util.Collections$UnmodifiableCollection.forEach(Collections.java:1093) ~[?:?]
	at dev.ftb.mods.ftbquests.quest.BaseQuestFile.lambda$forAllQuests$48(BaseQuestFile.java:1402) ~[ftb-quests-fabric-2001.4.5.jar:?]
	at java.util.ArrayList.forEach(ArrayList.java:1511) ~[?:?]
	at java.util.Collections$UnmodifiableCollection.forEach(Collections.java:1093) ~[?:?]
	at dev.ftb.mods.ftbquests.quest.BaseQuestFile.lambda$forAllChapters$47(BaseQuestFile.java:1397) ~[ftb-quests-fabric-2001.4.5.jar:?]
	at java.util.ArrayList.forEach(ArrayList.java:1511) ~[?:?]
	at dev.ftb.mods.ftbquests.quest.BaseQuestFile.forAllChapterGroups(BaseQuestFile.java:1392) ~[ftb-quests-fabric-2001.4.5.jar:?]
	at dev.ftb.mods.ftbquests.quest.BaseQuestFile.forAllChapters(BaseQuestFile.java:1397) ~[ftb-quests-fabric-2001.4.5.jar:?]
	at dev.ftb.mods.ftbquests.quest.BaseQuestFile.forAllQuests(BaseQuestFile.java:1402) ~[ftb-quests-fabric-2001.4.5.jar:?]
	at dev.ftb.mods.ftbquests.quest.ServerQuestFile.lambda$playerLoggedIn$5(ServerQuestFile.java:179) ~[ftb-quests-fabric-2001.4.5.jar:?]
	at dev.ftb.mods.ftbquests.quest.ServerQuestFile.withPlayerContext(ServerQuestFile.java:159) ~[ftb-quests-fabric-2001.4.5.jar:?]
	at dev.ftb.mods.ftbquests.quest.ServerQuestFile.playerLoggedIn(ServerQuestFile.java:179) ~[ftb-quests-fabric-2001.4.5.jar:?]
	at dev.ftb.mods.ftbquests.FTBQuestsEventHandler.playerLoggedIn(FTBQuestsEventHandler.java:104) ~[ftb-quests-fabric-2001.4.5.jar:?]
	at java.lang.invoke.MethodHandle.invokeWithArguments(MethodHandle.java:732) ~[?:?]
	at dev.architectury.event.EventFactory.invokeMethod(EventFactory.java:53) ~[architectury-9.2.14-fabric.jar:?]
	at dev.architectury.event.EventFactory$4.handleInvocation(EventFactory.java:125) ~[architectury-9.2.14-fabric.jar:?]
	at com.google.common.reflect.AbstractInvocationHandler.invoke(AbstractInvocationHandler.java:87) ~[guava-31.1-jre.jar:?]
	at jdk.proxy2.$Proxy202.accept(Unknown Source) ~[?:?]
	at dev.ftb.mods.ftbteams.data.TeamManagerImpl.playerLoggedIn(TeamManagerImpl.java:319) ~[ftb-teams-fabric-2001.3.0.jar:?]
	at dev.ftb.mods.ftbteams.FTBTeams.playerLoggedIn(FTBTeams.java:77) ~[ftb-teams-fabric-2001.3.0.jar:?]
	at java.lang.invoke.MethodHandle.invokeWithArguments(MethodHandle.java:732) ~[?:?]
	at dev.architectury.event.EventFactory.invokeMethod(EventFactory.java:53) ~[architectury-9.2.14-fabric.jar:?]
	at dev.architectury.event.EventFactory$1.handleInvocation(EventFactory.java:62) ~[architectury-9.2.14-fabric.jar:?]
	at com.google.common.reflect.AbstractInvocationHandler.invoke(AbstractInvocationHandler.java:87) ~[guava-31.1-jre.jar:?]
	at jdk.proxy2.$Proxy201.join(Unknown Source) ~[?:?]
	at net.minecraft.class_3324.handler$zjc000$architectury$placeNewPlayer(class_3324.java:2520) ~[server-intermediary.jar:?]
	at net.minecraft.class_3324.method_14570(class_3324.java:307) ~[server-intermediary.jar:?]
	at net.minecraft.class_3248.method_33800(class_3248.java:131) ~[server-intermediary.jar:?]
	at net.minecraft.class_3248.mdcaa83c$polymer-networking$lambda$polymerNet$prePlayHandshakeHackfest$0$0(class_3248.java:549) ~[server-intermediary.jar:?]
	at eu.pb4.polymer.networking.impl.EarlyConnectionMagic.lambda$handle$0(EarlyConnectionMagic.java:32) ~[polymer-networking-0.5.15+1.20.1-dc18d44a422d3193.jar:?]
	at eu.pb4.polymer.networking.api.EarlyPlayNetworkHandler.lambda$onKeepAlive$0(EarlyPlayNetworkHandler.java:108) ~[polymer-networking-0.5.15+1.20.1-dc18d44a422d3193.jar:?]
	at net.minecraft.class_3738.run(class_3738.java:18) ~[server-intermediary.jar:?]
	at net.minecraft.class_1255.method_18859(class_1255.java:156) ~[server-intermediary.jar:?]
	at net.minecraft.class_4093.method_18859(class_4093.java:23) ~[server-intermediary.jar:?]
	at net.minecraft.server.MinecraftServer.method_24306(MinecraftServer.java:782) ~[server-intermediary.jar:?]
	at net.minecraft.server.MinecraftServer.method_18859(MinecraftServer.java:164) ~[server-intermediary.jar:?]
	at net.minecraft.class_1255.method_16075(class_1255.java:130) ~[server-intermediary.jar:?]
	at net.minecraft.server.MinecraftServer.method_20415(MinecraftServer.java:764) ~[server-intermediary.jar:?]
	at net.minecraft.server.MinecraftServer.method_16075(MinecraftServer.java:758) ~[server-intermediary.jar:?]
	at net.minecraft.class_1255.method_18857(class_1255.java:139) ~[server-intermediary.jar:?]
	at net.minecraft.server.MinecraftServer.method_16208(MinecraftServer.java:743) ~[server-intermediary.jar:?]
	at net.minecraft.server.MinecraftServer.method_29741(MinecraftServer.java:675) ~[server-intermediary.jar:?]
	at net.minecraft.server.MinecraftServer.method_29739(MinecraftServer.java:265) ~[server-intermediary.jar:?]
	at java.lang.Thread.run(Thread.java:840) ~[?:?]
[00:33:34] [Server thread/ERROR]: Parsing error loading recipe tiered:limestone_to_create_limestone
com.google.gson.JsonSyntaxException: Unknown item 'create:limestone'
	at net.minecraft.class_1869.method_17878(class_1869.java:272) ~[server-intermediary.jar:?]
	at java.util.Optional.orElseThrow(Optional.java:403) ~[?:?]
	at net.minecraft.class_1869.method_8155(class_1869.java:272) ~[server-intermediary.jar:?]
	at net.minecraft.class_1869.method_35228(class_1869.java:259) ~[server-intermediary.jar:?]
	at net.minecraft.class_1869$class_1870.method_8164(class_1869.java:293) ~[server-intermediary.jar:?]
	at net.minecraft.class_1869$class_1870.method_8121(class_1869.java:279) ~[server-intermediary.jar:?]
	at net.minecraft.class_1863.method_17720(class_1863.java:135) ~[server-intermediary.jar:?]
	at net.minecraft.class_1863.method_20705(class_1863.java:56) ~[server-intermediary.jar:?]
	at net.minecraft.class_1863.method_18788(class_1863.java:35) ~[server-intermediary.jar:?]
	at net.minecraft.class_4080.method_18790(class_4080.java:13) ~[server-intermediary.jar:?]
	at java.util.concurrent.CompletableFuture$UniAccept.tryFire(CompletableFuture.java:718) ~[?:?]
	at java.util.concurrent.CompletableFuture$Completion.run(CompletableFuture.java:482) ~[?:?]
	at net.minecraft.class_4014.method_18365(class_4014.java:69) ~[server-intermediary.jar:?]
	at net.minecraft.class_3738.run(class_3738.java:18) ~[server-intermediary.jar:?]
	at net.minecraft.class_1255.method_18859(class_1255.java:156) ~[server-intermediary.jar:?]
	at net.minecraft.class_4093.method_18859(class_4093.java:23) ~[server-intermediary.jar:?]
	at net.minecraft.server.MinecraftServer.method_24306(MinecraftServer.java:782) ~[server-intermediary.jar:?]
	at net.minecraft.server.MinecraftServer.method_18859(MinecraftServer.java:164) ~[server-intermediary.jar:?]
	at net.minecraft.class_1255.method_16075(class_1255.java:130) ~[server-intermediary.jar:?]
	at net.minecraft.server.MinecraftServer.method_20415(MinecraftServer.java:764) ~[server-intermediary.jar:?]
	at net.minecraft.server.MinecraftServer.method_16075(MinecraftServer.java:758) ~[server-intermediary.jar:?]
	at net.minecraft.class_1255.method_18857(class_1255.java:139) ~[server-intermediary.jar:?]
	at net.minecraft.server.MinecraftServer.method_29439(MinecraftServer.java:1345) ~[server-intermediary.jar:?]
	at net.minecraft.class_3097.method_29480(class_3097.java:22) ~[server-intermediary.jar:?]
	at net.minecraft.class_3097.method_13530(class_3097.java:53) ~[server-intermediary.jar:?]
	at com.mojang.brigadier.CommandDispatcher.execute(CommandDispatcher.java:264) ~[brigadier-1.1.8.jar:?]
	at net.minecraft.class_2158$class_2160.method_36318(class_2158.java:96) ~[server-intermediary.jar:?]
	at net.minecraft.class_2158$class_2160.method_9198(class_2158.java:90) ~[server-intermediary.jar:?]
	at net.minecraft.class_2991$class_2992.method_12914(class_2991.java:135) ~[server-intermediary.jar:?]
	at net.minecraft.class_2991$class_6345.method_36346(class_2991.java:210) ~[server-intermediary.jar:?]
	at net.minecraft.class_2991.method_36341(class_2991.java:85) ~[server-intermediary.jar:?]
	at net.minecraft.class_2991.method_12904(class_2991.java:69) ~[server-intermediary.jar:?]
	at net.minecraft.class_3062.method_13381(class_3062.java:46) ~[server-intermediary.jar:?]
	at net.minecraft.class_3062.method_13383(class_3062.java:35) ~[server-intermediary.jar:?]
	at com.mojang.brigadier.CommandDispatcher.execute(CommandDispatcher.java:264) ~[brigadier-1.1.8.jar:?]
	at net.minecraft.class_2170.redirect$zia000$architectury$performCommand(class_2170.java:1045) ~[server-intermediary.jar:?]
	at net.minecraft.class_2170.method_9249(class_2170.java:287) ~[server-intermediary.jar:?]
	at net.minecraft.class_2170.method_44252(class_2170.java:280) ~[server-intermediary.jar:?]
	at dev.ftb.mods.ftbquests.quest.reward.CommandReward.claim(CommandReward.java:104) ~[ftb-quests-fabric-2001.4.5.jar:?]
	at dev.ftb.mods.ftbquests.quest.TeamData.claimReward(TeamData.java:538) ~[ftb-quests-fabric-2001.4.5.jar:?]
	at dev.ftb.mods.ftbquests.quest.TeamData.checkAutoCompletion(TeamData.java:568) ~[ftb-quests-fabric-2001.4.5.jar:?]
	at dev.ftb.mods.ftbquests.quest.Quest.onCompleted(Quest.java:544) ~[ftb-quests-fabric-2001.4.5.jar:?]
	at dev.ftb.mods.ftbquests.quest.ServerQuestFile.lambda$playerLoggedIn$4(ServerQuestFile.java:185) ~[ftb-quests-fabric-2001.4.5.jar:?]
	at java.util.ArrayList.forEach(ArrayList.java:1511) ~[?:?]
	at java.util.Collections$UnmodifiableCollection.forEach(Collections.java:1093) ~[?:?]
	at dev.ftb.mods.ftbquests.quest.BaseQuestFile.lambda$forAllQuests$48(BaseQuestFile.java:1402) ~[ftb-quests-fabric-2001.4.5.jar:?]
	at java.util.ArrayList.forEach(ArrayList.java:1511) ~[?:?]
	at java.util.Collections$UnmodifiableCollection.forEach(Collections.java:1093) ~[?:?]
	at dev.ftb.mods.ftbquests.quest.BaseQuestFile.lambda$forAllChapters$47(BaseQuestFile.java:1397) ~[ftb-quests-fabric-2001.4.5.jar:?]
	at java.util.ArrayList.forEach(ArrayList.java:1511) ~[?:?]
	at dev.ftb.mods.ftbquests.quest.BaseQuestFile.forAllChapterGroups(BaseQuestFile.java:1392) ~[ftb-quests-fabric-2001.4.5.jar:?]
	at dev.ftb.mods.ftbquests.quest.BaseQuestFile.forAllChapters(BaseQuestFile.java:1397) ~[ftb-quests-fabric-2001.4.5.jar:?]
	at dev.ftb.mods.ftbquests.quest.BaseQuestFile.forAllQuests(BaseQuestFile.java:1402) ~[ftb-quests-fabric-2001.4.5.jar:?]
	at dev.ftb.mods.ftbquests.quest.ServerQuestFile.lambda$playerLoggedIn$5(ServerQuestFile.java:179) ~[ftb-quests-fabric-2001.4.5.jar:?]
	at dev.ftb.mods.ftbquests.quest.ServerQuestFile.withPlayerContext(ServerQuestFile.java:159) ~[ftb-quests-fabric-2001.4.5.jar:?]
	at dev.ftb.mods.ftbquests.quest.ServerQuestFile.playerLoggedIn(ServerQuestFile.java:179) ~[ftb-quests-fabric-2001.4.5.jar:?]
	at dev.ftb.mods.ftbquests.FTBQuestsEventHandler.playerLoggedIn(FTBQuestsEventHandler.java:104) ~[ftb-quests-fabric-2001.4.5.jar:?]
	at java.lang.invoke.MethodHandle.invokeWithArguments(MethodHandle.java:732) ~[?:?]
	at dev.architectury.event.EventFactory.invokeMethod(EventFactory.java:53) ~[architectury-9.2.14-fabric.jar:?]
	at dev.architectury.event.EventFactory$4.handleInvocation(EventFactory.java:125) ~[architectury-9.2.14-fabric.jar:?]
	at com.google.common.reflect.AbstractInvocationHandler.invoke(AbstractInvocationHandler.java:87) ~[guava-31.1-jre.jar:?]
	at jdk.proxy2.$Proxy202.accept(Unknown Source) ~[?:?]
	at dev.ftb.mods.ftbteams.data.TeamManagerImpl.playerLoggedIn(TeamManagerImpl.java:319) ~[ftb-teams-fabric-2001.3.0.jar:?]
	at dev.ftb.mods.ftbteams.FTBTeams.playerLoggedIn(FTBTeams.java:77) ~[ftb-teams-fabric-2001.3.0.jar:?]
	at java.lang.invoke.MethodHandle.invokeWithArguments(MethodHandle.java:732) ~[?:?]
	at dev.architectury.event.EventFactory.invokeMethod(EventFactory.java:53) ~[architectury-9.2.14-fabric.jar:?]
	at dev.architectury.event.EventFactory$1.handleInvocation(EventFactory.java:62) ~[architectury-9.2.14-fabric.jar:?]
	at com.google.common.reflect.AbstractInvocationHandler.invoke(AbstractInvocationHandler.java:87) ~[guava-31.1-jre.jar:?]
	at jdk.proxy2.$Proxy201.join(Unknown Source) ~[?:?]
	at net.minecraft.class_3324.handler$zjc000$architectury$placeNewPlayer(class_3324.java:2520) ~[server-intermediary.jar:?]
	at net.minecraft.class_3324.method_14570(class_3324.java:307) ~[server-intermediary.jar:?]
	at net.minecraft.class_3248.method_33800(class_3248.java:131) ~[server-intermediary.jar:?]
	at net.minecraft.class_3248.mdcaa83c$polymer-networking$lambda$polymerNet$prePlayHandshakeHackfest$0$0(class_3248.java:549) ~[server-intermediary.jar:?]
	at eu.pb4.polymer.networking.impl.EarlyConnectionMagic.lambda$handle$0(EarlyConnectionMagic.java:32) ~[polymer-networking-0.5.15+1.20.1-dc18d44a422d3193.jar:?]
	at eu.pb4.polymer.networking.api.EarlyPlayNetworkHandler.lambda$onKeepAlive$0(EarlyPlayNetworkHandler.java:108) ~[polymer-networking-0.5.15+1.20.1-dc18d44a422d3193.jar:?]
	at net.minecraft.class_3738.run(class_3738.java:18) ~[server-intermediary.jar:?]
	at net.minecraft.class_1255.method_18859(class_1255.java:156) ~[server-intermediary.jar:?]
	at net.minecraft.class_4093.method_18859(class_4093.java:23) ~[server-intermediary.jar:?]
	at net.minecraft.server.MinecraftServer.method_24306(MinecraftServer.java:782) ~[server-intermediary.jar:?]
	at net.minecraft.server.MinecraftServer.method_18859(MinecraftServer.java:164) ~[server-intermediary.jar:?]
	at net.minecraft.class_1255.method_16075(class_1255.java:130) ~[server-intermediary.jar:?]
	at net.minecraft.server.MinecraftServer.method_20415(MinecraftServer.java:764) ~[server-intermediary.jar:?]
	at net.minecraft.server.MinecraftServer.method_16075(MinecraftServer.java:758) ~[server-intermediary.jar:?]
	at net.minecraft.class_1255.method_18857(class_1255.java:139) ~[server-intermediary.jar:?]
	at net.minecraft.server.MinecraftServer.method_16208(MinecraftServer.java:743) ~[server-intermediary.jar:?]
	at net.minecraft.server.MinecraftServer.method_29741(MinecraftServer.java:675) ~[server-intermediary.jar:?]
	at net.minecraft.server.MinecraftServer.method_29739(MinecraftServer.java:265) ~[server-intermediary.jar:?]
	at java.lang.Thread.run(Thread.java:840) ~[?:?]
[00:33:34] [Server thread/ERROR]: Parsing error loading recipe amethyst_core:attuned_imbuing
com.google.gson.JsonSyntaxException: Invalid or unsupported recipe type 'amethyst_imbuement:imbuing'
	at net.minecraft.class_1863.method_17875(class_1863.java:134) ~[server-intermediary.jar:?]
	at java.util.Optional.orElseThrow(Optional.java:403) ~[?:?]
	at net.minecraft.class_1863.method_17720(class_1863.java:134) ~[server-intermediary.jar:?]
	at net.minecraft.class_1863.method_20705(class_1863.java:56) ~[server-intermediary.jar:?]
	at net.minecraft.class_1863.method_18788(class_1863.java:35) ~[server-intermediary.jar:?]
	at net.minecraft.class_4080.method_18790(class_4080.java:13) ~[server-intermediary.jar:?]
	at java.util.concurrent.CompletableFuture$UniAccept.tryFire(CompletableFuture.java:718) ~[?:?]
	at java.util.concurrent.CompletableFuture$Completion.run(CompletableFuture.java:482) ~[?:?]
	at net.minecraft.class_4014.method_18365(class_4014.java:69) ~[server-intermediary.jar:?]
	at net.minecraft.class_3738.run(class_3738.java:18) ~[server-intermediary.jar:?]
	at net.minecraft.class_1255.method_18859(class_1255.java:156) ~[server-intermediary.jar:?]
	at net.minecraft.class_4093.method_18859(class_4093.java:23) ~[server-intermediary.jar:?]
	at net.minecraft.server.MinecraftServer.method_24306(MinecraftServer.java:782) ~[server-intermediary.jar:?]
	at net.minecraft.server.MinecraftServer.method_18859(MinecraftServer.java:164) ~[server-intermediary.jar:?]
	at net.minecraft.class_1255.method_16075(class_1255.java:130) ~[server-intermediary.jar:?]
	at net.minecraft.server.MinecraftServer.method_20415(MinecraftServer.java:764) ~[server-intermediary.jar:?]
	at net.minecraft.server.MinecraftServer.method_16075(MinecraftServer.java:758) ~[server-intermediary.jar:?]
	at net.minecraft.class_1255.method_18857(class_1255.java:139) ~[server-intermediary.jar:?]
	at net.minecraft.server.MinecraftServer.method_29439(MinecraftServer.java:1345) ~[server-intermediary.jar:?]
	at net.minecraft.class_3097.method_29480(class_3097.java:22) ~[server-intermediary.jar:?]
	at net.minecraft.class_3097.method_13530(class_3097.java:53) ~[server-intermediary.jar:?]
	at com.mojang.brigadier.CommandDispatcher.execute(CommandDispatcher.java:264) ~[brigadier-1.1.8.jar:?]
	at net.minecraft.class_2158$class_2160.method_36318(class_2158.java:96) ~[server-intermediary.jar:?]
	at net.minecraft.class_2158$class_2160.method_9198(class_2158.java:90) ~[server-intermediary.jar:?]
	at net.minecraft.class_2991$class_2992.method_12914(class_2991.java:135) ~[server-intermediary.jar:?]
	at net.minecraft.class_2991$class_6345.method_36346(class_2991.java:210) ~[server-intermediary.jar:?]
	at net.minecraft.class_2991.method_36341(class_2991.java:85) ~[server-intermediary.jar:?]
	at net.minecraft.class_2991.method_12904(class_2991.java:69) ~[server-intermediary.jar:?]
	at net.minecraft.class_3062.method_13381(class_3062.java:46) ~[server-intermediary.jar:?]
	at net.minecraft.class_3062.method_13383(class_3062.java:35) ~[server-intermediary.jar:?]
	at com.mojang.brigadier.CommandDispatcher.execute(CommandDispatcher.java:264) ~[brigadier-1.1.8.jar:?]
	at net.minecraft.class_2170.redirect$zia000$architectury$performCommand(class_2170.java:1045) ~[server-intermediary.jar:?]
	at net.minecraft.class_2170.method_9249(class_2170.java:287) ~[server-intermediary.jar:?]
	at net.minecraft.class_2170.method_44252(class_2170.java:280) ~[server-intermediary.jar:?]
	at dev.ftb.mods.ftbquests.quest.reward.CommandReward.claim(CommandReward.java:104) ~[ftb-quests-fabric-2001.4.5.jar:?]
	at dev.ftb.mods.ftbquests.quest.TeamData.claimReward(TeamData.java:538) ~[ftb-quests-fabric-2001.4.5.jar:?]
	at dev.ftb.mods.ftbquests.quest.TeamData.checkAutoCompletion(TeamData.java:568) ~[ftb-quests-fabric-2001.4.5.jar:?]
	at dev.ftb.mods.ftbquests.quest.Quest.onCompleted(Quest.java:544) ~[ftb-quests-fabric-2001.4.5.jar:?]
	at dev.ftb.mods.ftbquests.quest.ServerQuestFile.lambda$playerLoggedIn$4(ServerQuestFile.java:185) ~[ftb-quests-fabric-2001.4.5.jar:?]
	at java.util.ArrayList.forEach(ArrayList.java:1511) ~[?:?]
	at java.util.Collections$UnmodifiableCollection.forEach(Collections.java:1093) ~[?:?]
	at dev.ftb.mods.ftbquests.quest.BaseQuestFile.lambda$forAllQuests$48(BaseQuestFile.java:1402) ~[ftb-quests-fabric-2001.4.5.jar:?]
	at java.util.ArrayList.forEach(ArrayList.java:1511) ~[?:?]
	at java.util.Collections$UnmodifiableCollection.forEach(Collections.java:1093) ~[?:?]
	at dev.ftb.mods.ftbquests.quest.BaseQuestFile.lambda$forAllChapters$47(BaseQuestFile.java:1397) ~[ftb-quests-fabric-2001.4.5.jar:?]
	at java.util.ArrayList.forEach(ArrayList.java:1511) ~[?:?]
	at dev.ftb.mods.ftbquests.quest.BaseQuestFile.forAllChapterGroups(BaseQuestFile.java:1392) ~[ftb-quests-fabric-2001.4.5.jar:?]
	at dev.ftb.mods.ftbquests.quest.BaseQuestFile.forAllChapters(BaseQuestFile.java:1397) ~[ftb-quests-fabric-2001.4.5.jar:?]
	at dev.ftb.mods.ftbquests.quest.BaseQuestFile.forAllQuests(BaseQuestFile.java:1402) ~[ftb-quests-fabric-2001.4.5.jar:?]
	at dev.ftb.mods.ftbquests.quest.ServerQuestFile.lambda$playerLoggedIn$5(ServerQuestFile.java:179) ~[ftb-quests-fabric-2001.4.5.jar:?]
	at dev.ftb.mods.ftbquests.quest.ServerQuestFile.withPlayerContext(ServerQuestFile.java:159) ~[ftb-quests-fabric-2001.4.5.jar:?]
	at dev.ftb.mods.ftbquests.quest.ServerQuestFile.playerLoggedIn(ServerQuestFile.java:179) ~[ftb-quests-fabric-2001.4.5.jar:?]
	at dev.ftb.mods.ftbquests.FTBQuestsEventHandler.playerLoggedIn(FTBQuestsEventHandler.java:104) ~[ftb-quests-fabric-2001.4.5.jar:?]
	at java.lang.invoke.MethodHandle.invokeWithArguments(MethodHandle.java:732) ~[?:?]
	at dev.architectury.event.EventFactory.invokeMethod(EventFactory.java:53) ~[architectury-9.2.14-fabric.jar:?]
	at dev.architectury.event.EventFactory$4.handleInvocation(EventFactory.java:125) ~[architectury-9.2.14-fabric.jar:?]
	at com.google.common.reflect.AbstractInvocationHandler.invoke(AbstractInvocationHandler.java:87) ~[guava-31.1-jre.jar:?]
	at jdk.proxy2.$Proxy202.accept(Unknown Source) ~[?:?]
	at dev.ftb.mods.ftbteams.data.TeamManagerImpl.playerLoggedIn(TeamManagerImpl.java:319) ~[ftb-teams-fabric-2001.3.0.jar:?]
	at dev.ftb.mods.ftbteams.FTBTeams.playerLoggedIn(FTBTeams.java:77) ~[ftb-teams-fabric-2001.3.0.jar:?]
	at java.lang.invoke.MethodHandle.invokeWithArguments(MethodHandle.java:732) ~[?:?]
	at dev.architectury.event.EventFactory.invokeMethod(EventFactory.java:53) ~[architectury-9.2.14-fabric.jar:?]
	at dev.architectury.event.EventFactory$1.handleInvocation(EventFactory.java:62) ~[architectury-9.2.14-fabric.jar:?]
	at com.google.common.reflect.AbstractInvocationHandler.invoke(AbstractInvocationHandler.java:87) ~[guava-31.1-jre.jar:?]
	at jdk.proxy2.$Proxy201.join(Unknown Source) ~[?:?]
	at net.minecraft.class_3324.handler$zjc000$architectury$placeNewPlayer(class_3324.java:2520) ~[server-intermediary.jar:?]
	at net.minecraft.class_3324.method_14570(class_3324.java:307) ~[server-intermediary.jar:?]
	at net.minecraft.class_3248.method_33800(class_3248.java:131) ~[server-intermediary.jar:?]
	at net.minecraft.class_3248.mdcaa83c$polymer-networking$lambda$polymerNet$prePlayHandshakeHackfest$0$0(class_3248.java:549) ~[server-intermediary.jar:?]
	at eu.pb4.polymer.networking.impl.EarlyConnectionMagic.lambda$handle$0(EarlyConnectionMagic.java:32) ~[polymer-networking-0.5.15+1.20.1-dc18d44a422d3193.jar:?]
	at eu.pb4.polymer.networking.api.EarlyPlayNetworkHandler.lambda$onKeepAlive$0(EarlyPlayNetworkHandler.java:108) ~[polymer-networking-0.5.15+1.20.1-dc18d44a422d3193.jar:?]
	at net.minecraft.class_3738.run(class_3738.java:18) ~[server-intermediary.jar:?]
	at net.minecraft.class_1255.method_18859(class_1255.java:156) ~[server-intermediary.jar:?]
	at net.minecraft.class_4093.method_18859(class_4093.java:23) ~[server-intermediary.jar:?]
	at net.minecraft.server.MinecraftServer.method_24306(MinecraftServer.java:782) ~[server-intermediary.jar:?]
	at net.minecraft.server.MinecraftServer.method_18859(MinecraftServer.java:164) ~[server-intermediary.jar:?]
	at net.minecraft.class_1255.method_16075(class_1255.java:130) ~[server-intermediary.jar:?]
	at net.minecraft.server.MinecraftServer.method_20415(MinecraftServer.java:764) ~[server-intermediary.jar:?]
	at net.minecraft.server.MinecraftServer.method_16075(MinecraftServer.java:758) ~[server-intermediary.jar:?]
	at net.minecraft.class_1255.method_18857(class_1255.java:139) ~[server-intermediary.jar:?]
	at net.minecraft.server.MinecraftServer.method_16208(MinecraftServer.java:743) ~[server-intermediary.jar:?]
	at net.minecraft.server.MinecraftServer.method_29741(MinecraftServer.java:675) ~[server-intermediary.jar:?]
	at net.minecraft.server.MinecraftServer.method_29739(MinecraftServer.java:265) ~[server-intermediary.jar:?]
	at java.lang.Thread.run(Thread.java:840) ~[?:?]
[00:33:34] [Server thread/ERROR]: Parsing error loading recipe knavesneeds:betternether/cincinnasite_diamond/greataxe
com.google.gson.JsonSyntaxException: Unknown item 'betterend:cincinnasite_diamond_upgrade_smithing_template'
	at net.minecraft.class_1869.method_17878(class_1869.java:272) ~[server-intermediary.jar:?]
	at java.util.Optional.orElseThrow(Optional.java:403) ~[?:?]
	at net.minecraft.class_1869.method_8155(class_1869.java:272) ~[server-intermediary.jar:?]
	at net.minecraft.class_1856.method_8107(class_1856.java:160) ~[server-intermediary.jar:?]
	at net.minecraft.class_1856.method_8102(class_1856.java:143) ~[server-intermediary.jar:?]
	at net.minecraft.class_1856.method_52177(class_1856.java:135) ~[server-intermediary.jar:?]
	at net.minecraft.class_8060$class_8061.method_48455(class_8060.java:87) ~[server-intermediary.jar:?]
	at net.minecraft.class_8060$class_8061.method_8121(class_8060.java:84) ~[server-intermediary.jar:?]
	at net.minecraft.class_1863.method_17720(class_1863.java:135) ~[server-intermediary.jar:?]
	at net.minecraft.class_1863.method_20705(class_1863.java:56) ~[server-intermediary.jar:?]
	at net.minecraft.class_1863.method_18788(class_1863.java:35) ~[server-intermediary.jar:?]
	at net.minecraft.class_4080.method_18790(class_4080.java:13) ~[server-intermediary.jar:?]
	at java.util.concurrent.CompletableFuture$UniAccept.tryFire(CompletableFuture.java:718) ~[?:?]
	at java.util.concurrent.CompletableFuture$Completion.run(CompletableFuture.java:482) ~[?:?]
	at net.minecraft.class_4014.method_18365(class_4014.java:69) ~[server-intermediary.jar:?]
	at net.minecraft.class_3738.run(class_3738.java:18) ~[server-intermediary.jar:?]
	at net.minecraft.class_1255.method_18859(class_1255.java:156) ~[server-intermediary.jar:?]
	at net.minecraft.class_4093.method_18859(class_4093.java:23) ~[server-intermediary.jar:?]
	at net.minecraft.server.MinecraftServer.method_24306(MinecraftServer.java:782) ~[server-intermediary.jar:?]
	at net.minecraft.server.MinecraftServer.method_18859(MinecraftServer.java:164) ~[server-intermediary.jar:?]
	at net.minecraft.class_1255.method_16075(class_1255.java:130) ~[server-intermediary.jar:?]
	at net.minecraft.server.MinecraftServer.method_20415(MinecraftServer.java:764) ~[server-intermediary.jar:?]
	at net.minecraft.server.MinecraftServer.method_16075(MinecraftServer.java:758) ~[server-intermediary.jar:?]
	at net.minecraft.class_1255.method_18857(class_1255.java:139) ~[server-intermediary.jar:?]
	at net.minecraft.server.MinecraftServer.method_29439(MinecraftServer.java:1345) ~[server-intermediary.jar:?]
	at net.minecraft.class_3097.method_29480(class_3097.java:22) ~[server-intermediary.jar:?]
	at net.minecraft.class_3097.method_13530(class_3097.java:53) ~[server-intermediary.jar:?]
	at com.mojang.brigadier.CommandDispatcher.execute(CommandDispatcher.java:264) ~[brigadier-1.1.8.jar:?]
	at net.minecraft.class_2158$class_2160.method_36318(class_2158.java:96) ~[server-intermediary.jar:?]
	at net.minecraft.class_2158$class_2160.method_9198(class_2158.java:90) ~[server-intermediary.jar:?]
	at net.minecraft.class_2991$class_2992.method_12914(class_2991.java:135) ~[server-intermediary.jar:?]
	at net.minecraft.class_2991$class_6345.method_36346(class_2991.java:210) ~[server-intermediary.jar:?]
	at net.minecraft.class_2991.method_36341(class_2991.java:85) ~[server-intermediary.jar:?]
	at net.minecraft.class_2991.method_12904(class_2991.java:69) ~[server-intermediary.jar:?]
	at net.minecraft.class_3062.method_13381(class_3062.java:46) ~[server-intermediary.jar:?]
	at net.minecraft.class_3062.method_13383(class_3062.java:35) ~[server-intermediary.jar:?]
	at com.mojang.brigadier.CommandDispatcher.execute(CommandDispatcher.java:264) ~[brigadier-1.1.8.jar:?]
	at net.minecraft.class_2170.redirect$zia000$architectury$performCommand(class_2170.java:1045) ~[server-intermediary.jar:?]
	at net.minecraft.class_2170.method_9249(class_2170.java:287) ~[server-intermediary.jar:?]
	at net.minecraft.class_2170.method_44252(class_2170.java:280) ~[server-intermediary.jar:?]
	at dev.ftb.mods.ftbquests.quest.reward.CommandReward.claim(CommandReward.java:104) ~[ftb-quests-fabric-2001.4.5.jar:?]
	at dev.ftb.mods.ftbquests.quest.TeamData.claimReward(TeamData.java:538) ~[ftb-quests-fabric-2001.4.5.jar:?]
	at dev.ftb.mods.ftbquests.quest.TeamData.checkAutoCompletion(TeamData.java:568) ~[ftb-quests-fabric-2001.4.5.jar:?]
	at dev.ftb.mods.ftbquests.quest.Quest.onCompleted(Quest.java:544) ~[ftb-quests-fabric-2001.4.5.jar:?]
	at dev.ftb.mods.ftbquests.quest.ServerQuestFile.lambda$playerLoggedIn$4(ServerQuestFile.java:185) ~[ftb-quests-fabric-2001.4.5.jar:?]
	at java.util.ArrayList.forEach(ArrayList.java:1511) ~[?:?]
	at java.util.Collections$UnmodifiableCollection.forEach(Collections.java:1093) ~[?:?]
	at dev.ftb.mods.ftbquests.quest.BaseQuestFile.lambda$forAllQuests$48(BaseQuestFile.java:1402) ~[ftb-quests-fabric-2001.4.5.jar:?]
	at java.util.ArrayList.forEach(ArrayList.java:1511) ~[?:?]
	at java.util.Collections$UnmodifiableCollection.forEach(Collections.java:1093) ~[?:?]
	at dev.ftb.mods.ftbquests.quest.BaseQuestFile.lambda$forAllChapters$47(BaseQuestFile.java:1397) ~[ftb-quests-fabric-2001.4.5.jar:?]
	at java.util.ArrayList.forEach(ArrayList.java:1511) ~[?:?]
	at dev.ftb.mods.ftbquests.quest.BaseQuestFile.forAllChapterGroups(BaseQuestFile.java:1392) ~[ftb-quests-fabric-2001.4.5.jar:?]
	at dev.ftb.mods.ftbquests.quest.BaseQuestFile.forAllChapters(BaseQuestFile.java:1397) ~[ftb-quests-fabric-2001.4.5.jar:?]
	at dev.ftb.mods.ftbquests.quest.BaseQuestFile.forAllQuests(BaseQuestFile.java:1402) ~[ftb-quests-fabric-2001.4.5.jar:?]
	at dev.ftb.mods.ftbquests.quest.ServerQuestFile.lambda$playerLoggedIn$5(ServerQuestFile.java:179) ~[ftb-quests-fabric-2001.4.5.jar:?]
	at dev.ftb.mods.ftbquests.quest.ServerQuestFile.withPlayerContext(ServerQuestFile.java:159) ~[ftb-quests-fabric-2001.4.5.jar:?]
	at dev.ftb.mods.ftbquests.quest.ServerQuestFile.playerLoggedIn(ServerQuestFile.java:179) ~[ftb-quests-fabric-2001.4.5.jar:?]
	at dev.ftb.mods.ftbquests.FTBQuestsEventHandler.playerLoggedIn(FTBQuestsEventHandler.java:104) ~[ftb-quests-fabric-2001.4.5.jar:?]
	at java.lang.invoke.MethodHandle.invokeWithArguments(MethodHandle.java:732) ~[?:?]
	at dev.architectury.event.EventFactory.invokeMethod(EventFactory.java:53) ~[architectury-9.2.14-fabric.jar:?]
	at dev.architectury.event.EventFactory$4.handleInvocation(EventFactory.java:125) ~[architectury-9.2.14-fabric.jar:?]
	at com.google.common.reflect.AbstractInvocationHandler.invoke(AbstractInvocationHandler.java:87) ~[guava-31.1-jre.jar:?]
	at jdk.proxy2.$Proxy202.accept(Unknown Source) ~[?:?]
	at dev.ftb.mods.ftbteams.data.TeamManagerImpl.playerLoggedIn(TeamManagerImpl.java:319) ~[ftb-teams-fabric-2001.3.0.jar:?]
	at dev.ftb.mods.ftbteams.FTBTeams.playerLoggedIn(FTBTeams.java:77) ~[ftb-teams-fabric-2001.3.0.jar:?]
	at java.lang.invoke.MethodHandle.invokeWithArguments(MethodHandle.java:732) ~[?:?]
	at dev.architectury.event.EventFactory.invokeMethod(EventFactory.java:53) ~[architectury-9.2.14-fabric.jar:?]
	at dev.architectury.event.EventFactory$1.handleInvocation(EventFactory.java:62) ~[architectury-9.2.14-fabric.jar:?]
	at com.google.common.reflect.AbstractInvocationHandler.invoke(AbstractInvocationHandler.java:87) ~[guava-31.1-jre.jar:?]
	at jdk.proxy2.$Proxy201.join(Unknown Source) ~[?:?]
	at net.minecraft.class_3324.handler$zjc000$architectury$placeNewPlayer(class_3324.java:2520) ~[server-intermediary.jar:?]
	at net.minecraft.class_3324.method_14570(class_3324.java:307) ~[server-intermediary.jar:?]
	at net.minecraft.class_3248.method_33800(class_3248.java:131) ~[server-intermediary.jar:?]
	at net.minecraft.class_3248.mdcaa83c$polymer-networking$lambda$polymerNet$prePlayHandshakeHackfest$0$0(class_3248.java:549) ~[server-intermediary.jar:?]
	at eu.pb4.polymer.networking.impl.EarlyConnectionMagic.lambda$handle$0(EarlyConnectionMagic.java:32) ~[polymer-networking-0.5.15+1.20.1-dc18d44a422d3193.jar:?]
	at eu.pb4.polymer.networking.api.EarlyPlayNetworkHandler.lambda$onKeepAlive$0(EarlyPlayNetworkHandler.java:108) ~[polymer-networking-0.5.15+1.20.1-dc18d44a422d3193.jar:?]
	at net.minecraft.class_3738.run(class_3738.java:18) ~[server-intermediary.jar:?]
	at net.minecraft.class_1255.method_18859(class_1255.java:156) ~[server-intermediary.jar:?]
	at net.minecraft.class_4093.method_18859(class_4093.java:23) ~[server-intermediary.jar:?]
	at net.minecraft.server.MinecraftServer.method_24306(MinecraftServer.java:782) ~[server-intermediary.jar:?]
	at net.minecraft.server.MinecraftServer.method_18859(MinecraftServer.java:164) ~[server-intermediary.jar:?]
	at net.minecraft.class_1255.method_16075(class_1255.java:130) ~[server-intermediary.jar:?]
	at net.minecraft.server.MinecraftServer.method_20415(MinecraftServer.java:764) ~[server-intermediary.jar:?]
	at net.minecraft.server.MinecraftServer.method_16075(MinecraftServer.java:758) ~[server-intermediary.jar:?]
	at net.minecraft.class_1255.method_18857(class_1255.java:139) ~[server-intermediary.jar:?]
	at net.minecraft.server.MinecraftServer.method_16208(MinecraftServer.java:743) ~[server-intermediary.jar:?]
	at net.minecraft.server.MinecraftServer.method_29741(MinecraftServer.java:675) ~[server-intermediary.jar:?]
	at net.minecraft.server.MinecraftServer.method_29739(MinecraftServer.java:265) ~[server-intermediary.jar:?]
	at java.lang.Thread.run(Thread.java:840) ~[?:?]
[00:33:34] [Server thread/ERROR]: Parsing error loading recipe knavesneeds:betternether/flaming_ruby/chakram
com.google.gson.JsonSyntaxException: Unknown item 'betterend:flaming_ruby_upgrade_smithing_template'
	at net.minecraft.class_1869.method_17878(class_1869.java:272) ~[server-intermediary.jar:?]
	at java.util.Optional.orElseThrow(Optional.java:403) ~[?:?]
	at net.minecraft.class_1869.method_8155(class_1869.java:272) ~[server-intermediary.jar:?]
	at net.minecraft.class_1856.method_8107(class_1856.java:160) ~[server-intermediary.jar:?]
	at net.minecraft.class_1856.method_8102(class_1856.java:143) ~[server-intermediary.jar:?]
	at net.minecraft.class_1856.method_52177(class_1856.java:135) ~[server-intermediary.jar:?]
	at net.minecraft.class_8060$class_8061.method_48455(class_8060.java:87) ~[server-intermediary.jar:?]
	at net.minecraft.class_8060$class_8061.method_8121(class_8060.java:84) ~[server-intermediary.jar:?]
	at net.minecraft.class_1863.method_17720(class_1863.java:135) ~[server-intermediary.jar:?]
	at net.minecraft.class_1863.method_20705(class_1863.java:56) ~[server-intermediary.jar:?]
	at net.minecraft.class_1863.method_18788(class_1863.java:35) ~[server-intermediary.jar:?]
	at net.minecraft.class_4080.method_18790(class_4080.java:13) ~[server-intermediary.jar:?]
	at java.util.concurrent.CompletableFuture$UniAccept.tryFire(CompletableFuture.java:718) ~[?:?]
	at java.util.concurrent.CompletableFuture$Completion.run(CompletableFuture.java:482) ~[?:?]
	at net.minecraft.class_4014.method_18365(class_4014.java:69) ~[server-intermediary.jar:?]
	at net.minecraft.class_3738.run(class_3738.java:18) ~[server-intermediary.jar:?]
	at net.minecraft.class_1255.method_18859(class_1255.java:156) ~[server-intermediary.jar:?]
	at net.minecraft.class_4093.method_18859(class_4093.java:23) ~[server-intermediary.jar:?]
	at net.minecraft.server.MinecraftServer.method_24306(MinecraftServer.java:782) ~[server-intermediary.jar:?]
	at net.minecraft.server.MinecraftServer.method_18859(MinecraftServer.java:164) ~[server-intermediary.jar:?]
	at net.minecraft.class_1255.method_16075(class_1255.java:130) ~[server-intermediary.jar:?]
	at net.minecraft.server.MinecraftServer.method_20415(MinecraftServer.java:764) ~[server-intermediary.jar:?]
	at net.minecraft.server.MinecraftServer.method_16075(MinecraftServer.java:758) ~[server-intermediary.jar:?]
	at net.minecraft.class_1255.method_18857(class_1255.java:139) ~[server-intermediary.jar:?]
	at net.minecraft.server.MinecraftServer.method_29439(MinecraftServer.java:1345) ~[server-intermediary.jar:?]
	at net.minecraft.class_3097.method_29480(class_3097.java:22) ~[server-intermediary.jar:?]
	at net.minecraft.class_3097.method_13530(class_3097.java:53) ~[server-intermediary.jar:?]
	at com.mojang.brigadier.CommandDispatcher.execute(CommandDispatcher.java:264) ~[brigadier-1.1.8.jar:?]
	at net.minecraft.class_2158$class_2160.method_36318(class_2158.java:96) ~[server-intermediary.jar:?]
	at net.minecraft.class_2158$class_2160.method_9198(class_2158.java:90) ~[server-intermediary.jar:?]
	at net.minecraft.class_2991$class_2992.method_12914(class_2991.java:135) ~[server-intermediary.jar:?]
	at net.minecraft.class_2991$class_6345.method_36346(class_2991.java:210) ~[server-intermediary.jar:?]
	at net.minecraft.class_2991.method_36341(class_2991.java:85) ~[server-intermediary.jar:?]
	at net.minecraft.class_2991.method_12904(class_2991.java:69) ~[server-intermediary.jar:?]
	at net.minecraft.class_3062.method_13381(class_3062.java:46) ~[server-intermediary.jar:?]
	at net.minecraft.class_3062.method_13383(class_3062.java:35) ~[server-intermediary.jar:?]
	at com.mojang.brigadier.CommandDispatcher.execute(CommandDispatcher.java:264) ~[brigadier-1.1.8.jar:?]
	at net.minecraft.class_2170.redirect$zia000$architectury$performCommand(class_2170.java:1045) ~[server-intermediary.jar:?]
	at net.minecraft.class_2170.method_9249(class_2170.java:287) ~[server-intermediary.jar:?]
	at net.minecraft.class_2170.method_44252(class_2170.java:280) ~[server-intermediary.jar:?]
	at dev.ftb.mods.ftbquests.quest.reward.CommandReward.claim(CommandReward.java:104) ~[ftb-quests-fabric-2001.4.5.jar:?]
	at dev.ftb.mods.ftbquests.quest.TeamData.claimReward(TeamData.java:538) ~[ftb-quests-fabric-2001.4.5.jar:?]
	at dev.ftb.mods.ftbquests.quest.TeamData.checkAutoCompletion(TeamData.java:568) ~[ftb-quests-fabric-2001.4.5.jar:?]
	at dev.ftb.mods.ftbquests.quest.Quest.onCompleted(Quest.java:544) ~[ftb-quests-fabric-2001.4.5.jar:?]
	at dev.ftb.mods.ftbquests.quest.ServerQuestFile.lambda$playerLoggedIn$4(ServerQuestFile.java:185) ~[ftb-quests-fabric-2001.4.5.jar:?]
	at java.util.ArrayList.forEach(ArrayList.java:1511) ~[?:?]
	at java.util.Collections$UnmodifiableCollection.forEach(Collections.java:1093) ~[?:?]
	at dev.ftb.mods.ftbquests.quest.BaseQuestFile.lambda$forAllQuests$48(BaseQuestFile.java:1402) ~[ftb-quests-fabric-2001.4.5.jar:?]
	at java.util.ArrayList.forEach(ArrayList.java:1511) ~[?:?]
	at java.util.Collections$UnmodifiableCollection.forEach(Collections.java:1093) ~[?:?]
	at dev.ftb.mods.ftbquests.quest.BaseQuestFile.lambda$forAllChapters$47(BaseQuestFile.java:1397) ~[ftb-quests-fabric-2001.4.5.jar:?]
	at java.util.ArrayList.forEach(ArrayList.java:1511) ~[?:?]
	at dev.ftb.mods.ftbquests.quest.BaseQuestFile.forAllChapterGroups(BaseQuestFile.java:1392) ~[ftb-quests-fabric-2001.4.5.jar:?]
	at dev.ftb.mods.ftbquests.quest.BaseQuestFile.forAllChapters(BaseQuestFile.java:1397) ~[ftb-quests-fabric-2001.4.5.jar:?]
	at dev.ftb.mods.ftbquests.quest.BaseQuestFile.forAllQuests(BaseQuestFile.java:1402) ~[ftb-quests-fabric-2001.4.5.jar:?]
	at dev.ftb.mods.ftbquests.quest.ServerQuestFile.lambda$playerLoggedIn$5(ServerQuestFile.java:179) ~[ftb-quests-fabric-2001.4.5.jar:?]
	at dev.ftb.mods.ftbquests.quest.ServerQuestFile.withPlayerContext(ServerQuestFile.java:159) ~[ftb-quests-fabric-2001.4.5.jar:?]
	at dev.ftb.mods.ftbquests.quest.ServerQuestFile.playerLoggedIn(ServerQuestFile.java:179) ~[ftb-quests-fabric-2001.4.5.jar:?]
	at dev.ftb.mods.ftbquests.FTBQuestsEventHandler.playerLoggedIn(FTBQuestsEventHandler.java:104) ~[ftb-quests-fabric-2001.4.5.jar:?]
	at java.lang.invoke.MethodHandle.invokeWithArguments(MethodHandle.java:732) ~[?:?]
	at dev.architectury.event.EventFactory.invokeMethod(EventFactory.java:53) ~[architectury-9.2.14-fabric.jar:?]
	at dev.architectury.event.EventFactory$4.handleInvocation(EventFactory.java:125) ~[architectury-9.2.14-fabric.jar:?]
	at com.google.common.reflect.AbstractInvocationHandler.invoke(AbstractInvocationHandler.java:87) ~[guava-31.1-jre.jar:?]
	at jdk.proxy2.$Proxy202.accept(Unknown Source) ~[?:?]
	at dev.ftb.mods.ftbteams.data.TeamManagerImpl.playerLoggedIn(TeamManagerImpl.java:319) ~[ftb-teams-fabric-2001.3.0.jar:?]
	at dev.ftb.mods.ftbteams.FTBTeams.playerLoggedIn(FTBTeams.java:77) ~[ftb-teams-fabric-2001.3.0.jar:?]
	at java.lang.invoke.MethodHandle.invokeWithArguments(MethodHandle.java:732) ~[?:?]
	at dev.architectury.event.EventFactory.invokeMethod(EventFactory.java:53) ~[architectury-9.2.14-fabric.jar:?]
	at dev.architectury.event.EventFactory$1.handleInvocation(EventFactory.java:62) ~[architectury-9.2.14-fabric.jar:?]
	at com.google.common.reflect.AbstractInvocationHandler.invoke(AbstractInvocationHandler.java:87) ~[guava-31.1-jre.jar:?]
	at jdk.proxy2.$Proxy201.join(Unknown Source) ~[?:?]
	at net.minecraft.class_3324.handler$zjc000$architectury$placeNewPlayer(class_3324.java:2520) ~[server-intermediary.jar:?]
	at net.minecraft.class_3324.method_14570(class_3324.java:307) ~[server-intermediary.jar:?]
	at net.minecraft.class_3248.method_33800(class_3248.java:131) ~[server-intermediary.jar:?]
	at net.minecraft.class_3248.mdcaa83c$polymer-networking$lambda$polymerNet$prePlayHandshakeHackfest$0$0(class_3248.java:549) ~[server-intermediary.jar:?]
	at eu.pb4.polymer.networking.impl.EarlyConnectionMagic.lambda$handle$0(EarlyConnectionMagic.java:32) ~[polymer-networking-0.5.15+1.20.1-dc18d44a422d3193.jar:?]
	at eu.pb4.polymer.networking.api.EarlyPlayNetworkHandler.lambda$onKeepAlive$0(EarlyPlayNetworkHandler.java:108) ~[polymer-networking-0.5.15+1.20.1-dc18d44a422d3193.jar:?]
	at net.minecraft.class_3738.run(class_3738.java:18) ~[server-intermediary.jar:?]
	at net.minecraft.class_1255.method_18859(class_1255.java:156) ~[server-intermediary.jar:?]
	at net.minecraft.class_4093.method_18859(class_4093.java:23) ~[server-intermediary.jar:?]
	at net.minecraft.server.MinecraftServer.method_24306(MinecraftServer.java:782) ~[server-intermediary.jar:?]
	at net.minecraft.server.MinecraftServer.method_18859(MinecraftServer.java:164) ~[server-intermediary.jar:?]
	at net.minecraft.class_1255.method_16075(class_1255.java:130) ~[server-intermediary.jar:?]
	at net.minecraft.server.MinecraftServer.method_20415(MinecraftServer.java:764) ~[server-intermediary.jar:?]
	at net.minecraft.server.MinecraftServer.method_16075(MinecraftServer.java:758) ~[server-intermediary.jar:?]
	at net.minecraft.class_1255.method_18857(class_1255.java:139) ~[server-intermediary.jar:?]
	at net.minecraft.server.MinecraftServer.method_16208(MinecraftServer.java:743) ~[server-intermediary.jar:?]
	at net.minecraft.server.MinecraftServer.method_29741(MinecraftServer.java:675) ~[server-intermediary.jar:?]
	at net.minecraft.server.MinecraftServer.method_29739(MinecraftServer.java:265) ~[server-intermediary.jar:?]
	at java.lang.Thread.run(Thread.java:840) ~[?:?]
[00:33:34] [Server thread/ERROR]: Parsing error loading recipe dramaticdoors:tall_ebony_door
com.google.gson.JsonSyntaxException: Unknown item 'phantasm:ebony_door'
	at net.minecraft.class_1869.method_17878(class_1869.java:272) ~[server-intermediary.jar:?]
	at java.util.Optional.orElseThrow(Optional.java:403) ~[?:?]
	at net.minecraft.class_1869.method_8155(class_1869.java:272) ~[server-intermediary.jar:?]
	at net.minecraft.class_1856.method_8107(class_1856.java:160) ~[server-intermediary.jar:?]
	at net.minecraft.class_1856.method_8102(class_1856.java:143) ~[server-intermediary.jar:?]
	at net.minecraft.class_1869.method_8157(class_1869.java:252) ~[server-intermediary.jar:?]
	at net.minecraft.class_1869$class_1870.method_8164(class_1869.java:285) ~[server-intermediary.jar:?]
	at net.minecraft.class_1869$class_1870.method_8121(class_1869.java:279) ~[server-intermediary.jar:?]
	at net.minecraft.class_1863.method_17720(class_1863.java:135) ~[server-intermediary.jar:?]
	at net.minecraft.class_1863.method_20705(class_1863.java:56) ~[server-intermediary.jar:?]
	at net.minecraft.class_1863.method_18788(class_1863.java:35) ~[server-intermediary.jar:?]
	at net.minecraft.class_4080.method_18790(class_4080.java:13) ~[server-intermediary.jar:?]
	at java.util.concurrent.CompletableFuture$UniAccept.tryFire(CompletableFuture.java:718) ~[?:?]
	at java.util.concurrent.CompletableFuture$Completion.run(CompletableFuture.java:482) ~[?:?]
	at net.minecraft.class_4014.method_18365(class_4014.java:69) ~[server-intermediary.jar:?]
	at net.minecraft.class_3738.run(class_3738.java:18) ~[server-intermediary.jar:?]
	at net.minecraft.class_1255.method_18859(class_1255.java:156) ~[server-intermediary.jar:?]
	at net.minecraft.class_4093.method_18859(class_4093.java:23) ~[server-intermediary.jar:?]
	at net.minecraft.server.MinecraftServer.method_24306(MinecraftServer.java:782) ~[server-intermediary.jar:?]
	at net.minecraft.server.MinecraftServer.method_18859(MinecraftServer.java:164) ~[server-intermediary.jar:?]
	at net.minecraft.class_1255.method_16075(class_1255.java:130) ~[server-intermediary.jar:?]
	at net.minecraft.server.MinecraftServer.method_20415(MinecraftServer.java:764) ~[server-intermediary.jar:?]
	at net.minecraft.server.MinecraftServer.method_16075(MinecraftServer.java:758) ~[server-intermediary.jar:?]
	at net.minecraft.class_1255.method_18857(class_1255.java:139) ~[server-intermediary.jar:?]
	at net.minecraft.server.MinecraftServer.method_29439(MinecraftServer.java:1345) ~[server-intermediary.jar:?]
	at net.minecraft.class_3097.method_29480(class_3097.java:22) ~[server-intermediary.jar:?]
	at net.minecraft.class_3097.method_13530(class_3097.java:53) ~[server-intermediary.jar:?]
	at com.mojang.brigadier.CommandDispatcher.execute(CommandDispatcher.java:264) ~[brigadier-1.1.8.jar:?]
	at net.minecraft.class_2158$class_2160.method_36318(class_2158.java:96) ~[server-intermediary.jar:?]
	at net.minecraft.class_2158$class_2160.method_9198(class_2158.java:90) ~[server-intermediary.jar:?]
	at net.minecraft.class_2991$class_2992.method_12914(class_2991.java:135) ~[server-intermediary.jar:?]
	at net.minecraft.class_2991$class_6345.method_36346(class_2991.java:210) ~[server-intermediary.jar:?]
	at net.minecraft.class_2991.method_36341(class_2991.java:85) ~[server-intermediary.jar:?]
	at net.minecraft.class_2991.method_12904(class_2991.java:69) ~[server-intermediary.jar:?]
	at net.minecraft.class_3062.method_13381(class_3062.java:46) ~[server-intermediary.jar:?]
	at net.minecraft.class_3062.method_13383(class_3062.java:35) ~[server-intermediary.jar:?]
	at com.mojang.brigadier.CommandDispatcher.execute(CommandDispatcher.java:264) ~[brigadier-1.1.8.jar:?]
	at net.minecraft.class_2170.redirect$zia000$architectury$performCommand(class_2170.java:1045) ~[server-intermediary.jar:?]
	at net.minecraft.class_2170.method_9249(class_2170.java:287) ~[server-intermediary.jar:?]
	at net.minecraft.class_2170.method_44252(class_2170.java:280) ~[server-intermediary.jar:?]
	at dev.ftb.mods.ftbquests.quest.reward.CommandReward.claim(CommandReward.java:104) ~[ftb-quests-fabric-2001.4.5.jar:?]
	at dev.ftb.mods.ftbquests.quest.TeamData.claimReward(TeamData.java:538) ~[ftb-quests-fabric-2001.4.5.jar:?]
	at dev.ftb.mods.ftbquests.quest.TeamData.checkAutoCompletion(TeamData.java:568) ~[ftb-quests-fabric-2001.4.5.jar:?]
	at dev.ftb.mods.ftbquests.quest.Quest.onCompleted(Quest.java:544) ~[ftb-quests-fabric-2001.4.5.jar:?]
	at dev.ftb.mods.ftbquests.quest.ServerQuestFile.lambda$playerLoggedIn$4(ServerQuestFile.java:185) ~[ftb-quests-fabric-2001.4.5.jar:?]
	at java.util.ArrayList.forEach(ArrayList.java:1511) ~[?:?]
	at java.util.Collections$UnmodifiableCollection.forEach(Collections.java:1093) ~[?:?]
	at dev.ftb.mods.ftbquests.quest.BaseQuestFile.lambda$forAllQuests$48(BaseQuestFile.java:1402) ~[ftb-quests-fabric-2001.4.5.jar:?]
	at java.util.ArrayList.forEach(ArrayList.java:1511) ~[?:?]
	at java.util.Collections$UnmodifiableCollection.forEach(Collections.java:1093) ~[?:?]
	at dev.ftb.mods.ftbquests.quest.BaseQuestFile.lambda$forAllChapters$47(BaseQuestFile.java:1397) ~[ftb-quests-fabric-2001.4.5.jar:?]
	at java.util.ArrayList.forEach(ArrayList.java:1511) ~[?:?]
	at dev.ftb.mods.ftbquests.quest.BaseQuestFile.forAllChapterGroups(BaseQuestFile.java:1392) ~[ftb-quests-fabric-2001.4.5.jar:?]
	at dev.ftb.mods.ftbquests.quest.BaseQuestFile.forAllChapters(BaseQuestFile.java:1397) ~[ftb-quests-fabric-2001.4.5.jar:?]
	at dev.ftb.mods.ftbquests.quest.BaseQuestFile.forAllQuests(BaseQuestFile.java:1402) ~[ftb-quests-fabric-2001.4.5.jar:?]
	at dev.ftb.mods.ftbquests.quest.ServerQuestFile.lambda$playerLoggedIn$5(ServerQuestFile.java:179) ~[ftb-quests-fabric-2001.4.5.jar:?]
	at dev.ftb.mods.ftbquests.quest.ServerQuestFile.withPlayerContext(ServerQuestFile.java:159) ~[ftb-quests-fabric-2001.4.5.jar:?]
	at dev.ftb.mods.ftbquests.quest.ServerQuestFile.playerLoggedIn(ServerQuestFile.java:179) ~[ftb-quests-fabric-2001.4.5.jar:?]
	at dev.ftb.mods.ftbquests.FTBQuestsEventHandler.playerLoggedIn(FTBQuestsEventHandler.java:104) ~[ftb-quests-fabric-2001.4.5.jar:?]
	at java.lang.invoke.MethodHandle.invokeWithArguments(MethodHandle.java:732) ~[?:?]
	at dev.architectury.event.EventFactory.invokeMethod(EventFactory.java:53) ~[architectury-9.2.14-fabric.jar:?]
	at dev.architectury.event.EventFactory$4.handleInvocation(EventFactory.java:125) ~[architectury-9.2.14-fabric.jar:?]
	at com.google.common.reflect.AbstractInvocationHandler.invoke(AbstractInvocationHandler.java:87) ~[guava-31.1-jre.jar:?]
	at jdk.proxy2.$Proxy202.accept(Unknown Source) ~[?:?]
	at dev.ftb.mods.ftbteams.data.TeamManagerImpl.playerLoggedIn(TeamManagerImpl.java:319) ~[ftb-teams-fabric-2001.3.0.jar:?]
	at dev.ftb.mods.ftbteams.FTBTeams.playerLoggedIn(FTBTeams.java:77) ~[ftb-teams-fabric-2001.3.0.jar:?]
	at java.lang.invoke.MethodHandle.invokeWithArguments(MethodHandle.java:732) ~[?:?]
	at dev.architectury.event.EventFactory.invokeMethod(EventFactory.java:53) ~[architectury-9.2.14-fabric.jar:?]
	at dev.architectury.event.EventFactory$1.handleInvocation(EventFactory.java:62) ~[architectury-9.2.14-fabric.jar:?]
	at com.google.common.reflect.AbstractInvocationHandler.invoke(AbstractInvocationHandler.java:87) ~[guava-31.1-jre.jar:?]
	at jdk.proxy2.$Proxy201.join(Unknown Source) ~[?:?]
	at net.minecraft.class_3324.handler$zjc000$architectury$placeNewPlayer(class_3324.java:2520) ~[server-intermediary.jar:?]
	at net.minecraft.class_3324.method_14570(class_3324.java:307) ~[server-intermediary.jar:?]
	at net.minecraft.class_3248.method_33800(class_3248.java:131) ~[server-intermediary.jar:?]
	at net.minecraft.class_3248.mdcaa83c$polymer-networking$lambda$polymerNet$prePlayHandshakeHackfest$0$0(class_3248.java:549) ~[server-intermediary.jar:?]
	at eu.pb4.polymer.networking.impl.EarlyConnectionMagic.lambda$handle$0(EarlyConnectionMagic.java:32) ~[polymer-networking-0.5.15+1.20.1-dc18d44a422d3193.jar:?]
	at eu.pb4.polymer.networking.api.EarlyPlayNetworkHandler.lambda$onKeepAlive$0(EarlyPlayNetworkHandler.java:108) ~[polymer-networking-0.5.15+1.20.1-dc18d44a422d3193.jar:?]
	at net.minecraft.class_3738.run(class_3738.java:18) ~[server-intermediary.jar:?]
	at net.minecraft.class_1255.method_18859(class_1255.java:156) ~[server-intermediary.jar:?]
	at net.minecraft.class_4093.method_18859(class_4093.java:23) ~[server-intermediary.jar:?]
	at net.minecraft.server.MinecraftServer.method_24306(MinecraftServer.java:782) ~[server-intermediary.jar:?]
	at net.minecraft.server.MinecraftServer.method_18859(MinecraftServer.java:164) ~[server-intermediary.jar:?]
	at net.minecraft.class_1255.method_16075(class_1255.java:130) ~[server-intermediary.jar:?]
	at net.minecraft.server.MinecraftServer.method_20415(MinecraftServer.java:764) ~[server-intermediary.jar:?]
	at net.minecraft.server.MinecraftServer.method_16075(MinecraftServer.java:758) ~[server-intermediary.jar:?]
	at net.minecraft.class_1255.method_18857(class_1255.java:139) ~[server-intermediary.jar:?]
	at net.minecraft.server.MinecraftServer.method_16208(MinecraftServer.java:743) ~[server-intermediary.jar:?]
	at net.minecraft.server.MinecraftServer.method_29741(MinecraftServer.java:675) ~[server-intermediary.jar:?]
	at net.minecraft.server.MinecraftServer.method_29739(MinecraftServer.java:265) ~[server-intermediary.jar:?]
	at java.lang.Thread.run(Thread.java:840) ~[?:?]
[00:33:34] [Server thread/ERROR]: Parsing error loading recipe digs_dnd_origins:netherite_horns_helmet
com.google.gson.JsonSyntaxException: Invalid or unsupported recipe type 'minecraft:smithing'
	at net.minecraft.class_1863.method_17875(class_1863.java:134) ~[server-intermediary.jar:?]
	at java.util.Optional.orElseThrow(Optional.java:403) ~[?:?]
	at net.minecraft.class_1863.method_17720(class_1863.java:134) ~[server-intermediary.jar:?]
	at net.minecraft.class_1863.method_20705(class_1863.java:56) ~[server-intermediary.jar:?]
	at net.minecraft.class_1863.method_18788(class_1863.java:35) ~[server-intermediary.jar:?]
	at net.minecraft.class_4080.method_18790(class_4080.java:13) ~[server-intermediary.jar:?]
	at java.util.concurrent.CompletableFuture$UniAccept.tryFire(CompletableFuture.java:718) ~[?:?]
	at java.util.concurrent.CompletableFuture$Completion.run(CompletableFuture.java:482) ~[?:?]
	at net.minecraft.class_4014.method_18365(class_4014.java:69) ~[server-intermediary.jar:?]
	at net.minecraft.class_3738.run(class_3738.java:18) ~[server-intermediary.jar:?]
	at net.minecraft.class_1255.method_18859(class_1255.java:156) ~[server-intermediary.jar:?]
	at net.minecraft.class_4093.method_18859(class_4093.java:23) ~[server-intermediary.jar:?]
	at net.minecraft.server.MinecraftServer.method_24306(MinecraftServer.java:782) ~[server-intermediary.jar:?]
	at net.minecraft.server.MinecraftServer.method_18859(MinecraftServer.java:164) ~[server-intermediary.jar:?]
	at net.minecraft.class_1255.method_16075(class_1255.java:130) ~[server-intermediary.jar:?]
	at net.minecraft.server.MinecraftServer.method_20415(MinecraftServer.java:764) ~[server-intermediary.jar:?]
	at net.minecraft.server.MinecraftServer.method_16075(MinecraftServer.java:758) ~[server-intermediary.jar:?]
	at net.minecraft.class_1255.method_18857(class_1255.java:139) ~[server-intermediary.jar:?]
	at net.minecraft.server.MinecraftServer.method_29439(MinecraftServer.java:1345) ~[server-intermediary.jar:?]
	at net.minecraft.class_3097.method_29480(class_3097.java:22) ~[server-intermediary.jar:?]
	at net.minecraft.class_3097.method_13530(class_3097.java:53) ~[server-intermediary.jar:?]
	at com.mojang.brigadier.CommandDispatcher.execute(CommandDispatcher.java:264) ~[brigadier-1.1.8.jar:?]
	at net.minecraft.class_2158$class_2160.method_36318(class_2158.java:96) ~[server-intermediary.jar:?]
	at net.minecraft.class_2158$class_2160.method_9198(class_2158.java:90) ~[server-intermediary.jar:?]
	at net.minecraft.class_2991$class_2992.method_12914(class_2991.java:135) ~[server-intermediary.jar:?]
	at net.minecraft.class_2991$class_6345.method_36346(class_2991.java:210) ~[server-intermediary.jar:?]
	at net.minecraft.class_2991.method_36341(class_2991.java:85) ~[server-intermediary.jar:?]
	at net.minecraft.class_2991.method_12904(class_2991.java:69) ~[server-intermediary.jar:?]
	at net.minecraft.class_3062.method_13381(class_3062.java:46) ~[server-intermediary.jar:?]
	at net.minecraft.class_3062.method_13383(class_3062.java:35) ~[server-intermediary.jar:?]
	at com.mojang.brigadier.CommandDispatcher.execute(CommandDispatcher.java:264) ~[brigadier-1.1.8.jar:?]
	at net.minecraft.class_2170.redirect$zia000$architectury$performCommand(class_2170.java:1045) ~[server-intermediary.jar:?]
	at net.minecraft.class_2170.method_9249(class_2170.java:287) ~[server-intermediary.jar:?]
	at net.minecraft.class_2170.method_44252(class_2170.java:280) ~[server-intermediary.jar:?]
	at dev.ftb.mods.ftbquests.quest.reward.CommandReward.claim(CommandReward.java:104) ~[ftb-quests-fabric-2001.4.5.jar:?]
	at dev.ftb.mods.ftbquests.quest.TeamData.claimReward(TeamData.java:538) ~[ftb-quests-fabric-2001.4.5.jar:?]
	at dev.ftb.mods.ftbquests.quest.TeamData.checkAutoCompletion(TeamData.java:568) ~[ftb-quests-fabric-2001.4.5.jar:?]
	at dev.ftb.mods.ftbquests.quest.Quest.onCompleted(Quest.java:544) ~[ftb-quests-fabric-2001.4.5.jar:?]
	at dev.ftb.mods.ftbquests.quest.ServerQuestFile.lambda$playerLoggedIn$4(ServerQuestFile.java:185) ~[ftb-quests-fabric-2001.4.5.jar:?]
	at java.util.ArrayList.forEach(ArrayList.java:1511) ~[?:?]
	at java.util.Collections$UnmodifiableCollection.forEach(Collections.java:1093) ~[?:?]
	at dev.ftb.mods.ftbquests.quest.BaseQuestFile.lambda$forAllQuests$48(BaseQuestFile.java:1402) ~[ftb-quests-fabric-2001.4.5.jar:?]
	at java.util.ArrayList.forEach(ArrayList.java:1511) ~[?:?]
	at java.util.Collections$UnmodifiableCollection.forEach(Collections.java:1093) ~[?:?]
	at dev.ftb.mods.ftbquests.quest.BaseQuestFile.lambda$forAllChapters$47(BaseQuestFile.java:1397) ~[ftb-quests-fabric-2001.4.5.jar:?]
	at java.util.ArrayList.forEach(ArrayList.java:1511) ~[?:?]
	at dev.ftb.mods.ftbquests.quest.BaseQuestFile.forAllChapterGroups(BaseQuestFile.java:1392) ~[ftb-quests-fabric-2001.4.5.jar:?]
	at dev.ftb.mods.ftbquests.quest.BaseQuestFile.forAllChapters(BaseQuestFile.java:1397) ~[ftb-quests-fabric-2001.4.5.jar:?]
	at dev.ftb.mods.ftbquests.quest.BaseQuestFile.forAllQuests(BaseQuestFile.java:1402) ~[ftb-quests-fabric-2001.4.5.jar:?]
	at dev.ftb.mods.ftbquests.quest.ServerQuestFile.lambda$playerLoggedIn$5(ServerQuestFile.java:179) ~[ftb-quests-fabric-2001.4.5.jar:?]
	at dev.ftb.mods.ftbquests.quest.ServerQuestFile.withPlayerContext(ServerQuestFile.java:159) ~[ftb-quests-fabric-2001.4.5.jar:?]
	at dev.ftb.mods.ftbquests.quest.ServerQuestFile.playerLoggedIn(ServerQuestFile.java:179) ~[ftb-quests-fabric-2001.4.5.jar:?]
	at dev.ftb.mods.ftbquests.FTBQuestsEventHandler.playerLoggedIn(FTBQuestsEventHandler.java:104) ~[ftb-quests-fabric-2001.4.5.jar:?]
	at java.lang.invoke.MethodHandle.invokeWithArguments(MethodHandle.java:732) ~[?:?]
	at dev.architectury.event.EventFactory.invokeMethod(EventFactory.java:53) ~[architectury-9.2.14-fabric.jar:?]
	at dev.architectury.event.EventFactory$4.handleInvocation(EventFactory.java:125) ~[architectury-9.2.14-fabric.jar:?]
	at com.google.common.reflect.AbstractInvocationHandler.invoke(AbstractInvocationHandler.java:87) ~[guava-31.1-jre.jar:?]
	at jdk.proxy2.$Proxy202.accept(Unknown Source) ~[?:?]
	at dev.ftb.mods.ftbteams.data.TeamManagerImpl.playerLoggedIn(TeamManagerImpl.java:319) ~[ftb-teams-fabric-2001.3.0.jar:?]
	at dev.ftb.mods.ftbteams.FTBTeams.playerLoggedIn(FTBTeams.java:77) ~[ftb-teams-fabric-2001.3.0.jar:?]
	at java.lang.invoke.MethodHandle.invokeWithArguments(MethodHandle.java:732) ~[?:?]
	at dev.architectury.event.EventFactory.invokeMethod(EventFactory.java:53) ~[architectury-9.2.14-fabric.jar:?]
	at dev.architectury.event.EventFactory$1.handleInvocation(EventFactory.java:62) ~[architectury-9.2.14-fabric.jar:?]
	at com.google.common.reflect.AbstractInvocationHandler.invoke(AbstractInvocationHandler.java:87) ~[guava-31.1-jre.jar:?]
	at jdk.proxy2.$Proxy201.join(Unknown Source) ~[?:?]
	at net.minecraft.class_3324.handler$zjc000$architectury$placeNewPlayer(class_3324.java:2520) ~[server-intermediary.jar:?]
	at net.minecraft.class_3324.method_14570(class_3324.java:307) ~[server-intermediary.jar:?]
	at net.minecraft.class_3248.method_33800(class_3248.java:131) ~[server-intermediary.jar:?]
	at net.minecraft.class_3248.mdcaa83c$polymer-networking$lambda$polymerNet$prePlayHandshakeHackfest$0$0(class_3248.java:549) ~[server-intermediary.jar:?]
	at eu.pb4.polymer.networking.impl.EarlyConnectionMagic.lambda$handle$0(EarlyConnectionMagic.java:32) ~[polymer-networking-0.5.15+1.20.1-dc18d44a422d3193.jar:?]
	at eu.pb4.polymer.networking.api.EarlyPlayNetworkHandler.lambda$onKeepAlive$0(EarlyPlayNetworkHandler.java:108) ~[polymer-networking-0.5.15+1.20.1-dc18d44a422d3193.jar:?]
	at net.minecraft.class_3738.run(class_3738.java:18) ~[server-intermediary.jar:?]
	at net.minecraft.class_1255.method_18859(class_1255.java:156) ~[server-intermediary.jar:?]
	at net.minecraft.class_4093.method_18859(class_4093.java:23) ~[server-intermediary.jar:?]
	at net.minecraft.server.MinecraftServer.method_24306(MinecraftServer.java:782) ~[server-intermediary.jar:?]
	at net.minecraft.server.MinecraftServer.method_18859(MinecraftServer.java:164) ~[server-intermediary.jar:?]
	at net.minecraft.class_1255.method_16075(class_1255.java:130) ~[server-intermediary.jar:?]
	at net.minecraft.server.MinecraftServer.method_20415(MinecraftServer.java:764) ~[server-intermediary.jar:?]
	at net.minecraft.server.MinecraftServer.method_16075(MinecraftServer.java:758) ~[server-intermediary.jar:?]
	at net.minecraft.class_1255.method_18857(class_1255.java:139) ~[server-intermediary.jar:?]
	at net.minecraft.server.MinecraftServer.method_16208(MinecraftServer.java:743) ~[server-intermediary.jar:?]
	at net.minecraft.server.MinecraftServer.method_29741(MinecraftServer.java:675) ~[server-intermediary.jar:?]
	at net.minecraft.server.MinecraftServer.method_29739(MinecraftServer.java:265) ~[server-intermediary.jar:?]
	at java.lang.Thread.run(Thread.java:840) ~[?:?]
[00:33:34] [Server thread/INFO]: Generating Sawmill Recipes
[00:33:34] [Server thread/INFO]: Generated Sawmill recipes in 252 milliseconds
[00:33:34] [Server thread/INFO]: Loaded 37 recipes
[00:33:34] [Server thread/ERROR]: Parsing error loading custom advancement dramaticdoors:recipes/redstone/short_promenade_cherry_oak_door: Unknown item id 'promenade:cherry_oak_door'
[00:33:34] [Server thread/ERROR]: Parsing error loading custom advancement archon:mana_catalyst: Failed to parse 'location' field
[00:33:34] [Server thread/ERROR]: Parsing error loading custom advancement dramaticdoors:recipes/redstone/short_ebony_door: Unknown item id 'phantasm:ebony_door'
[00:33:34] [Server thread/ERROR]: Parsing error loading custom advancement naturescompass:natures_compass: Expected items to be a JsonArray, was "min...ss"
[00:33:34] [Server thread/ERROR]: Parsing error loading custom advancement explorerscompass:explorers_compass: Expected items to be a JsonArray, was "min...ss"
[00:33:34] [Server thread/ERROR]: Parsing error loading custom advancement dramaticdoors:recipes/redstone/tall_promenade_cherry_oak_door: Unknown item id 'promenade:cherry_oak_door'
[00:33:34] [Server thread/ERROR]: Parsing error loading custom advancement dramaticdoors:recipes/redstone/tall_ebony_door: Unknown item id 'phantasm:ebony_door'
[00:33:34] [Server thread/ERROR]: Parsing error loading custom advancement explorerscompass:explorers_compass_cobweb: Expected items to be a JsonArray, was "min...eb"
[00:33:34] [Server thread/ERROR]: Parsing error loading custom advancement explorerscompass:explorers_compass_cracked_stone_bricks: Expected items to be a JsonArray, was "min...ks"
[00:33:34] [Server thread/INFO]: Loaded 7996 advancements
[00:33:34] [Server thread/INFO]: Registered 0 gear_sets.
[00:33:34] [Server thread/INFO]: [STDOUT]: Merging fletcher_rews with fletcher_rews
[00:33:34] [Server thread/INFO]: Trying to load unloaded files from: config/bountiful/bounty_pools
[00:33:34] [Server thread/INFO]: Trying to load unloaded files from: config/bountiful/bounty_decrees
[00:33:34] [Server thread/INFO]: Loaded boss variant for: minecraft:drowned
[00:33:34] [Server thread/INFO]: Loaded boss variant for: minecraft:iron_golem
[00:33:34] [Server thread/INFO]: Loaded boss variant for: minecraft:snow_golem
[00:33:34] [Server thread/INFO]: Loaded boss variant for: minecraft:zombie
[00:33:34] [Server thread/INFO]: Loaded boss variant for: minecraft:skeleton
[00:33:34] [Server thread/INFO]: Loaded boss variant for: minecraft:pillager
[00:33:34] [Server thread/INFO]: Loaded boss variant for: minecraft:vex
[00:33:34] [Server thread/INFO]: Loaded boss variant for: minecraft:evoker
[00:33:34] [Server thread/INFO]: Loaded boss variant for: minecraft:zombie
[00:33:34] [Server thread/INFO]: Loaded boss variant for: minecraft:vindicator
[00:33:34] [Server thread/INFO]: Loaded boss variant for: minecraft:wither_skeleton
[00:33:34] [Server thread/INFO]: Loaded boss variant for: minecraft:wither_skeleton
[00:33:34] [Server thread/INFO]: Loaded boss variant for: minecraft:cave_spider
[00:33:34] [Server thread/INFO]: Loaded boss variant for: minecraft:zombie
[00:33:34] [Server thread/INFO]: Loaded boss variant for: minecraft:husk
[00:33:34] [Server thread/INFO]: Loaded boss variant for: minecraft:evoker
[00:33:34] [Server thread/INFO]: Loaded boss variant for: minecraft:wandering_trader
[00:33:34] [Server thread/INFO]: Loaded boss variant for: minecraft:guardian
[00:33:34] [Server thread/INFO]: Loaded boss variant for: minecraft:vindicator
[00:33:34] [Server thread/INFO]: Loaded boss variant for: minecraft:shulker
[00:33:34] [Server thread/INFO]: Loaded boss variant for: minecraft:zoglin
[00:33:34] [Server thread/INFO]: Loaded boss variant for: minecraft:chicken
[00:33:34] [Server thread/INFO]: Loaded boss variant for: minecraft:blaze
[00:33:34] [Server thread/INFO]: Loaded boss variant for: minecraft:witch
[00:33:34] [Server thread/INFO]: Loaded boss variant for: minecraft:phantom
[00:33:34] [Server thread/INFO]: Loaded boss variant for: minecraft:mooshroom
[00:33:34] [Server thread/INFO]: Loaded boss variant for: minecraft:rabbit
[00:33:34] [Server thread/INFO]: Loaded boss variant for: minecraft:piglin_brute
[00:33:34] [Server thread/INFO]: Loaded boss variant for: minecraft:ghast
[00:33:34] [Server thread/INFO]: Loaded boss variant for: minecraft:stray
[00:33:34] [Server thread/ERROR]: There was a problem parsing the resource condition(s) of power file medievalorigins:wood_elf/empowered_shot (skipping): Missing namespaces, expected to find a JsonArray
[00:33:34] [Server thread/ERROR]: There was a problem reading power file medievalorigins:wood_elf/empowered_shot (skipping): Cannot invoke "io.github.apace100.apoli.power.PowerType.create(net.minecraft.class_1309)" because "powerType" is null
[00:33:34] [Server thread/ERROR]: There was a problem reading power file medievalorigins:high_elf/castfreely_test (skipping): Power type "medievalorigins:cast_freely" is not defined.
[00:33:34] [Server thread/ERROR]: There was a problem reading power file origins:swim_speed (skipping): Error reading data field at modifier.attribute: Identifier "additionalentityattributes:water_speed" was not registered in registry "minecraft:attribute".
[00:33:34] [Server thread/ERROR]: There was a problem reading power file rpg_origins:stealthy_invis (skipping): Error reading data field at effect: Error reading status effect: could not find status effect with id: minecraft:invisiblity
[00:33:34] [Server thread/ERROR]: There was a problem parsing the resource condition(s) of power file medievalorigins:moon_elf/combatroll (skipping): Missing condition, expected to find a string
[00:33:34] [Server thread/INFO]: Finished loading powers from data files. Registry contains 874 powers.
[00:33:34] [Server thread/ERROR]: Origin "medievalorigins:gorgon" contained unregistered power: "origins_env_deh:thirst_resistance"
[00:33:34] [Server thread/ERROR]: Origin "rpg_origins:brute" contained unregistered power: "rpg_origins:strong_arms_break_speed"
[00:33:34] [Server thread/ERROR]: Origin "rpg_origins:bard" contained unregistered power: "rpg_origins:charismatic_switch_effect"
[00:33:34] [Server thread/ERROR]: Origin "rpg_origins:bard" contained unregistered power: "rpg_origins:charismatic_hunger"
[00:33:34] [Server thread/ERROR]: Origin "medievalorigins:siren" contained unregistered power: "origins_env_deh:water_dweller"
[00:33:34] [Server thread/ERROR]: Origin "medievalorigins:siren" contained unregistered power: "origins_env_deh:cold_resistance"
[00:33:34] [Server thread/ERROR]: Origin "medievalorigins:siren" contained unregistered power: "thermoo-patches:cold_immune"
[00:33:34] [Server thread/ERROR]: Origin "medievalorigins:incubus" contained unregistered power: "origins_env_deh:heat_resistance"
[00:33:34] [Server thread/ERROR]: Origin "medievalorigins:incubus" contained unregistered power: "thermoo-patches:heat_immune"
[00:33:34] [Server thread/ERROR]: Origin "medievalorigins:incubus" contained unregistered power: "thermoo-patches:cold_vulnerability"
[00:33:34] [Server thread/ERROR]: Origin "medievalorigins:troll" contained unregistered power: "origins_env_deh:cold_resistance"
[00:33:34] [Server thread/ERROR]: Origin "medievalorigins:troll" contained unregistered power: "thermoo-patches:cold_immune"
[00:33:34] [Server thread/ERROR]: Origin "medievalorigins:troll" contained unregistered power: "thermoo-patches:heat_vulnerability"
[00:33:34] [Server thread/ERROR]: Origin "medievalorigins:wood_elf" contained unregistered power: "medievalorigins:wood_elf/empowered_shot"
[00:33:34] [Server thread/ERROR]: Origin "medievalorigins:yeti" contained unregistered power: "origins_env_deh:cold_resistance"
[00:33:34] [Server thread/ERROR]: Origin "medievalorigins:yeti" contained unregistered power: "thermoo-patches:cold_immune"
[00:33:34] [Server thread/ERROR]: Origin "medievalorigins:yeti" contained unregistered power: "thermoo-patches:heat_vulnerability"
[00:33:34] [Server thread/ERROR]: Origin "origins:merling" contained unregistered power: "origins:swim_speed"
[00:33:34] [Server thread/ERROR]: Origin "origins:merling" contained unregistered power: "origins:swim_speed"
[00:33:34] [Server thread/INFO]: Finished loading origins from data files. Registry contains 76 origins.
[00:33:34] [Server thread/INFO]: Trying to read layer file: origins:gnome
[00:33:34] [Server thread/INFO]: Trying to read layer file: origins:elf
[00:33:34] [Server thread/INFO]: Trying to read layer file: origins:skills/skilled_feat_3
[00:33:34] [Server thread/INFO]: Trying to read layer file: origins:skills/skilled_feat_2
[00:33:34] [Server thread/INFO]: Trying to read layer file: origins:origin
[00:33:34] [Server thread/INFO]: Trying to read layer file: origins:origin
[00:33:34] [Server thread/INFO]: Trying to read layer file: origins:origin
[00:33:34] [Server thread/INFO]: Trying to read layer file: origins:origin
[00:33:34] [Server thread/INFO]: Trying to read layer file: origins:skills/skilled_feat_1
[00:34:21] [spark-async-sampler-worker-thread/WARN]: Timed out waiting for world statistics
[00:34:00] [Server Watchdog/ERROR]: A single server tick took 120.00 seconds (should be max 0.05)
[00:33:34] [Server thread/INFO]: Trying to read layer file: medievalorigins:magic_subclasses
[00:34:34] [Server thread/INFO]: Trying to read layer file: origins:skills/skills
[00:34:34] [Server Watchdog/ERROR]: Considering it to be crashed, server will forcibly shutdown.
[00:34:34] [Server thread/INFO]: Trying to read layer file: origins:halfling
[00:34:34] [Server thread/INFO]: Trying to read layer file: origins:dragonborn
[00:34:34] [Server thread/INFO]: Trying to read layer file: origins:skills/half-elf_skills
[00:34:34] [Server thread/INFO]: Trying to read layer file: origins:cantrips/cantrips
[00:34:34] [Server thread/INFO]: Trying to read layer file: origins:feats/variant_human_feats
[00:34:34] [Server thread/INFO]: Trying to read layer file: origins:dwarf
[00:34:34] [Server thread/INFO]: Finished loading origin layers from data files. Read 14 layers.
[00:34:34] [Server thread/INFO]: Loaded 0 item attribute modifiers
[00:34:34] [Server thread/INFO]: [STDOUT]: reading set: gear_core:gear_core_sets/armor/darkknight.json
[00:34:34] [Server thread/INFO]: [STDOUT]: reading set: gear_core:gear_core_sets/armor/plenty_of_armor/emerald_set.json
[00:34:34] [Server thread/INFO]: [STDOUT]: reading set: gear_core:gear_core_sets/armor/plenty_of_armor/ender_set.json
[00:34:34] [Server thread/INFO]: [STDOUT]: reading set: gear_core:gear_core_sets/armor/plenty_of_armor/endernetherite_set.json
[00:34:34] [Server thread/INFO]: [STDOUT]: reading set: gear_core:gear_core_sets/armor/plenty_of_armor/frozen_set.json
[00:34:34] [Server thread/INFO]: [STDOUT]: reading set: gear_core:gear_core_sets/armor/plenty_of_armor/phantom.json
[00:34:34] [Server thread/INFO]: [STDOUT]: reading set: gear_core:gear_core_sets/armor/soulslikeweaponry/chaosset.json
[00:34:34] [Server thread/INFO]: [STDOUT]: reading set: gear_core:gear_core_sets/weapon/dualwield/basicweapons/daggers/normal_daggers.json
[00:34:34] [Server thread/INFO]: [STDOUT]: reading set: gear_core:gear_core_sets/weapon/dualwield/mcdw/mcdw_daggers/normal_daggers.json
[00:34:34] [Server thread/INFO]: [STDOUT]: reading set: gear_core:gear_core_sets/weapon/dualwield/mcdw/mcdw_daggers/thebeginend.json
[00:34:34] [Server thread/INFO]: [STDOUT]: reading set: gear_core:gear_core_sets/weapon/dualwield/mcdw/mcdw_fists/gauntlets.json
[00:34:34] [Server thread/INFO]: [STDOUT]: reading set: gear_core:gear_core_sets/weapon/dualwield/simplyswords/dw_emberlash.json
[00:34:34] [Server thread/INFO]: [STDOUT]: reading set: gear_core:gear_core_sets/weapon/dualwield/simplyswords/dw_tempest.json
[00:34:34] [Server thread/INFO]: [STDOUT]: reading set: gear_core:gear_core_sets/weapon/soulsweapon/frostmourne.json
[00:34:34] [Server thread/INFO]: [STDOUT]: reading set: gear_core:gear_core_sets/weapon/soulsweapon/nightfall.json
[00:34:34] [Server thread/INFO]: [STDOUT]: reading set: gear_core:gear_core_sets/weapon/soulsweapon/scythe.json
[00:34:34] [Server thread/INFO]: Parsing loot modifiers for:lootintegrations:dungeonloot_nether with loottable: lootintegrations:chests/nether
[00:34:34] [Server thread/INFO]: Parsing loot modifiers for:lootintegrations:dungeonloot_hard with loottable: lootintegrations:chests/hard
[00:34:34] [Server thread/INFO]: Parsing loot modifiers for:lootintegrations:dungeonloot_water with loottable: lootintegrations:chests/water
[00:34:34] [Server thread/INFO]: Parsing loot modifiers for:lootintegrations:dungeonloot_medium with loottable: lootintegrations:chests/medium
[00:34:34] [Server thread/INFO]: Parsing loot modifiers for:lootintegrations:villageloot_house with loottable: lootintegrations:chests/village
[00:34:34] [Server thread/INFO]: Parsing loot modifiers for:lootintegrations:dungeonloot_easy with loottable: lootintegrations:chests/easy
[00:34:34] [Server thread/INFO]: Parsing loot modifiers for:lootintegrations:dungeonloot_no_overflow with loottable: minecraft:chests/simple_dungeon
[00:34:34] [Server thread/INFO]: Reloading Spawner Rune data...
[00:34:34] [Server thread/WARN]: Invalid path in datapack: repurposed_structures:rs_pieces_spawn_counts_additions/village_mountains copy.json, ignoring
[00:34:34] [Server thread/INFO]: [REI] ----------------------------------------
[00:34:34] [Server thread/INFO]: [REI] REIPlugin starting main-reload for START.
[00:34:34] [Server thread/INFO]: [REI] Plugins (4):
[00:34:34] [Server thread/INFO]: [REI]  - (-100.00) DefaultPlugin of DefaultPlugin [roughlyenoughitems]
[00:34:34] [Server thread/INFO]: [REI]  - (0.00) FabricFluidAPISupportPlugin
[00:34:34] [Server thread/INFO]: [REI]  - (0.00) DefaultRuntimePlugin of DefaultRuntimePlugin [roughlyenoughitems]
[00:34:34] [Server thread/INFO]: [REI]  - (0.00) AlloyForgeryCommonPlugin of AlloyForgeryCommonPlugin [alloy_forgery]
[00:34:34] [Server thread/INFO]: [REI] ----------------------------------------
[00:34:34] [Server thread/INFO]: [REI] %%%%%%%%%%%%%%%%%%%%%%%%%%%%%%%%%%%%%%%%
[00:34:34] [Server thread/INFO]: [REI] REIServerPlugin starting main-reload for START.
[00:34:34] [Server thread/INFO]: [REI] Plugins (4):
[00:34:34] [Server thread/INFO]: [REI]  - (-100.00) DefaultPlugin of DefaultPlugin [roughlyenoughitems]
[00:34:34] [Server thread/INFO]: [REI]  - (0.00) FabricFluidAPISupportPlugin
[00:34:34] [Server thread/INFO]: [REI]  - (0.00) DefaultRuntimePlugin of DefaultRuntimePlugin [roughlyenoughitems]
[00:34:34] [Server thread/INFO]: [REI]  - (0.00) AlloyForgeryCommonPlugin of AlloyForgeryCommonPlugin [alloy_forgery]
[00:34:34] [Server thread/INFO]: [REI] %%%%%%%%%%%%%%%%%%%%%%%%%%%%%%%%%%%%%%%%
[00:34:34] [Server thread/INFO]: [REI] REIPlugin finished post-reload for START in 2.158 ms, totaling 21.23 ms.
[00:34:34] [Server thread/INFO]: [REI] REIServerPlugin finished post-reload for START in 1.730 ms, totaling 7.389 ms.
[00:34:34] [Server thread/INFO]: [REI] OOOOOOOOOOOOOOOOOOOOOOOOOOOOOOOOOOOOOOOO
[00:34:34] [Server thread/INFO]: [REI] REIPlugin starting main-reload for END.
[00:34:35] [Server thread/INFO]: [REI] Plugins (4):
[00:34:35] [Server thread/INFO]: [REI]  - (-100.00) DefaultPlugin of DefaultPlugin [roughlyenoughitems]
[00:34:35] [Server thread/INFO]: [REI]  - (0.00) FabricFluidAPISupportPlugin
[00:34:35] [Server thread/INFO]: [REI]  - (0.00) DefaultRuntimePlugin of DefaultRuntimePlugin [roughlyenoughitems]
[00:34:35] [Server thread/INFO]: [REI]  - (0.00) AlloyForgeryCommonPlugin of AlloyForgeryCommonPlugin [alloy_forgery]
[00:34:35] [Server thread/INFO]: [REI] OOOOOOOOOOOOOOOOOOOOOOOOOOOOOOOOOOOOOOOO
[00:34:35] [Server thread/INFO]: [REI] ========================================
[00:34:35] [Server thread/INFO]: [REI] REIServerPlugin starting main-reload for END.
[00:34:35] [Server thread/INFO]: [REI] Plugins (4):
[00:34:35] [Server thread/INFO]: [REI]  - (-100.00) DefaultPlugin of DefaultPlugin [roughlyenoughitems]
[00:34:35] [Server thread/INFO]: [REI]  - (0.00) FabricFluidAPISupportPlugin
[00:34:35] [Server thread/INFO]: [REI]  - (0.00) DefaultRuntimePlugin of DefaultRuntimePlugin [roughlyenoughitems]
[00:34:35] [Server thread/INFO]: [REI]  - (0.00) AlloyForgeryCommonPlugin of AlloyForgeryCommonPlugin [alloy_forgery]
[00:34:35] [Server thread/INFO]: [REI] ========================================
[00:34:35] [Server thread/INFO]: [REI] REIPlugin finished post-reload for END in 888.1 μs, totaling 13.20 ms.
[00:34:35] [Server thread/INFO]: [REI] REIServerPlugin finished post-reload for END in 452.9 μs, totaling 9.698 ms.
[00:34:35] [ForkJoinPool.commonPool-worker-5/INFO]: Loaded 118 translation keys
[00:34:35] [Server thread/INFO]: Loaded 3 global temperature effects
[00:34:35] [Server thread/INFO]: Loaded 12 type specific temperature effects
[00:34:35] [Server thread/INFO]: Loaded 296 recipes
[00:34:35] [Server thread/INFO]: Resource tiered:reforge_items/archerreforges1.json was not loaded cause archers:netherite_rapid_shortbow is not a valid item identifier
[00:34:35] [Server thread/INFO]: Resource tiered:reforge_items/archerreforges1.json was not loaded cause archers:netherite_heavy_shortbow is not a valid item identifier
[00:34:35] [Server thread/INFO]: Resource tiered:reforge_items/crossbow.json was not loaded cause archers:mechanical_shortbow is not a valid item identifier
[00:34:35] [Server thread/INFO]: Deserializing default trades of profession: villagersplus:alchemist
[00:34:35] [Server thread/INFO]: Deserializing default trades of profession: villagersplus:horticulturist
[00:34:35] [Server thread/INFO]: Deserializing default trades of profession: villagersplus:occultist
[00:34:35] [Server thread/INFO]: Deserializing default trades of profession: villagersplus:oceanographer
[00:34:35] [Server thread/INFO]: Reloading grave shape (server)
[00:34:35] [Server thread/INFO]: Grave model and shape reload successful (server)
[00:34:35] [Server thread/INFO]: Reloading YIGD graveyard data (server)
[00:34:35] [Server thread/INFO]: Graveyard data successfully reloaded (server)
[00:34:35] [Server thread/INFO]: Reloading YIGD grave area overrides (server)
[00:34:35] [Server thread/INFO]: Grave area overrides successfully reloaded (server)
[00:34:35] [Server thread/INFO]: Loaded 1 global power sets.
[00:34:35] [Server Watchdog/ERROR]: This crash report has been saved to: /workspaces/literate-octo-meme/servidor_minecraft/./crash-reports/crash-2026-07-26_00.34.35-server.txt
