[23:58:48] [main/INFO] ========================================
[23:58:48] [main/INFO] Minecraft: 1.20.1
[23:58:48] [main/INFO] Side: server
[23:58:48] [main/INFO] Development: false
[23:58:48] [main/INFO] Version: 12.1.725
[23:58:48] [main/INFO] Loader:
[23:58:48] [main/INFO] - Fabric: 0.18.2
[23:58:48] [main/INFO] - Fabric API: 0.92.1+1.20.1
[23:58:48] [main/INFO] Dependencies:
[23:58:48] [main/INFO] - Cloth Config: 11.1.118
[23:58:48] [main/INFO] - Architectury: 9.2.14
[23:58:48] [main/INFO] Mixin: 0.8.7
[23:58:48] [main/INFO] OS: Linux 6.8.0-1052-azure (amd64)
[23:58:48] [main/INFO] Java: 17.0.19 (Ubuntu)
[23:58:48] [main/INFO] ========================================
[23:58:48] [main/INFO] Mods:
[23:58:48] [main/INFO] - additional_rpg_jewelry: 1.0.2
[23:58:48] [main/INFO] - additionalentityattributes: 1.7.3+1.20.0
[23:58:48] [main/INFO] - additionalstructures: 4.2.1
[23:58:48] [main/INFO] - advanced_runtime_resource_pack: 0.8.1
[23:58:48] [main/INFO] - adventurez: 1.4.20
[23:58:48] [main/INFO] - alloy_forgery: 2.1.2+1.20
[23:58:48] [main/INFO] - amethyst_core: 1.4.10+1.20.1
[23:58:48] [main/INFO] - amplified_nether: 1.2.5
[23:58:48] [main/INFO] - animal_feeding_trough: 1.1.0+1.20.1
[23:58:48] [main/INFO] - apoli: 2.9.0
[23:58:48] [main/INFO] - apugli: 2.10.1+1.20.1-fabric
[23:58:48] [main/INFO] - aquamirae: 6
[23:58:48] [main/INFO] - archers: 1.2.1+1.20.1
[23:58:48] [main/INFO] - architectury: 9.2.14
[23:58:48] [main/INFO] - archon: 0.6.2
[23:58:48] [main/INFO] - areas: 5.6
[23:58:48] [main/INFO] - artifacts: 9.5.6
[23:58:48] [main/INFO] - artifality: 0.6.0+1.20
[23:58:48] [main/INFO] - ati_structures: 1.0.0
[23:58:48] [main/INFO] - attributefix: 21.0.4
[23:58:48] [main/INFO] - autotag: 2.0.2+1.20
[23:58:48] [main/INFO] - autotag-convention: 2.0.2+1.20
[23:58:48] [main/INFO] - awesomedungeon: 3.2.0
[23:58:48] [main/INFO] - awesomedungeonnether: 3.1.1
[23:58:48] [main/INFO] - azurelib: 2.0.22
[23:58:48] [main/INFO] - azurelibarmor: 2.0.3
[23:58:48] [main/INFO] - bakery: 1.1.10
[23:58:48] [main/INFO] - balm-fabric: 7.2.2
[23:58:48] [main/INFO] - bcc: 4.0.8
[23:58:48] [main/INFO] - bclib: 3.0.14
[23:58:48] [main/INFO] - berserker-rpg: 1.0.5
[23:58:48] [main/INFO] - besmirchment: 1.20.1-4
[23:58:48] [main/INFO] - betterarcheology: 1.1.9-1.20.1
[23:58:48] [main/INFO] - bettercombat: 1.8.5+1.20.1
[23:58:48] [main/INFO] - betterdeserttemples: 1.20-Fabric-3.0.3
[23:58:48] [main/INFO] - betterdungeons: 1.20-Fabric-4.0.4
[23:58:48] [main/INFO] - betterend: 4.0.11
[23:58:48] [main/INFO] - betterfortresses: 1.20-Fabric-2.0.6
[23:58:48] [main/INFO] - betterjungletemples: 1.20-Fabric-2.0.5
[23:58:48] [main/INFO] - bettermineshafts: 1.20-Fabric-4.0.4
[23:58:48] [main/INFO] - betternether: 9.0.10
[23:58:48] [main/INFO] - betteroceanmonuments: 1.20-Fabric-3.0.4
[23:58:48] [main/INFO] - betterstats: 3.9.7+fabric-1.20.1
[23:58:48] [main/INFO] - betterstrongholds: 1.20-Fabric-4.0.3
[23:58:48] [main/INFO] - betterwitchhuts: 1.20-Fabric-3.0.3
[23:58:48] [main/INFO] - bewitchment: 1.20-8
[23:58:48] [main/INFO] - biolith: 1.0.0-alpha.8
[23:58:48] [main/INFO] - blabber: 1.5.1-mc1.20.1
[23:58:48] [main/INFO] - blahaj: 0.3.2
[23:58:48] [main/INFO] - blossom: 1.0.7
[23:58:48] [main/INFO] - blue_endless_jankson: 1.2.3
[23:58:48] [main/INFO] - bno: 9.1.1
[23:58:48] [main/INFO] - bookshelf: 20.1.10
[23:58:48] [main/INFO] - bosses_of_mass_destruction: 1.7.5-1.20.1
[23:58:48] [main/INFO] - bountiful: 6.0.3+1.20.1
[23:58:48] [main/INFO] - brutalbosses: 1.20.1-6.9
[23:58:48] [main/INFO] - bwncr: 3.17.0
[23:58:48] [main/INFO] - bygonenether: 1.3.2
[23:58:48] [main/INFO] - bypass_anvil_restriction: 1.0.7+1.20.1
[23:58:48] [main/INFO] - calio: 1.11.0
[23:58:48] [main/INFO] - cardinal-components: 5.2.2
[23:58:48] [main/INFO] - cardinal-components-base: 5.2.2
[23:58:48] [main/INFO] - cardinal-components-block: 5.2.2
[23:58:48] [main/INFO] - cardinal-components-chunk: 5.2.2
[23:58:48] [main/INFO] - cardinal-components-entity: 5.2.2
[23:58:48] [main/INFO] - cardinal-components-item: 5.2.2
[23:58:48] [main/INFO] - cardinal-components-level: 5.2.2
[23:58:48] [main/INFO] - cardinal-components-scoreboard: 5.2.2
[23:58:48] [main/INFO] - cardinal-components-world: 5.2.2
[23:58:48] [main/INFO] - castle_dungeons: 4.0.0
[23:58:48] [main/INFO] - ch_skyfy_tomlconfiglib_toml-config-lib: 1.0.4
[23:58:48] [main/INFO] - chas: 1.20
[23:58:48] [main/INFO] - chimes: 2.0.1
[23:58:48] [main/INFO] - chunky: 1.3.146
[23:58:48] [main/INFO] - cicada: 0.7.1+1.20.1
[23:58:48] [main/INFO] - cloth-basic-math: 0.6.1
[23:58:48] [main/INFO] - cloth-config: 11.1.118
[23:58:48] [main/INFO] - cloth-config: 11.1.118
[23:58:48] [main/INFO] - clumps: 12.0.0.4
[23:58:48] [main/INFO] - clutter: 1.20-0.5.8
[23:58:48] [main/INFO] - collective: 7.60
[23:58:48] [main/INFO] - com_electronwill_night-config_core: 3.6.7
[23:58:48] [main/INFO] - com_electronwill_night-config_toml: 3.6.7
[23:58:48] [main/INFO] - com_eliotlash_mclib_mclib: 20
[23:58:48] [main/INFO] - com_fasterxml_jackson_core_jackson-annotations: 2.17.0
[23:58:48] [main/INFO] - com_fasterxml_jackson_core_jackson-core: 2.17.0
[23:58:48] [main/INFO] - com_fasterxml_jackson_core_jackson-databind: 2.17.0
[23:58:48] [main/INFO] - com_github_zsoltmolnarrr_tinyconfig: 2.3.2
[23:58:48] [main/INFO] - com_teamresourceful_bytecodecs: 1.0.2
[23:58:48] [main/INFO] - com_teamresourceful_yabn: 1.0.3
[23:58:48] [main/INFO] - com_twelvemonkeys_common_common-image: 3.10.0
[23:58:48] [main/INFO] - com_twelvemonkeys_common_common-io: 3.10.0
[23:58:48] [main/INFO] - com_twelvemonkeys_common_common-lang: 3.10.0
[23:58:48] [main/INFO] - com_twelvemonkeys_imageio_imageio-core: 3.10.0
[23:58:48] [main/INFO] - com_twelvemonkeys_imageio_imageio-metadata: 3.10.0
[23:58:48] [main/INFO] - com_twelvemonkeys_imageio_imageio-webp: 3.10.0
[23:58:48] [main/INFO] - combatroll: 1.3.2+1.20.1
[23:58:48] [main/INFO] - comforts: 6.3.5+1.20.1
[23:58:48] [main/INFO] - common-economy-api: 1.1.1
[23:58:48] [main/INFO] - common-protection-api: 1.0.0
[23:58:48] [main/INFO] - commonnetworking: 1.0.3-1.20.1
[23:58:48] [main/INFO] - completeconfig-base: 2.5.2
[23:58:48] [main/INFO] - cooldown-coordinator: 0.6.3
[23:58:48] [main/INFO] - corgilib: 4.0.1.1
[23:58:48] [main/INFO] - coroutil: 1.20.1-1.3.7
[23:58:48] [main/INFO] - creativecore: 2.11.28
[23:58:48] [main/INFO] - cristellib: 1.1.5
[23:58:48] [main/INFO] - cthulib: 1.0.2
[23:58:48] [main/INFO] - ctov: 3.4.3
[23:58:48] [main/INFO] - cupboard: 1.20.1-2.6
[23:58:48] [main/INFO] - customportalapi: 0.0.1-beta64-1.20
[23:58:48] [main/INFO] - davespotioneering: 10
[23:58:48] [main/INFO] - dawn: 5.0.0
[23:58:48] [main/INFO] - decorative_blocks: 4.0.3
[23:58:48] [main/INFO] - deeperdarker: 1.2.6
[23:58:48] [main/INFO] - digs_dnd_origins: 1.20.1-0.0.11
[23:58:48] [main/INFO] - dimensional_traders: 1.1.1
[23:58:48] [main/INFO] - disenchanter: 0.1.8+1.20
[23:58:48] [main/INFO] - doapi: 1.2.12
[23:58:48] [main/INFO] - dramaticdoors: 1.20.1-3.2.2
[23:58:48] [main/INFO] - druids: 0.9.7.0
[23:58:48] [main/INFO] - dummmmmmy: 1.20-1.8.17b
[23:58:48] [main/INFO] - dungeonnowloading: 1.5
[23:58:48] [main/INFO] - dungeons_arise_seven_seas: 1.0.2
[23:58:48] [main/INFO] - dungeonz: 1.0.5
[23:58:48] [main/INFO] - easymagic: 8.0.1
[23:58:48] [main/INFO] - eldritch_mobs: 1.15.1
[23:58:48] [main/INFO] - elemental_wizards_rpg: 1.1.1
[23:58:48] [main/INFO] - ender_dragon_egg_respawn: 2.0.0
[23:58:48] [main/INFO] - endermanoverhaul: 1.0.4
[23:58:48] [main/INFO] - endrem: 5.2.4
[23:58:48] [main/INFO] - epicknightsnmages: 0.0.2
[23:58:48] [main/INFO] - error_notifier: 1.0.9
[23:58:48] [main/INFO] - expandability: 9.0.4
[23:58:48] [main/INFO] - explorations: 1.20.1-1.5.2
[23:58:48] [main/INFO] - explorerscompass: 1.20.1-2.2.3-fabric
[23:58:48] [main/INFO] - explorify: v1.4.0
[23:58:48] [main/INFO] - extensibleenums: 7.0.1
[23:58:48] [main/INFO] - extraspellattributes: 1.2.2
[23:58:48] [main/INFO] - fabric-api: 0.92.1+1.20.1
[23:58:48] [main/INFO] - fabric-api: 0.92.1+1.20.1
[23:58:48] [main/INFO] - fabric-api-base: 0.4.31+1802ada577
[23:58:48] [main/INFO] - fabric-api-lookup-api-v1: 1.6.36+1802ada577
[23:58:48] [main/INFO] - fabric-biome-api-v1: 13.0.13+1802ada577
[23:58:48] [main/INFO] - fabric-block-api-v1: 1.0.11+1802ada577
[23:58:48] [main/INFO] - fabric-block-view-api-v2: 1.0.1+1802ada577
[23:58:48] [main/INFO] - fabric-command-api-v1: 1.2.34+f71b366f77
[23:58:48] [main/INFO] - fabric-command-api-v2: 2.2.13+1802ada577
[23:58:48] [main/INFO] - fabric-commands-v0: 0.2.51+df3654b377
[23:58:48] [main/INFO] - fabric-containers-v0: 0.1.64+df3654b377
[23:58:48] [main/INFO] - fabric-content-registries-v0: 4.0.11+1802ada577
[23:58:48] [main/INFO] - fabric-convention-tags-v1: 1.5.5+1802ada577
[23:58:48] [main/INFO] - fabric-crash-report-info-v1: 0.2.19+1802ada577
[23:58:48] [main/INFO] - fabric-data-attachment-api-v1: 1.0.0+de0fd6d177
[23:58:48] [main/INFO] - fabric-data-generation-api-v1: 12.3.4+1802ada577
[23:58:48] [main/INFO] - fabric-dimensions-v1: 2.1.54+1802ada577
[23:58:48] [main/INFO] - fabric-entity-events-v1: 1.6.0+1c78457f77
[23:58:48] [main/INFO] - fabric-events-interaction-v0: 0.6.2+1802ada577
[23:58:48] [main/INFO] - fabric-events-lifecycle-v0: 0.2.63+df3654b377
[23:58:48] [main/INFO] - fabric-game-rule-api-v1: 1.0.40+1802ada577
[23:58:48] [main/INFO] - fabric-item-api-v1: 2.1.28+1802ada577
[23:58:48] [main/INFO] - fabric-item-group-api-v1: 4.0.12+1802ada577
[23:58:48] [main/INFO] - fabric-language-kotlin: 1.11.0+kotlin.2.0.0
[23:58:48] [main/INFO] - fabric-lifecycle-events-v1: 2.2.22+1802ada577
[23:58:48] [main/INFO] - fabric-loot-api-v2: 1.2.1+1802ada577
[23:58:48] [main/INFO] - fabric-loot-tables-v1: 1.1.45+9e7660c677
[23:58:48] [main/INFO] - fabric-message-api-v1: 5.1.9+1802ada577
[23:58:48] [main/INFO] - fabric-mining-level-api-v1: 2.1.50+1802ada577
[23:58:48] [main/INFO] - fabric-networking-api-v1: 1.3.11+1802ada577
[23:58:48] [main/INFO] - fabric-networking-v0: 0.3.51+df3654b377
[23:58:48] [main/INFO] - fabric-object-builder-api-v1: 11.1.3+1802ada577
[23:58:48] [main/INFO] - fabric-particles-v1: 1.1.2+1802ada577
[23:58:48] [main/INFO] - fabric-permissions-api-v0: 0.2-SNAPSHOT
[23:58:48] [main/INFO] - fabric-recipe-api-v1: 1.0.21+1802ada577
[23:58:48] [main/INFO] - fabric-registry-sync-v0: 2.3.3+1802ada577
[23:58:48] [main/INFO] - fabric-rendering-data-attachment-v1: 0.3.37+92a0d36777
[23:58:48] [main/INFO] - fabric-rendering-fluids-v1: 3.0.28+1802ada577
[23:58:48] [main/INFO] - fabric-resource-conditions-api-v1: 2.3.8+1802ada577
[23:58:48] [main/INFO] - fabric-resource-loader-v0: 0.11.10+1802ada577
[23:58:48] [main/INFO] - fabric-screen-handler-api-v1: 1.3.30+1802ada577
[23:58:48] [main/INFO] - fabric-transfer-api-v1: 3.3.5+8dd72ea377
[23:58:48] [main/INFO] - fabric-transitive-access-wideners-v1: 4.3.1+1802ada577
[23:58:48] [main/INFO] - fabricloader: 0.18.2
[23:58:48] [main/INFO] - fakerlib: 0.1.3
[23:58:48] [main/INFO] - farmersdelight: 1.20.1-1.4.3
[23:58:48] [main/INFO] - farsight: 1.20.1-4.2
[23:58:48] [main/INFO] - faux-custom-entity-data: 6.0.1
[23:58:48] [main/INFO] - ferritecore: 6.0.1
[23:58:48] [main/INFO] - fiber: 0.23.0-2
[23:58:48] [main/INFO] - forcemaster-rpg: 1.0.5
[23:58:48] [main/INFO] - forgeconfigapiport: 8.0.0
[23:58:48] [main/INFO] - formations: 1.0.2
[23:58:48] [main/INFO] - formationsnether: 1.0.4
[23:58:48] [main/INFO] - formationsoverworld: 1.0.3
[23:58:48] [main/INFO] - framework: 0.6.16
[23:58:48] [main/INFO] - friendsandfoes: 2.0.10
[23:58:48] [main/INFO] - frostiful: 1.0.9
[23:58:48] [main/INFO] - ftbchunks: 2001.3.1
[23:58:48] [main/INFO] - ftblibrary: 2001.2.2
[23:58:48] [main/INFO] - ftbquests: 2001.4.5
[23:58:48] [main/INFO] - ftbranks: 2001.1.3
[23:58:48] [main/INFO] - ftbteams: 2001.3.0
[23:58:48] [main/INFO] - ftbxmodcompat: 2.1.1
[23:58:48] [main/INFO] - fwaystones: 3.3.2+mc1.20.1
[23:58:48] [main/INFO] - fzzy_config: 0.1.2+1.20.1
[23:58:48] [main/INFO] - fzzy_core: 0.5.0+1.20.1
[23:58:48] [main/INFO] - galosphere: 1.20.1-1.4.1
[23:58:48] [main/INFO] - gazebo: 1.1.1+1.20.1
[23:58:48] [main/INFO] - gear_core: 0.3.8+1.20.1
[23:58:48] [main/INFO] - geckolib: 4.4.4
[23:58:48] [main/INFO] - genshinstrument: 3.4.1
[23:58:48] [main/INFO] - gimm1q: 0.5.3
[23:58:48] [main/INFO] - glasses: Fabric-1.20.1-1.2.5
[23:58:48] [main/INFO] - globalxp: 1.11
[23:58:48] [main/INFO] - goblintraders: 1.9.3
[23:58:48] [main/INFO] - graveyard: 3.0
[23:58:48] [main/INFO] - guardiansgalore: 1.20.1-3.1
[23:58:48] [main/INFO] - guardvillagers: 2.0.9-1.20.1
[23:58:48] [main/INFO] - handcrafted: 3.0.6
[23:58:48] [main/INFO] - harvest_scythes: 2.5.6+mc1.20
[23:58:48] [main/INFO] - healpgood: 1.3.2
[23:58:48] [main/INFO] - hopobetterruinedportal: 1.3.7
[23:58:48] [main/INFO] - hybrid-aquatic: 1.3.2
[23:58:48] [main/INFO] - icarus: 2.7.1
[23:58:48] [main/INFO] - iceberg: 1.1.18
[23:58:48] [main/INFO] - illagerinvasion: 8.0.5
[23:58:48] [main/INFO] - immersive_armors: 1.6.1+1.20.1
[23:58:48] [main/INFO] - immersive_melodies: 0.1.2+1.20.1
[23:58:48] [main/INFO] - impersonate: 2.10.2
[23:58:48] [main/INFO] - inmis: 2.7.2-1.20.1
[23:58:48] [main/INFO] - inmisaddon: 1.0.4
[23:58:48] [main/INFO] - inventorysorter: 1.9.0-1.20
[23:58:48] [main/INFO] - invoke: 0.2.3
[23:58:48] [main/INFO] - io_github_microutils_kotlin-logging-jvm: 3.0.5
[23:58:48] [main/INFO] - item_obliterator: 2.2.0
[23:58:48] [main/INFO] - itemfilters: 2001.1.0-build.59
[23:58:48] [main/INFO] - jade: 11.8.0
[23:58:48] [main/INFO] - jankson: 6.0.0+j1.2.3
[23:58:48] [main/INFO] - java: 17
[23:58:48] [main/INFO] - jewelry: 1.3.0+1.20.1
[23:58:48] [main/INFO] - kambrik: 6.1.1+1.20.1
[23:58:48] [main/INFO] - kanos_config: 0.4.1+1.14.4-1.19.4
[23:58:48] [main/INFO] - kevsequipmentsets: 1.1.1
[23:58:48] [main/INFO] - kevslibrary: 1.1.0
[23:58:48] [main/INFO] - kevstierifymodifiers: 1.2.4
[23:58:48] [main/INFO] - knavesneeds: 2.0.1+1.20.1
[23:58:48] [main/INFO] - konkrete: 1.8.1
[23:58:48] [main/INFO] - kyrptconfig: 1.5.6-1.20
[23:58:48] [main/INFO] - libgui: 8.1.1+1.20.1
[23:58:48] [main/INFO] - libninepatch: 1.2.0
[23:58:48] [main/INFO] - libraryferret: 4.0.0
[23:58:48] [main/INFO] - libz: 1.0.3
[23:58:48] [main/INFO] - lithium: 0.11.2
[23:58:48] [main/INFO] - lithostitched: 1.1.5
[23:58:48] [main/INFO] - livingthings: 1.20.1-2.0.2
[23:58:48] [main/INFO] - lootintegrations: 1.20.1-3.7
[23:58:48] [main/INFO] - lootr: 0.7.33.81
[23:58:48] [main/INFO] - lovely_snails: 1.1.3+1.20.1
[23:58:48] [main/INFO] - maelstrom_library: 1.6.1-1.20
[23:58:48] [main/INFO] - magistuarmory: 9.8
[23:58:48] [main/INFO] - maxhealthfix: 12.0.3
[23:58:48] [main/INFO] - mcda: 5.0.2
[23:58:48] [main/INFO] - mcdar: 4.0.3
[23:58:48] [main/INFO] - mcdw: 9.0.4
[23:58:48] [main/INFO] - meadow: 1.3.15
[23:58:48] [main/INFO] - medievalorigins: 6.3.8+1.20.1
[23:58:48] [main/INFO] - memoryleakfix: 1.1.2
[23:58:48] [main/INFO] - mermod: 2.41
[23:58:48] [main/INFO] - mes: 1.3.1-1.20-fabric
[23:58:48] [main/INFO] - midnightlib: 1.4.1
[23:58:48] [main/INFO] - minecells: 1.8.2
[23:58:48] [main/INFO] - minecraft: 1.20.1
[23:58:48] [main/INFO] - minerally: 1.20.2-1.2
[23:58:48] [main/INFO] - mixinextras: 0.5.0
[23:58:48] [main/INFO] - mixinsquared: 0.1.2-beta.5
[23:58:48] [main/INFO] - mm: 2.3
[23:58:48] [main/INFO] - mns: 1.0.1-1.20-fabric
[23:58:48] [main/INFO] - modernfix: 5.17.0+mc1.20.1
[23:58:48] [main/INFO] - moonlight: 1.20-2.11.30
[23:58:48] [main/INFO] - more_rpg_classes: 1.1.7-1.20.1
[23:58:48] [main/INFO] - mr_dungeons_andtaverns: 3.0.3.f
[23:58:48] [main/INFO] - mr_reds_morestructures: 1.0.8
[23:58:48] [main/INFO] - mr_tidal_towns: 1.3
[23:58:48] [main/INFO] - multipart_entities: 1.5-1.20
[23:58:48] [main/INFO] - mutantmonsters: 8.0.7
[23:58:48] [main/INFO] - mvs: 4.1.2-1.20-fabric
[23:58:48] [main/INFO] - mysticaloaktree: 1.20-1.11
[23:58:48] [main/INFO] - mythicmetals: 0.19.7+1.20.1
[23:58:48] [main/INFO] - mythicmetals_decorations: 0.6.0+1.20
[23:58:48] [main/INFO] - mythicmobs: 1.20.1-fabric-1.4.5
[23:58:48] [main/INFO] - mythicmounts: 1.20.1-7.4
[23:58:48] [main/INFO] - nameplate: 1.1.4
[23:58:48] [main/INFO] - naturescompass: 1.20.1-2.2.3-fabric
[23:58:48] [main/INFO] - necronomicon: 1.4.2
[23:58:48] [main/INFO] - neruina: 2.0.0-beta.10
[23:58:48] [main/INFO] - net_minecraftforge_eventbus: 6.0.3
[23:58:48] [main/INFO] - net_peanuuutz_tomlkt-jvm: 0.2.0
[23:58:48] [main/INFO] - netherdepthsupgrade: fabric-3.1.6-1.20
[23:58:48] [main/INFO] - nochatreports: 1.20.1-v2.2.2
[23:58:48] [main/INFO] - noisium: 2.0.3+mc1.20-1.20.1
[23:58:48] [main/INFO] - nyctophobia: 1.9
[23:58:48] [main/INFO] - nyfsspiders: 2.1.1
[23:58:48] [main/INFO] - obscure_api: 16
[23:58:48] [main/INFO] - observable: 4.4.1
[23:58:48] [main/INFO] - omega-config: 1.3.0+1.19.2
[23:58:48] [main/INFO] - org_apache_maven_maven-artifact: 3.8.1
[23:58:48] [main/INFO] - org_javassist_javassist: 3.29.2-GA
[23:58:48] [main/INFO] - org_jctools_jctools-core: 4.0.1
[23:58:48] [main/INFO] - org_jetbrains_kotlin_kotlin-reflect: 2.0.0
[23:58:48] [main/INFO] - org_jetbrains_kotlin_kotlin-stdlib: 2.0.0
[23:58:48] [main/INFO] - org_jetbrains_kotlin_kotlin-stdlib-jdk7: 2.0.0
[23:58:48] [main/INFO] - org_jetbrains_kotlin_kotlin-stdlib-jdk8: 2.0.0
[23:58:48] [main/INFO] - org_jetbrains_kotlinx_atomicfu-jvm: 0.24.0
[23:58:48] [main/INFO] - org_jetbrains_kotlinx_kotlinx-coroutines-core-jvm: 1.8.1
[23:58:48] [main/INFO] - org_jetbrains_kotlinx_kotlinx-coroutines-jdk8: 1.8.1
[23:58:48] [main/INFO] - org_jetbrains_kotlinx_kotlinx-datetime-jvm: 0.6.0
[23:58:48] [main/INFO] - org_jetbrains_kotlinx_kotlinx-serialization-cbor-jvm: 1.6.3
[23:58:48] [main/INFO] - org_jetbrains_kotlinx_kotlinx-serialization-core-jvm: 1.6.3
[23:58:48] [main/INFO] - org_jetbrains_kotlinx_kotlinx-serialization-json-jvm: 1.6.3
[23:58:48] [main/INFO] - org_kohsuke_github-api: 1.318
[23:58:48] [main/INFO] - org_quiltmc_parsers_gson: 0.2.1
[23:58:48] [main/INFO] - org_quiltmc_parsers_json: 0.2.1
[23:58:48] [main/INFO] - org_reflections_reflections: 0.10.2
[23:58:48] [main/INFO] - origins: 1.10.0
[23:58:48] [main/INFO] - owo: 0.11.2+1.20
[23:58:48] [main/INFO] - packet_tweaker: 0.4.0+1.19.4
[23:58:48] [main/INFO] - paladins: 1.2.0+1.20.1
[23:58:48] [main/INFO] - paraglider: 20.1.3
[23:58:48] [main/INFO] - patchouli: 1.20.1-84-FABRIC
[23:58:48] [main/INFO] - paxi: 1.20-Fabric-4.0
[23:58:48] [main/INFO] - pehkui: 3.8.0+1.14.4-1.20.4
[23:58:48] [main/INFO] - phantasm: 0.2
[23:58:48] [main/INFO] - philipsruins: 1.20.1
[23:58:48] [main/INFO] - piratesdoom: 1.0.0
[23:58:48] [main/INFO] - placeholder-api: 2.1.1+1.20
[23:58:48] [main/INFO] - player-animator: 1.0.2-rc1+1.20
[23:58:48] [main/INFO] - playerabilitylib: 1.8.0
[23:58:48] [main/INFO] - plentyofarmors: 1.3.0
[23:58:48] [main/INFO] - polymer-blocks: 0.5.15+1.20.1
[23:58:48] [main/INFO] - polymer-common: 0.5.15+1.20.1
[23:58:48] [main/INFO] - polymer-core: 0.5.15+1.20.1
[23:58:48] [main/INFO] - polymer-networking: 0.5.15+1.20.1
[23:58:48] [main/INFO] - polymer-registry-sync-manipulator: 0.5.15+1.20.1
[23:58:48] [main/INFO] - polymer-resource-pack: 0.5.3+1.20.1
[23:58:48] [main/INFO] - polymer-virtual-entity: 0.5.3+1.20.1
[23:58:48] [main/INFO] - polymorph: 0.49.5+1.20.1
[23:58:48] [main/INFO] - porting_lib_accessors: 2.3.4+1.20.1
[23:58:48] [main/INFO] - porting_lib_attributes: 2.3.4+1.20.1
[23:58:48] [main/INFO] - porting_lib_common: 2.3.4+1.20.1
[23:58:48] [main/INFO] - porting_lib_core: 2.3.4+1.20.1
[23:58:48] [main/INFO] - porting_lib_entity: 2.3.4+1.20.1
[23:58:48] [main/INFO] - porting_lib_extensions: 2.3.4+1.20.1
[23:58:48] [main/INFO] - porting_lib_mixin_extensions: 2.3.4+1.20.1
[23:58:48] [main/INFO] - projectile_damage: 3.2.3+1.20.1
[23:58:48] [main/INFO] - promenade: 4.1.1
[23:58:48] [main/INFO] - puffish_attributes: 0.2.0
[23:58:48] [main/INFO] - puffish_skills: 0.12.2
[23:58:48] [main/INFO] - puzzlesaccessapi: 8.0.7
[23:58:48] [main/INFO] - puzzleslib: 8.1.19
[23:58:48] [main/INFO] - qu-enchantments: 1.3.6-1.20
[23:58:48] [main/INFO] - ranged_weapon_api: 1.1.1+1.20.1
[23:58:48] [main/INFO] - reach-entity-attributes: 2.4.0
[23:58:48] [main/INFO] - reddensstonelantern: 1.0.3
[23:58:48] [main/INFO] - redirector: 1.20.1-4.4.0
[23:58:48] [main/INFO] - regions_unexplored: 0.5.5+1.20.1
[23:58:48] [main/INFO] - repurposed_structures: 7.1.15+1.20.1-fabric
[23:58:48] [main/INFO] - resourcefulconfig: 2.1.2
[23:58:48] [main/INFO] - resourcefullib: 2.1.25
[23:58:48] [main/INFO] - respawningstructures: 1.20.1-2.5
[23:58:48] [main/INFO] - roughlyenoughitems: 12.1.725
[23:58:48] [main/INFO] - rpg_origins: 1.4.2
[23:58:48] [main/INFO] - rpgdifficulty: 1.3.13
[23:58:48] [main/INFO] - rpgmana: 1.0.7.1
[23:58:48] [main/INFO] - runes: 0.9.11+1.20.1
[23:58:48] [main/INFO] - saflib: 1.1.0
[23:58:48] [main/INFO] - sawmill: 1.20-1.4.0
[23:58:48] [main/INFO] - server_translations_api: 2.0.0+1.20
[23:58:48] [main/INFO] - sgui: 1.2.2+1.20
[23:58:48] [main/INFO] - showmeyourskin: 1.9.0+1.20
[23:58:48] [main/INFO] - shrek: 1.0.0
[23:58:48] [main/INFO] - simplyskills: 1.4.1+1.20.1
[23:58:48] [main/INFO] - simplyswords: 1.55.0-1.20.1
[23:58:48] [main/INFO] - skinlayers3d: 1.6.4
[23:58:48] [main/INFO] - skyvillages: 1.0.3.2-1.19.2-1.20.1
[23:58:48] [main/INFO] - slayersbeasts: 1.2.0
[23:58:48] [main/INFO] - smallships: 2.0.0-b1.2
[23:58:48] [main/INFO] - smartbrainlib: 1.14
[23:58:48] [main/INFO] - smarterfarmers: 1.20-1.8.2
[23:58:48] [main/INFO] - smwyg: 1.1.1
[23:58:48] [main/INFO] - soaringstructures2: 1.20.1 - 2.5.1
[23:58:48] [main/INFO] - soulsweapons: 1.1.3-1.20-fabric
[23:58:48] [main/INFO] - sound_physics_remastered: 1.20.1-1.4.2
[23:58:48] [main/INFO] - spark: 1.10.53
[23:58:48] [main/INFO] - species: 1.3-fabric
[23:58:48] [main/INFO] - spectrelib: 0.13.15+1.20.1
[23:58:48] [main/INFO] - spell_engine: 0.14.3+1.20.1
[23:58:48] [main/INFO] - spell_power: 0.10.2+1.20.1
[23:58:48] [main/INFO] - spellbladenext: 1.15.1
[23:58:48] [main/INFO] - spellslabextra: 1.1-1.20.1
[23:58:48] [main/INFO] - starlight: 1.1.2+fabric.dbc156f
[23:58:48] [main/INFO] - starterkit: 6.7
[23:58:48] [main/INFO] - step-height-entity-attribute: 1.2.0
[23:58:48] [main/INFO] - structory: 1.3.5
[23:58:48] [main/INFO] - structory_towers: 1.0.7
[23:58:48] [main/INFO] - structure_pool_api: 1.0+1.20.1
[23:58:48] [main/INFO] - structurecredits: 1.7
[23:58:48] [main/INFO] - structureessentials: 1.20.1-3.3
[23:58:48] [main/INFO] - t_and_t: 1.12
[23:58:48] [main/INFO] - tcdcommons: 3.9.6+fabric-1.20.1
[23:58:48] [main/INFO] - team_reborn_energy: 3.0.0
[23:58:48] [main/INFO] - tectonic: 2.3.4
[23:58:48] [main/INFO] - terrablender: 3.0.1.7
[23:58:48] [main/INFO] - terraform-shapes-api-v1: 7.0.1
[23:58:48] [main/INFO] - terraform-surfaces-api-v1: 7.0.1
[23:58:48] [main/INFO] - terraform-wood-api-v1: 7.0.3
[23:58:48] [main/INFO] - terralith: 2.5.1
[23:58:48] [main/INFO] - textanimator: 2.3.3
[23:58:48] [main/INFO] - theorcs: fabric-1.20.x-1.0
[23:58:48] [main/INFO] - thermoo: 2.3.1
[23:58:48] [main/INFO] - thiccpackets: 1.17-1.19+
[23:58:48] [main/INFO] - tiered: 1.1.0
[23:58:48] [main/INFO] - tinyfoes: 1.20.1-1.0
[23:58:48] [main/INFO] - tlc: 1.0.1
[23:58:48] [main/INFO] - toms_storage: 1.6.6
[23:58:48] [main/INFO] - totw_additions: 1.3
[23:58:48] [main/INFO] - travelerscompass: 2.0.4.0
[23:58:48] [main/INFO] - travellersbootsreloaded: 2.1.1-fabric
[23:58:48] [main/INFO] - treechop: 0.19.0
[23:58:48] [main/INFO] - tridents_n_stuff: 0.1.3+1.20.1
[23:58:48] [main/INFO] - trimeffects: 1.1.1-fabric
[23:58:48] [main/INFO] - trinkets: 3.7.2
[23:58:48] [main/INFO] - twigs: 3.1.0
[23:58:48] [main/INFO] - universal_shops: 1.3.2+1.20.1
[23:58:48] [main/INFO] - variantshields: 2.1
[23:58:48] [main/INFO] - villagernames: 7.3
[23:58:48] [main/INFO] - villagersplus: 3.1
[23:58:48] [main/INFO] - villagesandpillages: 1.0.0
[23:58:48] [main/INFO] - vinery: 1.4.19
[23:58:48] [main/INFO] - visualworkbench: 8.0.0
[23:58:48] [main/INFO] - voidz: 1.0.11
[23:58:48] [main/INFO] - wabi_sabi_structures: 2.0.0-1.20
[23:58:48] [main/INFO] - watut: 1.20.1-1.1.1
[23:58:48] [main/INFO] - waveycapes: 1.4.7
[23:58:48] [main/INFO] - weaponmaster: 3.0.5
[23:58:48] [main/INFO] - wetlands: 1.2
[23:58:48] [main/INFO] - wildlife: 1.19.2-2.2
[23:58:48] [main/INFO] - witcher-rpg: 1.0.6
[23:58:48] [main/INFO] - wits: 1.1.0+1.20.1-fabric
[23:58:48] [main/INFO] - wizards: 1.2.0+1.20.1
[23:58:48] [main/INFO] - wunderlib: 1.1.5
[23:58:48] [main/INFO] - xaerominimap: 24.1.1
[23:58:48] [main/INFO] - xaeroworldmap: 1.38.4
[23:58:48] [main/INFO] - xercapaint: fabric-1.20.1-1.0.0
[23:58:48] [main/INFO] - xtraarrows: 3.0.4.1
[23:58:48] [main/INFO] - yeetusexperimentus: 2.3.1-build.6+mc1.20.1
[23:58:48] [main/INFO] - yet_another_config_lib_v3: 3.4.2+1.20.1-fabric
[23:58:48] [main/INFO] - yigd: 2.0.0-beta.13
[23:58:48] [main/INFO] - yosbr: 0.1.2
[23:58:48] [main/INFO] - yungsapi: 1.20-Fabric-4.0.5
[23:58:48] [main/INFO] - yungsbridges: 1.20-Fabric-4.0.3
[23:58:48] [main/INFO] - zenith_attributes: 0.2.4
[23:58:48] [main/INFO] ========================================
[23:58:48] [main/INFO] [REI] Registered plugin provider AlloyForgeryCommonPlugin [alloy_forgery] for REIPlugin
[23:58:48] [main/INFO] [REI] Registered plugin provider DefaultPlugin [roughlyenoughitems] for REIPlugin
[23:58:48] [main/INFO] [REI] Registered plugin provider DefaultRuntimePlugin [roughlyenoughitems] for REIPlugin
[23:58:48] [main/INFO] [REI] Registered plugin provider AlloyForgeryCommonPlugin [alloy_forgery] for REIServerPlugin
[23:58:48] [main/INFO] [REI] Registered plugin provider DefaultPlugin [roughlyenoughitems] for REIServerPlugin
[23:58:48] [main/INFO] [REI] Registered plugin provider DefaultRuntimePlugin [roughlyenoughitems] for REIServerPlugin
[23:58:48] [main/INFO] [REI] Registered plugin provider FabricFluidAPISupportPlugin for REIServerPlugin
[23:58:48] [main/INFO] [REI] Registered plugin provider FabricFluidAPISupportPlugin for REIPlugin
[23:58:56] [Worker-Main-3/DEBUG] [REI] Processed 0 tags in 69.45 μs for minecraft:worldgen/structure_set
[23:58:56] [Worker-Main-2/DEBUG] [REI] Processed 2 tags in 789.8 μs for minecraft:cat_variant
[23:58:56] [Worker-Main-4/DEBUG] [REI] Processed 7 tags in 256.7 μs for minecraft:game_event
[23:58:56] [Worker-Main-2/DEBUG] [REI] Processed 0 tags in 18.11 μs for minecraft:damage_type
[23:58:56] [Worker-Main-3/DEBUG] [REI] Processed 0 tags in 6.019 μs for minecraft:dimension_type
[23:58:56] [Worker-Main-4/DEBUG] [REI] Processed 2 tags in 31.90 μs for minecraft:mob_effect
[23:58:56] [Worker-Main-3/DEBUG] [REI] Processed 118 tags in 1.283 ms for minecraft:entity_type
[23:58:56] [Worker-Main-4/DEBUG] [REI] Processed 6 tags in 77.40 μs for minecraft:point_of_interest_type
[23:58:56] [Worker-Main-4/DEBUG] [REI] Processed 0 tags in 8.402 μs for minecraft:dimension
[23:58:56] [Worker-Main-4/DEBUG] [REI] Processed 2 tags in 108.3 μs for minecraft:painting_variant
[23:58:56] [Worker-Main-4/DEBUG] [REI] Processed 4 tags in 45.15 μs for minecraft:instrument
[23:58:56] [Worker-Main-4/DEBUG] [REI] Processed 0 tags in 38.34 μs for minecraft:worldgen/structure
[23:58:56] [Worker-Main-2/DEBUG] [REI] Processed 0 tags in 8.983 μs for minecraft:worldgen/flat_level_generator_preset
[23:58:56] [Worker-Main-2/DEBUG] [REI] Processed 0 tags in 13.21 μs for minecraft:trim_pattern
[23:58:56] [Worker-Main-3/DEBUG] [REI] Processed 1323 tags in 21.66 ms for minecraft:item
[23:58:57] [Worker-Main-2/DEBUG] [REI] Processed 10 tags in 60.70 μs for minecraft:fluid
[23:58:57] [Worker-Main-2/DEBUG] [REI] Processed 26 tags in 74.15 μs for minecraft:banner_pattern
[23:58:57] [Worker-Main-4/DEBUG] [REI] Processed 0 tags in 357.9 μs for minecraft:worldgen/biome
[23:58:57] [Worker-Main-4/DEBUG] [REI] Processed 1 tags in 18.69 μs for minecraft:recipe_type
[23:58:57] [Worker-Main-2/DEBUG] [REI] Processed 0 tags in 8.182 μs for minecraft:worldgen/density_function
[23:58:57] [Worker-Main-2/DEBUG] [REI] Processed 0 tags in 9.243 μs for minecraft:worldgen/world_preset
[23:58:57] [Worker-Main-3/DEBUG] [REI] Processed 888 tags in 25.58 ms for minecraft:block
[23:58:57] [Worker-Main-3/DEBUG] [REI] Processed 13 tags in 119.5 μs for minecraft:enchantment
[23:59:08] [main/DEBUG] [REI] ========================================
[23:59:08] [main/DEBUG] [REI] REIPlugin starting pre-reload for START.
[23:59:08] [main/DEBUG] [REI] Reloadables (7):
[23:59:08] [main/DEBUG] [REI]  - EntryTypeRegistryImpl
[23:59:08] [main/DEBUG] [REI]  - EntrySettingsAdapterRegistryImpl
[23:59:08] [main/DEBUG] [REI]  - RecipeManagerContextImpl
[23:59:08] [main/DEBUG] [REI]  - ItemComparatorRegistryImpl
[23:59:08] [main/DEBUG] [REI]  - FluidComparatorRegistryImpl
[23:59:08] [main/DEBUG] [REI]  - DisplaySerializerRegistryImpl
[23:59:08] [main/DEBUG] [REI]  - FluidSupportProviderImpl
[23:59:08] [main/DEBUG] [REI] Plugins (4):
[23:59:08] [main/DEBUG] [REI]  - (-100.00) DefaultPlugin of DefaultPlugin [roughlyenoughitems]
[23:59:08] [main/DEBUG] [REI]  - (0.00) FabricFluidAPISupportPlugin
[23:59:08] [main/DEBUG] [REI]  - (0.00) DefaultRuntimePlugin of DefaultRuntimePlugin [roughlyenoughitems]
[23:59:08] [main/DEBUG] [REI]  - (0.00) AlloyForgeryCommonPlugin of AlloyForgeryCommonPlugin [alloy_forgery]
[23:59:08] [main/DEBUG] [REI] ========================================
[23:59:08] [main/TRACE] [REI] [REIPlugin START] Reloading Section: "pre-register/"
[23:59:08] [main/TRACE] [REI] [REIPlugin START] Reloading Section: "pre-register/DefaultPlugin of DefaultPlugin [roughlyenoughitems]/"
[23:59:08] [main/TRACE] [REI] [REIPlugin START] Reloading Section: "pre-register/DefaultPlugin of DefaultPlugin [roughlyenoughitems]/" done in 947.3 μs
[23:59:08] [main/TRACE] [REI] [REIPlugin START] Reloading Section: "pre-register/FabricFluidAPISupportPlugin/"
[23:59:08] [main/TRACE] [REI] [REIPlugin START] Reloading Section: "pre-register/FabricFluidAPISupportPlugin/" done in 12.97 μs
[23:59:08] [main/TRACE] [REI] [REIPlugin START] Reloading Section: "pre-register/DefaultRuntimePlugin of DefaultRuntimePlugin [roughlyenoughitems]/"
[23:59:08] [main/TRACE] [REI] [REIPlugin START] Reloading Section: "pre-register/DefaultRuntimePlugin of DefaultRuntimePlugin [roughlyenoughitems]/" done in 10.46 μs
[23:59:08] [main/TRACE] [REI] [REIPlugin START] Reloading Section: "pre-register/AlloyForgeryCommonPlugin of AlloyForgeryCommonPlugin [alloy_forgery]/"
[23:59:08] [main/TRACE] [REI] [REIPlugin START] Reloading Section: "pre-register/AlloyForgeryCommonPlugin of AlloyForgeryCommonPlugin [alloy_forgery]/" done in 9.514 μs
[23:59:08] [main/TRACE] [REI] [REIPlugin START] Reloading Section: "pre-register/" done in 11.58 ms
[23:59:08] [main/TRACE] [REI] [REIPlugin START] Reloading Section: "pre-stage/"
[23:59:08] [main/TRACE] [REI] [REIPlugin START] Reloading Section: "pre-stage/EntryTypeRegistryImpl/"
[23:59:08] [main/TRACE] [REI] [REIPlugin START] Reloading Section: "pre-stage/EntryTypeRegistryImpl/" done in 231.7 μs
[23:59:08] [main/TRACE] [REI] [REIPlugin START] Reloading Section: "pre-stage/EntrySettingsAdapterRegistryImpl/"
[23:59:08] [main/TRACE] [REI] [REIPlugin START] Reloading Section: "pre-stage/EntrySettingsAdapterRegistryImpl/" done in 9.213 μs
[23:59:08] [main/TRACE] [REI] [REIPlugin START] Reloading Section: "pre-stage/RecipeManagerContextImpl/"
[23:59:08] [main/TRACE] [REI] [REIPlugin START] Reloading Section: "pre-stage/RecipeManagerContextImpl/" done in 8.523 μs
[23:59:08] [main/TRACE] [REI] [REIPlugin START] Reloading Section: "pre-stage/ItemComparatorRegistryImpl/"
[23:59:08] [main/TRACE] [REI] [REIPlugin START] Reloading Section: "pre-stage/ItemComparatorRegistryImpl/" done in 7.682 μs
[23:59:08] [main/TRACE] [REI] [REIPlugin START] Reloading Section: "pre-stage/FluidComparatorRegistryImpl/"
[23:59:08] [main/TRACE] [REI] [REIPlugin START] Reloading Section: "pre-stage/FluidComparatorRegistryImpl/" done in 6.770 μs
[23:59:08] [main/TRACE] [REI] [REIPlugin START] Reloading Section: "pre-stage/DisplaySerializerRegistryImpl/"
[23:59:08] [main/TRACE] [REI] [REIPlugin START] Reloading Section: "pre-stage/DisplaySerializerRegistryImpl/" done in 6.970 μs
[23:59:08] [main/TRACE] [REI] [REIPlugin START] Reloading Section: "pre-stage/FluidSupportProviderImpl/"
[23:59:08] [main/TRACE] [REI] [REIPlugin START] Reloading Section: "pre-stage/FluidSupportProviderImpl/" done in 6.510 μs
[23:59:08] [main/TRACE] [REI] [REIPlugin START] Reloading Section: "pre-stage/" done in 1.348 ms
[23:59:08] [main/DEBUG] [REI] ========================================
[23:59:08] [main/DEBUG] [REI] REIPlugin finished pre-reload for START in 13.91 ms.
[23:59:08] [main/DEBUG] [REI] ========================================
[23:59:08] [main/DEBUG] [REI] ========================================
[23:59:08] [main/DEBUG] [REI] REIServerPlugin starting pre-reload for START.
[23:59:08] [main/DEBUG] [REI] Reloadables (2):
[23:59:08] [main/DEBUG] [REI]  - MenuInfoRegistryImpl
[23:59:08] [main/DEBUG] [REI]  - SlotAccessorRegistryImpl
[23:59:08] [main/DEBUG] [REI] Plugins (4):
[23:59:08] [main/DEBUG] [REI]  - (-100.00) DefaultPlugin of DefaultPlugin [roughlyenoughitems]
[23:59:08] [main/DEBUG] [REI]  - (0.00) FabricFluidAPISupportPlugin
[23:59:08] [main/DEBUG] [REI]  - (0.00) DefaultRuntimePlugin of DefaultRuntimePlugin [roughlyenoughitems]
[23:59:08] [main/DEBUG] [REI]  - (0.00) AlloyForgeryCommonPlugin of AlloyForgeryCommonPlugin [alloy_forgery]
[23:59:08] [main/DEBUG] [REI] ========================================
[23:59:08] [main/TRACE] [REI] [REIServerPlugin START] Reloading Section: "pre-register/"
[23:59:08] [main/TRACE] [REI] [REIServerPlugin START] Reloading Section: "pre-register/DefaultPlugin of DefaultPlugin [roughlyenoughitems]/"
[23:59:08] [main/TRACE] [REI] [REIServerPlugin START] Reloading Section: "pre-register/DefaultPlugin of DefaultPlugin [roughlyenoughitems]/" done in 12.83 μs
[23:59:08] [main/TRACE] [REI] [REIServerPlugin START] Reloading Section: "pre-register/FabricFluidAPISupportPlugin/"
[23:59:08] [main/TRACE] [REI] [REIServerPlugin START] Reloading Section: "pre-register/FabricFluidAPISupportPlugin/" done in 14.40 μs
[23:59:08] [main/TRACE] [REI] [REIServerPlugin START] Reloading Section: "pre-register/DefaultRuntimePlugin of DefaultRuntimePlugin [roughlyenoughitems]/"
[23:59:08] [main/TRACE] [REI] [REIServerPlugin START] Reloading Section: "pre-register/DefaultRuntimePlugin of DefaultRuntimePlugin [roughlyenoughitems]/" done in 19.92 μs
[23:59:08] [main/TRACE] [REI] [REIServerPlugin START] Reloading Section: "pre-register/AlloyForgeryCommonPlugin of AlloyForgeryCommonPlugin [alloy_forgery]/"
[23:59:08] [main/TRACE] [REI] [REIServerPlugin START] Reloading Section: "pre-register/AlloyForgeryCommonPlugin of AlloyForgeryCommonPlugin [alloy_forgery]/" done in 9.153 μs
[23:59:08] [main/TRACE] [REI] [REIServerPlugin START] Reloading Section: "pre-register/" done in 574.0 μs
[23:59:08] [main/TRACE] [REI] [REIServerPlugin START] Reloading Section: "pre-stage/"
[23:59:08] [main/TRACE] [REI] [REIServerPlugin START] Reloading Section: "pre-stage/MenuInfoRegistryImpl/"
[23:59:08] [main/TRACE] [REI] [REIServerPlugin START] Reloading Section: "pre-stage/MenuInfoRegistryImpl/" done in 15.52 μs
[23:59:08] [main/TRACE] [REI] [REIServerPlugin START] Reloading Section: "pre-stage/SlotAccessorRegistryImpl/"
[23:59:08] [main/TRACE] [REI] [REIServerPlugin START] Reloading Section: "pre-stage/SlotAccessorRegistryImpl/" done in 6.610 μs
[23:59:08] [main/TRACE] [REI] [REIServerPlugin START] Reloading Section: "pre-stage/" done in 212.5 μs
[23:59:08] [main/DEBUG] [REI] ========================================
[23:59:08] [main/DEBUG] [REI] REIServerPlugin finished pre-reload for START in 991.7 μs.
[23:59:08] [main/DEBUG] [REI] ========================================
[23:59:08] [main/INFO] [REI] ----------------------------------------
[23:59:08] [main/INFO] [REI] REIPlugin starting main-reload for START.
[23:59:08] [main/DEBUG] [REI] Reloadables (7):
[23:59:08] [main/DEBUG] [REI]  - EntryTypeRegistryImpl
[23:59:08] [main/DEBUG] [REI]  - EntrySettingsAdapterRegistryImpl
[23:59:08] [main/DEBUG] [REI]  - RecipeManagerContextImpl
[23:59:08] [main/DEBUG] [REI]  - ItemComparatorRegistryImpl
[23:59:08] [main/DEBUG] [REI]  - FluidComparatorRegistryImpl
[23:59:08] [main/DEBUG] [REI]  - DisplaySerializerRegistryImpl
[23:59:08] [main/DEBUG] [REI]  - FluidSupportProviderImpl
[23:59:08] [main/INFO] [REI] Plugins (4):
[23:59:08] [main/INFO] [REI]  - (-100.00) DefaultPlugin of DefaultPlugin [roughlyenoughitems]
[23:59:08] [main/INFO] [REI]  - (0.00) FabricFluidAPISupportPlugin
[23:59:08] [main/INFO] [REI]  - (0.00) DefaultRuntimePlugin of DefaultRuntimePlugin [roughlyenoughitems]
[23:59:08] [main/INFO] [REI]  - (0.00) AlloyForgeryCommonPlugin of AlloyForgeryCommonPlugin [alloy_forgery]
[23:59:08] [main/INFO] [REI] ----------------------------------------
[23:59:08] [main/TRACE] [REI] [REIPlugin START] Reloading Section: "start-reload/"
[23:59:08] [main/TRACE] [REI] [REIPlugin START] Reloading Section: "start-reload/EntryTypeRegistryImpl/"
[23:59:08] [main/TRACE] [REI] [REIPlugin START] Reloading Section: "start-reload/EntryTypeRegistryImpl/" done in 62.79 μs
[23:59:08] [main/TRACE] [REI] [REIPlugin START] Reloading Section: "start-reload/EntrySettingsAdapterRegistryImpl/"
[23:59:08] [main/TRACE] [REI] [REIPlugin START] Reloading Section: "start-reload/EntrySettingsAdapterRegistryImpl/" done in 9.113 μs
[23:59:08] [main/TRACE] [REI] [REIPlugin START] Reloading Section: "start-reload/RecipeManagerContextImpl/"
[23:59:08] [main/TRACE] [REI] [REIPlugin START] Reloading Section: "start-reload/RecipeManagerContextImpl/" done in 5.779 μs
[23:59:08] [main/TRACE] [REI] [REIPlugin START] Reloading Section: "start-reload/ItemComparatorRegistryImpl/"
[23:59:08] [main/TRACE] [REI] [REIPlugin START] Reloading Section: "start-reload/ItemComparatorRegistryImpl/" done in 36.15 μs
[23:59:08] [main/TRACE] [REI] [REIPlugin START] Reloading Section: "start-reload/FluidComparatorRegistryImpl/"
[23:59:08] [main/TRACE] [REI] [REIPlugin START] Reloading Section: "start-reload/FluidComparatorRegistryImpl/" done in 9.254 μs
[23:59:08] [main/TRACE] [REI] [REIPlugin START] Reloading Section: "start-reload/DisplaySerializerRegistryImpl/"
[23:59:08] [main/TRACE] [REI] [REIPlugin START] Reloading Section: "start-reload/DisplaySerializerRegistryImpl/" done in 5.839 μs
[23:59:08] [main/TRACE] [REI] [REIPlugin START] Reloading Section: "start-reload/FluidSupportProviderImpl/"
[23:59:08] [main/TRACE] [REI] [REIPlugin START] Reloading Section: "start-reload/FluidSupportProviderImpl/" done in 21.13 μs
[23:59:08] [main/TRACE] [REI] [REIPlugin START] Reloading Section: "start-reload/" done in 1.040 ms
[23:59:08] [main/DEBUG] [REI] ========================================
[23:59:08] [main/DEBUG] [REI] REIPlugin started main-reload for START.
[23:59:08] [main/DEBUG] [REI] ========================================
[23:59:08] [main/TRACE] [REI] [REIPlugin START] Reloading Section: "reloadable-plugin/EntryTypeRegistryImpl/"
[23:59:08] [main/TRACE] [REI] [REIPlugin START] Reloading Section: "reloadable-plugin/EntryTypeRegistryImpl/DefaultPlugin of DefaultPlugin [roughlyenoughitems]/"
[23:59:08] [main/TRACE] [REI] [REIPlugin START] Reloading Section: "reloadable-plugin/EntryTypeRegistryImpl/DefaultPlugin of DefaultPlugin [roughlyenoughitems]/" done in 200.1 μs
[23:59:08] [main/TRACE] [REI] [REIPlugin START] Reloading Section: "reloadable-plugin/EntryTypeRegistryImpl/FabricFluidAPISupportPlugin/"
[23:59:08] [main/TRACE] [REI] [REIPlugin START] Reloading Section: "reloadable-plugin/EntryTypeRegistryImpl/FabricFluidAPISupportPlugin/" done in 14.99 μs
[23:59:08] [main/TRACE] [REI] [REIPlugin START] Reloading Section: "reloadable-plugin/EntryTypeRegistryImpl/DefaultRuntimePlugin of DefaultRuntimePlugin [roughlyenoughitems]/"
[23:59:08] [main/TRACE] [REI] [REIPlugin START] Reloading Section: "reloadable-plugin/EntryTypeRegistryImpl/DefaultRuntimePlugin of DefaultRuntimePlugin [roughlyenoughitems]/" done in 6.265 ms
[23:59:08] [main/TRACE] [REI] [REIPlugin START] Reloading Section: "reloadable-plugin/EntryTypeRegistryImpl/AlloyForgeryCommonPlugin of AlloyForgeryCommonPlugin [alloy_forgery]/"
[23:59:08] [main/TRACE] [REI] [REIPlugin START] Reloading Section: "reloadable-plugin/EntryTypeRegistryImpl/AlloyForgeryCommonPlugin of AlloyForgeryCommonPlugin [alloy_forgery]/" done in 15.88 μs
[23:59:08] [main/TRACE] [REI] [REIPlugin START] Reloading Section: "reloadable-plugin/EntryTypeRegistryImpl/" done in 7.644 ms
[23:59:08] [main/TRACE] [REI] [REIPlugin START] Reloading Section: "reloadable-plugin/EntrySettingsAdapterRegistryImpl/"
[23:59:08] [main/TRACE] [REI] [REIPlugin START] Reloading Section: "reloadable-plugin/EntrySettingsAdapterRegistryImpl/DefaultPlugin of DefaultPlugin [roughlyenoughitems]/"
[23:59:08] [main/TRACE] [REI] [REIPlugin START] Reloading Section: "reloadable-plugin/EntrySettingsAdapterRegistryImpl/DefaultPlugin of DefaultPlugin [roughlyenoughitems]/" done in 10.63 μs
[23:59:08] [main/TRACE] [REI] [REIPlugin START] Reloading Section: "reloadable-plugin/EntrySettingsAdapterRegistryImpl/FabricFluidAPISupportPlugin/"
[23:59:08] [main/TRACE] [REI] [REIPlugin START] Reloading Section: "reloadable-plugin/EntrySettingsAdapterRegistryImpl/FabricFluidAPISupportPlugin/" done in 10.96 μs
[23:59:08] [main/TRACE] [REI] [REIPlugin START] Reloading Section: "reloadable-plugin/EntrySettingsAdapterRegistryImpl/DefaultRuntimePlugin of DefaultRuntimePlugin [roughlyenoughitems]/"
[23:59:08] [main/TRACE] [REI] [REIPlugin START] Reloading Section: "reloadable-plugin/EntrySettingsAdapterRegistryImpl/DefaultRuntimePlugin of DefaultRuntimePlugin [roughlyenoughitems]/" done in 10.24 μs
[23:59:08] [main/TRACE] [REI] [REIPlugin START] Reloading Section: "reloadable-plugin/EntrySettingsAdapterRegistryImpl/AlloyForgeryCommonPlugin of AlloyForgeryCommonPlugin [alloy_forgery]/"
[23:59:08] [main/TRACE] [REI] [REIPlugin START] Reloading Section: "reloadable-plugin/EntrySettingsAdapterRegistryImpl/AlloyForgeryCommonPlugin of AlloyForgeryCommonPlugin [alloy_forgery]/" done in 14.95 μs
[23:59:08] [main/TRACE] [REI] [REIPlugin START] Reloading Section: "reloadable-plugin/EntrySettingsAdapterRegistryImpl/" done in 588.6 μs
[23:59:08] [main/TRACE] [REI] [REIPlugin START] Reloading Section: "reloadable-plugin/RecipeManagerContextImpl/"
[23:59:08] [main/TRACE] [REI] [REIPlugin START] Reloading Section: "reloadable-plugin/RecipeManagerContextImpl/DefaultPlugin of DefaultPlugin [roughlyenoughitems]/"
[23:59:08] [main/TRACE] [REI] [REIPlugin START] Reloading Section: "reloadable-plugin/RecipeManagerContextImpl/DefaultPlugin of DefaultPlugin [roughlyenoughitems]/" done in 11.15 μs
[23:59:08] [main/TRACE] [REI] [REIPlugin START] Reloading Section: "reloadable-plugin/RecipeManagerContextImpl/FabricFluidAPISupportPlugin/"
[23:59:08] [main/TRACE] [REI] [REIPlugin START] Reloading Section: "reloadable-plugin/RecipeManagerContextImpl/FabricFluidAPISupportPlugin/" done in 12.31 μs
[23:59:08] [main/TRACE] [REI] [REIPlugin START] Reloading Section: "reloadable-plugin/RecipeManagerContextImpl/DefaultRuntimePlugin of DefaultRuntimePlugin [roughlyenoughitems]/"
[23:59:08] [main/TRACE] [REI] [REIPlugin START] Reloading Section: "reloadable-plugin/RecipeManagerContextImpl/DefaultRuntimePlugin of DefaultRuntimePlugin [roughlyenoughitems]/" done in 16.03 μs
[23:59:08] [main/TRACE] [REI] [REIPlugin START] Reloading Section: "reloadable-plugin/RecipeManagerContextImpl/AlloyForgeryCommonPlugin of AlloyForgeryCommonPlugin [alloy_forgery]/"
[23:59:08] [main/TRACE] [REI] [REIPlugin START] Reloading Section: "reloadable-plugin/RecipeManagerContextImpl/AlloyForgeryCommonPlugin of AlloyForgeryCommonPlugin [alloy_forgery]/" done in 9.784 μs
[23:59:08] [main/TRACE] [REI] [REIPlugin START] Reloading Section: "reloadable-plugin/RecipeManagerContextImpl/" done in 645.2 μs
[23:59:08] [main/TRACE] [REI] [REIPlugin START] Reloading Section: "reloadable-plugin/ItemComparatorRegistryImpl/"
[23:59:08] [main/TRACE] [REI] [REIPlugin START] Reloading Section: "reloadable-plugin/ItemComparatorRegistryImpl/DefaultPlugin of DefaultPlugin [roughlyenoughitems]/"
[23:59:08] [main/TRACE] [REI] [REIPlugin START] Reloading Section: "reloadable-plugin/ItemComparatorRegistryImpl/DefaultPlugin of DefaultPlugin [roughlyenoughitems]/" done in 1.232 ms
[23:59:08] [main/TRACE] [REI] [REIPlugin START] Reloading Section: "reloadable-plugin/ItemComparatorRegistryImpl/FabricFluidAPISupportPlugin/"
[23:59:08] [main/TRACE] [REI] [REIPlugin START] Reloading Section: "reloadable-plugin/ItemComparatorRegistryImpl/FabricFluidAPISupportPlugin/" done in 17.60 μs
[23:59:08] [main/TRACE] [REI] [REIPlugin START] Reloading Section: "reloadable-plugin/ItemComparatorRegistryImpl/DefaultRuntimePlugin of DefaultRuntimePlugin [roughlyenoughitems]/"
[23:59:08] [main/TRACE] [REI] [REIPlugin START] Reloading Section: "reloadable-plugin/ItemComparatorRegistryImpl/DefaultRuntimePlugin of DefaultRuntimePlugin [roughlyenoughitems]/" done in 14.30 μs
[23:59:08] [main/TRACE] [REI] [REIPlugin START] Reloading Section: "reloadable-plugin/ItemComparatorRegistryImpl/AlloyForgeryCommonPlugin of AlloyForgeryCommonPlugin [alloy_forgery]/"
[23:59:08] [main/TRACE] [REI] [REIPlugin START] Reloading Section: "reloadable-plugin/ItemComparatorRegistryImpl/AlloyForgeryCommonPlugin of AlloyForgeryCommonPlugin [alloy_forgery]/" done in 12.49 μs
[23:59:08] [main/TRACE] [REI] [REIPlugin START] Reloading Section: "reloadable-plugin/ItemComparatorRegistryImpl/" done in 2.841 ms
[23:59:08] [main/TRACE] [REI] [REIPlugin START] Reloading Section: "reloadable-plugin/FluidComparatorRegistryImpl/"
[23:59:08] [main/TRACE] [REI] [REIPlugin START] Reloading Section: "reloadable-plugin/FluidComparatorRegistryImpl/DefaultPlugin of DefaultPlugin [roughlyenoughitems]/"
[23:59:08] [main/TRACE] [REI] [REIPlugin START] Reloading Section: "reloadable-plugin/FluidComparatorRegistryImpl/DefaultPlugin of DefaultPlugin [roughlyenoughitems]/" done in 18.11 μs
[23:59:08] [main/TRACE] [REI] [REIPlugin START] Reloading Section: "reloadable-plugin/FluidComparatorRegistryImpl/FabricFluidAPISupportPlugin/"
[23:59:08] [main/TRACE] [REI] [REIPlugin START] Reloading Section: "reloadable-plugin/FluidComparatorRegistryImpl/FabricFluidAPISupportPlugin/" done in 12.41 μs
[23:59:08] [main/TRACE] [REI] [REIPlugin START] Reloading Section: "reloadable-plugin/FluidComparatorRegistryImpl/DefaultRuntimePlugin of DefaultRuntimePlugin [roughlyenoughitems]/"
[23:59:08] [main/TRACE] [REI] [REIPlugin START] Reloading Section: "reloadable-plugin/FluidComparatorRegistryImpl/DefaultRuntimePlugin of DefaultRuntimePlugin [roughlyenoughitems]/" done in 18.05 μs
[23:59:08] [main/TRACE] [REI] [REIPlugin START] Reloading Section: "reloadable-plugin/FluidComparatorRegistryImpl/AlloyForgeryCommonPlugin of AlloyForgeryCommonPlugin [alloy_forgery]/"
[23:59:08] [main/TRACE] [REI] [REIPlugin START] Reloading Section: "reloadable-plugin/FluidComparatorRegistryImpl/AlloyForgeryCommonPlugin of AlloyForgeryCommonPlugin [alloy_forgery]/" done in 11.33 μs
[23:59:08] [main/TRACE] [REI] [REIPlugin START] Reloading Section: "reloadable-plugin/FluidComparatorRegistryImpl/" done in 650.9 μs
[23:59:08] [main/TRACE] [REI] [REIPlugin START] Reloading Section: "reloadable-plugin/DisplaySerializerRegistryImpl/"
[23:59:08] [main/TRACE] [REI] [REIPlugin START] Reloading Section: "reloadable-plugin/DisplaySerializerRegistryImpl/DefaultPlugin of DefaultPlugin [roughlyenoughitems]/"
[23:59:08] [main/TRACE] [REI] [REIPlugin START] Reloading Section: "reloadable-plugin/DisplaySerializerRegistryImpl/DefaultPlugin of DefaultPlugin [roughlyenoughitems]/" done in 10.11 μs
[23:59:08] [main/TRACE] [REI] [REIPlugin START] Reloading Section: "reloadable-plugin/DisplaySerializerRegistryImpl/FabricFluidAPISupportPlugin/"
[23:59:08] [main/TRACE] [REI] [REIPlugin START] Reloading Section: "reloadable-plugin/DisplaySerializerRegistryImpl/FabricFluidAPISupportPlugin/" done in 10.45 μs
[23:59:08] [main/TRACE] [REI] [REIPlugin START] Reloading Section: "reloadable-plugin/DisplaySerializerRegistryImpl/DefaultRuntimePlugin of DefaultRuntimePlugin [roughlyenoughitems]/"
[23:59:08] [main/TRACE] [REI] [REIPlugin START] Reloading Section: "reloadable-plugin/DisplaySerializerRegistryImpl/DefaultRuntimePlugin of DefaultRuntimePlugin [roughlyenoughitems]/" done in 11.66 μs
[23:59:08] [main/TRACE] [REI] [REIPlugin START] Reloading Section: "reloadable-plugin/DisplaySerializerRegistryImpl/AlloyForgeryCommonPlugin of AlloyForgeryCommonPlugin [alloy_forgery]/"
[23:59:08] [main/TRACE] [REI] [REIPlugin START] Reloading Section: "reloadable-plugin/DisplaySerializerRegistryImpl/AlloyForgeryCommonPlugin of AlloyForgeryCommonPlugin [alloy_forgery]/" done in 9.063 μs
[23:59:08] [main/TRACE] [REI] [REIPlugin START] Reloading Section: "reloadable-plugin/DisplaySerializerRegistryImpl/" done in 544.4 μs
[23:59:08] [main/TRACE] [REI] [REIPlugin START] Reloading Section: "reloadable-plugin/FluidSupportProviderImpl/"
[23:59:08] [main/TRACE] [REI] [REIPlugin START] Reloading Section: "reloadable-plugin/FluidSupportProviderImpl/DefaultPlugin of DefaultPlugin [roughlyenoughitems]/"
[23:59:08] [main/TRACE] [REI] [REIPlugin START] Reloading Section: "reloadable-plugin/FluidSupportProviderImpl/DefaultPlugin of DefaultPlugin [roughlyenoughitems]/" done in 596.7 μs
[23:59:08] [main/TRACE] [REI] [REIPlugin START] Reloading Section: "reloadable-plugin/FluidSupportProviderImpl/FabricFluidAPISupportPlugin/"
[23:59:08] [main/TRACE] [REI] [REIPlugin START] Reloading Section: "reloadable-plugin/FluidSupportProviderImpl/FabricFluidAPISupportPlugin/" done in 186.3 μs
[23:59:08] [main/TRACE] [REI] [REIPlugin START] Reloading Section: "reloadable-plugin/FluidSupportProviderImpl/DefaultRuntimePlugin of DefaultRuntimePlugin [roughlyenoughitems]/"
[23:59:08] [main/TRACE] [REI] [REIPlugin START] Reloading Section: "reloadable-plugin/FluidSupportProviderImpl/DefaultRuntimePlugin of DefaultRuntimePlugin [roughlyenoughitems]/" done in 13.74 μs
[23:59:08] [main/TRACE] [REI] [REIPlugin START] Reloading Section: "reloadable-plugin/FluidSupportProviderImpl/AlloyForgeryCommonPlugin of AlloyForgeryCommonPlugin [alloy_forgery]/"
[23:59:08] [main/TRACE] [REI] [REIPlugin START] Reloading Section: "reloadable-plugin/FluidSupportProviderImpl/AlloyForgeryCommonPlugin of AlloyForgeryCommonPlugin [alloy_forgery]/" done in 39.00 μs
[23:59:08] [main/TRACE] [REI] [REIPlugin START] Reloading Section: "reloadable-plugin/FluidSupportProviderImpl/" done in 1.498 ms
[23:59:08] [main/DEBUG] [REI] ========================================
[23:59:08] [main/DEBUG] [REI] REIPlugin ending main-reload for START.
[23:59:08] [main/DEBUG] [REI] ========================================
[23:59:08] [main/TRACE] [REI] [REIPlugin START] Reloading Section: "end-reload/"
[23:59:08] [main/TRACE] [REI] [REIPlugin START] Reloading Section: "end-reload/EntryTypeRegistryImpl/"
[23:59:08] [main/TRACE] [REI] [REIPlugin START] Reloading Section: "end-reload/EntryTypeRegistryImpl/" done in 13.53 μs
[23:59:08] [main/TRACE] [REI] [REIPlugin START] Reloading Section: "end-reload/EntrySettingsAdapterRegistryImpl/"
[23:59:08] [main/TRACE] [REI] [REIPlugin START] Reloading Section: "end-reload/EntrySettingsAdapterRegistryImpl/" done in 7.241 μs
[23:59:08] [main/TRACE] [REI] [REIPlugin START] Reloading Section: "end-reload/RecipeManagerContextImpl/"
[23:59:08] [main/TRACE] [REI] [REIPlugin START] Reloading Section: "end-reload/RecipeManagerContextImpl/" done in 4.917 μs
[23:59:08] [main/TRACE] [REI] [REIPlugin START] Reloading Section: "end-reload/ItemComparatorRegistryImpl/"
[23:59:08] [main/TRACE] [REI] [REIPlugin START] Reloading Section: "end-reload/ItemComparatorRegistryImpl/" done in 4.597 μs
[23:59:08] [main/TRACE] [REI] [REIPlugin START] Reloading Section: "end-reload/FluidComparatorRegistryImpl/"
[23:59:08] [main/TRACE] [REI] [REIPlugin START] Reloading Section: "end-reload/FluidComparatorRegistryImpl/" done in 4.707 μs
[23:59:08] [main/TRACE] [REI] [REIPlugin START] Reloading Section: "end-reload/DisplaySerializerRegistryImpl/"
[23:59:08] [main/TRACE] [REI] [REIPlugin START] Reloading Section: "end-reload/DisplaySerializerRegistryImpl/" done in 5.278 μs
[23:59:08] [main/TRACE] [REI] [REIPlugin START] Reloading Section: "end-reload/FluidSupportProviderImpl/"
[23:59:08] [main/TRACE] [REI] [REIPlugin START] Reloading Section: "end-reload/FluidSupportProviderImpl/" done in 4.437 μs
[23:59:08] [main/TRACE] [REI] [REIPlugin START] Reloading Section: "end-reload/" done in 829.1 μs
[23:59:08] [main/DEBUG] [REI] ========================================
[23:59:08] [main/DEBUG] [REI] REIPlugin ended main-reload for START in 19.46 ms.
[23:59:08] [main/DEBUG] [REI] ========================================
[23:59:08] [main/INFO] [REI] ~~~~~~~~~~~~~~~~~~~~~~~~~~~~~~~~~~~~~~~~
[23:59:08] [main/INFO] [REI] REIServerPlugin starting main-reload for START.
[23:59:08] [main/DEBUG] [REI] Reloadables (2):
[23:59:08] [main/DEBUG] [REI]  - MenuInfoRegistryImpl
[23:59:08] [main/DEBUG] [REI]  - SlotAccessorRegistryImpl
[23:59:08] [main/INFO] [REI] Plugins (4):
[23:59:08] [main/INFO] [REI]  - (-100.00) DefaultPlugin of DefaultPlugin [roughlyenoughitems]
[23:59:08] [main/INFO] [REI]  - (0.00) FabricFluidAPISupportPlugin
[23:59:08] [main/INFO] [REI]  - (0.00) DefaultRuntimePlugin of DefaultRuntimePlugin [roughlyenoughitems]
[23:59:08] [main/INFO] [REI]  - (0.00) AlloyForgeryCommonPlugin of AlloyForgeryCommonPlugin [alloy_forgery]
[23:59:08] [main/INFO] [REI] ~~~~~~~~~~~~~~~~~~~~~~~~~~~~~~~~~~~~~~~~
[23:59:08] [main/TRACE] [REI] [REIServerPlugin START] Reloading Section: "start-reload/"
[23:59:08] [main/TRACE] [REI] [REIServerPlugin START] Reloading Section: "start-reload/MenuInfoRegistryImpl/"
[23:59:08] [main/TRACE] [REI] [REIServerPlugin START] Reloading Section: "start-reload/MenuInfoRegistryImpl/" done in 9.604 μs
[23:59:08] [main/TRACE] [REI] [REIServerPlugin START] Reloading Section: "start-reload/SlotAccessorRegistryImpl/"
[23:59:08] [main/TRACE] [REI] [REIServerPlugin START] Reloading Section: "start-reload/SlotAccessorRegistryImpl/" done in 5.968 μs
[23:59:08] [main/TRACE] [REI] [REIServerPlugin START] Reloading Section: "start-reload/" done in 263.9 μs
[23:59:08] [main/DEBUG] [REI] ========================================
[23:59:08] [main/DEBUG] [REI] REIServerPlugin started main-reload for START.
[23:59:08] [main/DEBUG] [REI] ========================================
[23:59:08] [main/TRACE] [REI] [REIServerPlugin START] Reloading Section: "reloadable-plugin/MenuInfoRegistryImpl/"
[23:59:08] [main/TRACE] [REI] [REIServerPlugin START] Reloading Section: "reloadable-plugin/MenuInfoRegistryImpl/DefaultPlugin of DefaultPlugin [roughlyenoughitems]/"
[23:59:08] [main/TRACE] [REI] [REIServerPlugin START] Reloading Section: "reloadable-plugin/MenuInfoRegistryImpl/DefaultPlugin of DefaultPlugin [roughlyenoughitems]/" done in 10.52 μs
[23:59:08] [main/TRACE] [REI] [REIServerPlugin START] Reloading Section: "reloadable-plugin/MenuInfoRegistryImpl/FabricFluidAPISupportPlugin/"
[23:59:08] [main/TRACE] [REI] [REIServerPlugin START] Reloading Section: "reloadable-plugin/MenuInfoRegistryImpl/FabricFluidAPISupportPlugin/" done in 10.63 μs
[23:59:08] [main/TRACE] [REI] [REIServerPlugin START] Reloading Section: "reloadable-plugin/MenuInfoRegistryImpl/DefaultRuntimePlugin of DefaultRuntimePlugin [roughlyenoughitems]/"
[23:59:08] [main/TRACE] [REI] [REIServerPlugin START] Reloading Section: "reloadable-plugin/MenuInfoRegistryImpl/DefaultRuntimePlugin of DefaultRuntimePlugin [roughlyenoughitems]/" done in 9.904 μs
[23:59:08] [main/TRACE] [REI] [REIServerPlugin START] Reloading Section: "reloadable-plugin/MenuInfoRegistryImpl/AlloyForgeryCommonPlugin of AlloyForgeryCommonPlugin [alloy_forgery]/"
[23:59:08] [main/TRACE] [REI] [REIServerPlugin START] Reloading Section: "reloadable-plugin/MenuInfoRegistryImpl/AlloyForgeryCommonPlugin of AlloyForgeryCommonPlugin [alloy_forgery]/" done in 10.43 μs
[23:59:08] [main/TRACE] [REI] [REIServerPlugin START] Reloading Section: "reloadable-plugin/MenuInfoRegistryImpl/" done in 582.1 μs
[23:59:08] [main/TRACE] [REI] [REIServerPlugin START] Reloading Section: "reloadable-plugin/SlotAccessorRegistryImpl/"
[23:59:08] [main/TRACE] [REI] [REIServerPlugin START] Reloading Section: "reloadable-plugin/SlotAccessorRegistryImpl/DefaultPlugin of DefaultPlugin [roughlyenoughitems]/"
[23:59:08] [main/TRACE] [REI] [REIServerPlugin START] Reloading Section: "reloadable-plugin/SlotAccessorRegistryImpl/DefaultPlugin of DefaultPlugin [roughlyenoughitems]/" done in 22.88 μs
[23:59:08] [main/TRACE] [REI] [REIServerPlugin START] Reloading Section: "reloadable-plugin/SlotAccessorRegistryImpl/FabricFluidAPISupportPlugin/"
[23:59:08] [main/TRACE] [REI] [REIServerPlugin START] Reloading Section: "reloadable-plugin/SlotAccessorRegistryImpl/FabricFluidAPISupportPlugin/" done in 9.174 μs
[23:59:08] [main/TRACE] [REI] [REIServerPlugin START] Reloading Section: "reloadable-plugin/SlotAccessorRegistryImpl/DefaultRuntimePlugin of DefaultRuntimePlugin [roughlyenoughitems]/"
[23:59:08] [main/TRACE] [REI] [REIServerPlugin START] Reloading Section: "reloadable-plugin/SlotAccessorRegistryImpl/DefaultRuntimePlugin of DefaultRuntimePlugin [roughlyenoughitems]/" done in 10.73 μs
[23:59:08] [main/TRACE] [REI] [REIServerPlugin START] Reloading Section: "reloadable-plugin/SlotAccessorRegistryImpl/AlloyForgeryCommonPlugin of AlloyForgeryCommonPlugin [alloy_forgery]/"
[23:59:08] [main/TRACE] [REI] [REIServerPlugin START] Reloading Section: "reloadable-plugin/SlotAccessorRegistryImpl/AlloyForgeryCommonPlugin of AlloyForgeryCommonPlugin [alloy_forgery]/" done in 9.794 μs
[23:59:08] [main/TRACE] [REI] [REIServerPlugin START] Reloading Section: "reloadable-plugin/SlotAccessorRegistryImpl/" done in 602.9 μs
[23:59:08] [main/DEBUG] [REI] ========================================
[23:59:08] [main/DEBUG] [REI] REIServerPlugin ending main-reload for START.
[23:59:08] [main/DEBUG] [REI] ========================================
[23:59:08] [main/TRACE] [REI] [REIServerPlugin START] Reloading Section: "end-reload/"
[23:59:08] [main/TRACE] [REI] [REIServerPlugin START] Reloading Section: "end-reload/MenuInfoRegistryImpl/"
[23:59:08] [main/TRACE] [REI] [REIServerPlugin START] Reloading Section: "end-reload/MenuInfoRegistryImpl/" done in 7.912 μs
[23:59:08] [main/TRACE] [REI] [REIServerPlugin START] Reloading Section: "end-reload/SlotAccessorRegistryImpl/"
[23:59:08] [main/TRACE] [REI] [REIServerPlugin START] Reloading Section: "end-reload/SlotAccessorRegistryImpl/" done in 5.638 μs
[23:59:08] [main/TRACE] [REI] [REIServerPlugin START] Reloading Section: "end-reload/" done in 224.0 μs
[23:59:08] [main/DEBUG] [REI] ========================================
[23:59:08] [main/DEBUG] [REI] REIServerPlugin ended main-reload for START in 3.575 ms.
[23:59:08] [main/DEBUG] [REI] ========================================
[23:59:08] [main/DEBUG] [REI] ========================================
[23:59:08] [main/DEBUG] [REI] REIPlugin starting post-reload for START.
[23:59:08] [main/DEBUG] [REI] Reloadables (7):
[23:59:08] [main/DEBUG] [REI]  - EntryTypeRegistryImpl
[23:59:08] [main/DEBUG] [REI]  - EntrySettingsAdapterRegistryImpl
[23:59:08] [main/DEBUG] [REI]  - RecipeManagerContextImpl
[23:59:08] [main/DEBUG] [REI]  - ItemComparatorRegistryImpl
[23:59:08] [main/DEBUG] [REI]  - FluidComparatorRegistryImpl
[23:59:08] [main/DEBUG] [REI]  - DisplaySerializerRegistryImpl
[23:59:08] [main/DEBUG] [REI]  - FluidSupportProviderImpl
[23:59:08] [main/DEBUG] [REI] Plugins (4):
[23:59:08] [main/DEBUG] [REI]  - (-100.00) DefaultPlugin of DefaultPlugin [roughlyenoughitems]
[23:59:08] [main/DEBUG] [REI]  - (0.00) FabricFluidAPISupportPlugin
[23:59:08] [main/DEBUG] [REI]  - (0.00) DefaultRuntimePlugin of DefaultRuntimePlugin [roughlyenoughitems]
[23:59:08] [main/DEBUG] [REI]  - (0.00) AlloyForgeryCommonPlugin of AlloyForgeryCommonPlugin [alloy_forgery]
[23:59:08] [main/DEBUG] [REI] ========================================
[23:59:08] [main/TRACE] [REI] [REIPlugin START] Reloading Section: "post-register/"
[23:59:08] [main/TRACE] [REI] [REIPlugin START] Reloading Section: "post-register/DefaultPlugin of DefaultPlugin [roughlyenoughitems]/"
[23:59:08] [main/TRACE] [REI] [REIPlugin START] Reloading Section: "post-register/DefaultPlugin of DefaultPlugin [roughlyenoughitems]/" done in 208.2 μs
[23:59:08] [main/TRACE] [REI] [REIPlugin START] Reloading Section: "post-register/FabricFluidAPISupportPlugin/"
[23:59:08] [main/TRACE] [REI] [REIPlugin START] Reloading Section: "post-register/FabricFluidAPISupportPlugin/" done in 10.42 μs
[23:59:08] [main/TRACE] [REI] [REIPlugin START] Reloading Section: "post-register/DefaultRuntimePlugin of DefaultRuntimePlugin [roughlyenoughitems]/"
[23:59:08] [main/TRACE] [REI] [REIPlugin START] Reloading Section: "post-register/DefaultRuntimePlugin of DefaultRuntimePlugin [roughlyenoughitems]/" done in 7.932 μs
[23:59:08] [main/TRACE] [REI] [REIPlugin START] Reloading Section: "post-register/AlloyForgeryCommonPlugin of AlloyForgeryCommonPlugin [alloy_forgery]/"
[23:59:08] [main/TRACE] [REI] [REIPlugin START] Reloading Section: "post-register/AlloyForgeryCommonPlugin of AlloyForgeryCommonPlugin [alloy_forgery]/" done in 7.231 μs
[23:59:08] [main/TRACE] [REI] [REIPlugin START] Reloading Section: "post-register/" done in 1.252 ms
[23:59:08] [main/TRACE] [REI] [REIPlugin START] Reloading Section: "post-stage/"
[23:59:08] [main/TRACE] [REI] [REIPlugin START] Reloading Section: "post-stage/EntryTypeRegistryImpl/"
[23:59:08] [main/TRACE] [REI] [REIPlugin START] Reloading Section: "post-stage/EntryTypeRegistryImpl/" done in 10.96 μs
[23:59:08] [main/TRACE] [REI] [REIPlugin START] Reloading Section: "post-stage/EntrySettingsAdapterRegistryImpl/"
[23:59:08] [main/TRACE] [REI] [REIPlugin START] Reloading Section: "post-stage/EntrySettingsAdapterRegistryImpl/" done in 5.508 μs
[23:59:08] [main/TRACE] [REI] [REIPlugin START] Reloading Section: "post-stage/RecipeManagerContextImpl/"
[23:59:08] [main/TRACE] [REI] [REIPlugin START] Reloading Section: "post-stage/RecipeManagerContextImpl/" done in 4.377 μs
[23:59:08] [main/TRACE] [REI] [REIPlugin START] Reloading Section: "post-stage/ItemComparatorRegistryImpl/"
[23:59:08] [main/TRACE] [REI] [REIPlugin START] Reloading Section: "post-stage/ItemComparatorRegistryImpl/" done in 4.377 μs
[23:59:08] [main/TRACE] [REI] [REIPlugin START] Reloading Section: "post-stage/FluidComparatorRegistryImpl/"
[23:59:08] [main/TRACE] [REI] [REIPlugin START] Reloading Section: "post-stage/FluidComparatorRegistryImpl/" done in 4.667 μs
[23:59:08] [main/TRACE] [REI] [REIPlugin START] Reloading Section: "post-stage/DisplaySerializerRegistryImpl/"
[23:59:08] [main/TRACE] [REI] [REIPlugin START] Reloading Section: "post-stage/DisplaySerializerRegistryImpl/" done in 4.046 μs
[23:59:08] [main/TRACE] [REI] [REIPlugin START] Reloading Section: "post-stage/FluidSupportProviderImpl/"
[23:59:08] [main/TRACE] [REI] [REIPlugin START] Reloading Section: "post-stage/FluidSupportProviderImpl/" done in 3.535 μs
[23:59:08] [main/TRACE] [REI] [REIPlugin START] Reloading Section: "post-stage/" done in 631.2 μs
[23:59:08] [main/DEBUG] [REI] ========================================
[23:59:08] [main/INFO] [REI] REIPlugin finished post-reload for START in 2.047 ms, totaling 35.39 ms.
[23:59:08] [main/DEBUG] [REI] ========================================
[23:59:08] [main/DEBUG] [REI] ========================================
[23:59:08] [main/DEBUG] [REI] REIServerPlugin starting post-reload for START.
[23:59:08] [main/DEBUG] [REI] Reloadables (2):
[23:59:08] [main/DEBUG] [REI]  - MenuInfoRegistryImpl
[23:59:08] [main/DEBUG] [REI]  - SlotAccessorRegistryImpl
[23:59:08] [main/DEBUG] [REI] Plugins (4):
[23:59:08] [main/DEBUG] [REI]  - (-100.00) DefaultPlugin of DefaultPlugin [roughlyenoughitems]
[23:59:08] [main/DEBUG] [REI]  - (0.00) FabricFluidAPISupportPlugin
[23:59:08] [main/DEBUG] [REI]  - (0.00) DefaultRuntimePlugin of DefaultRuntimePlugin [roughlyenoughitems]
[23:59:08] [main/DEBUG] [REI]  - (0.00) AlloyForgeryCommonPlugin of AlloyForgeryCommonPlugin [alloy_forgery]
[23:59:08] [main/DEBUG] [REI] ========================================
[23:59:08] [main/TRACE] [REI] [REIServerPlugin START] Reloading Section: "post-register/"
[23:59:08] [main/TRACE] [REI] [REIServerPlugin START] Reloading Section: "post-register/DefaultPlugin of DefaultPlugin [roughlyenoughitems]/"
[23:59:08] [main/TRACE] [REI] [REIServerPlugin START] Reloading Section: "post-register/DefaultPlugin of DefaultPlugin [roughlyenoughitems]/" done in 11.37 μs
[23:59:08] [main/TRACE] [REI] [REIServerPlugin START] Reloading Section: "post-register/FabricFluidAPISupportPlugin/"
[23:59:08] [main/TRACE] [REI] [REIServerPlugin START] Reloading Section: "post-register/FabricFluidAPISupportPlugin/" done in 10.86 μs
[23:59:08] [main/TRACE] [REI] [REIServerPlugin START] Reloading Section: "post-register/DefaultRuntimePlugin of DefaultRuntimePlugin [roughlyenoughitems]/"
[23:59:08] [main/TRACE] [REI] [REIServerPlugin START] Reloading Section: "post-register/DefaultRuntimePlugin of DefaultRuntimePlugin [roughlyenoughitems]/" done in 7.552 μs
[23:59:08] [main/TRACE] [REI] [REIServerPlugin START] Reloading Section: "post-register/AlloyForgeryCommonPlugin of AlloyForgeryCommonPlugin [alloy_forgery]/"
[23:59:08] [main/TRACE] [REI] [REIServerPlugin START] Reloading Section: "post-register/AlloyForgeryCommonPlugin of AlloyForgeryCommonPlugin [alloy_forgery]/" done in 7.801 μs
[23:59:08] [main/TRACE] [REI] [REIServerPlugin START] Reloading Section: "post-register/" done in 531.6 μs
[23:59:08] [main/TRACE] [REI] [REIServerPlugin START] Reloading Section: "post-stage/"
[23:59:08] [main/TRACE] [REI] [REIServerPlugin START] Reloading Section: "post-stage/MenuInfoRegistryImpl/"
[23:59:08] [main/TRACE] [REI] [REIServerPlugin START] Reloading Section: "post-stage/MenuInfoRegistryImpl/" done in 7.091 μs
[23:59:08] [main/TRACE] [REI] [REIServerPlugin START] Reloading Section: "post-stage/SlotAccessorRegistryImpl/"
[23:59:08] [main/TRACE] [REI] [REIServerPlugin START] Reloading Section: "post-stage/SlotAccessorRegistryImpl/" done in 5.078 μs
[23:59:08] [main/TRACE] [REI] [REIServerPlugin START] Reloading Section: "post-stage/" done in 271.4 μs
[23:59:08] [main/DEBUG] [REI] ========================================
[23:59:08] [main/INFO] [REI] REIServerPlugin finished post-reload for START in 1.029 ms, totaling 5.568 ms.
[23:59:08] [main/DEBUG] [REI] ========================================
[23:59:08] [main/DEBUG] [REI] ========================================
[23:59:08] [main/DEBUG] [REI] REIPlugin starting pre-reload for END.
[23:59:08] [main/DEBUG] [REI] Reloadables (7):
[23:59:08] [main/DEBUG] [REI]  - EntryTypeRegistryImpl
[23:59:08] [main/DEBUG] [REI]  - EntrySettingsAdapterRegistryImpl
[23:59:08] [main/DEBUG] [REI]  - RecipeManagerContextImpl
[23:59:08] [main/DEBUG] [REI]  - ItemComparatorRegistryImpl
[23:59:08] [main/DEBUG] [REI]  - FluidComparatorRegistryImpl
[23:59:08] [main/DEBUG] [REI]  - DisplaySerializerRegistryImpl
[23:59:08] [main/DEBUG] [REI]  - FluidSupportProviderImpl
[23:59:08] [main/DEBUG] [REI] Plugins (4):
[23:59:08] [main/DEBUG] [REI]  - (-100.00) DefaultPlugin of DefaultPlugin [roughlyenoughitems]
[23:59:08] [main/DEBUG] [REI]  - (0.00) FabricFluidAPISupportPlugin
[23:59:08] [main/DEBUG] [REI]  - (0.00) DefaultRuntimePlugin of DefaultRuntimePlugin [roughlyenoughitems]
[23:59:08] [main/DEBUG] [REI]  - (0.00) AlloyForgeryCommonPlugin of AlloyForgeryCommonPlugin [alloy_forgery]
[23:59:08] [main/DEBUG] [REI] ========================================
[23:59:08] [main/TRACE] [REI] [REIPlugin END] Reloading Section: "pre-register/"
[23:59:08] [main/TRACE] [REI] [REIPlugin END] Reloading Section: "pre-register/DefaultPlugin of DefaultPlugin [roughlyenoughitems]/"
[23:59:08] [main/TRACE] [REI] [REIPlugin END] Reloading Section: "pre-register/DefaultPlugin of DefaultPlugin [roughlyenoughitems]/" done in 11.71 μs
[23:59:08] [main/TRACE] [REI] [REIPlugin END] Reloading Section: "pre-register/FabricFluidAPISupportPlugin/"
[23:59:08] [main/TRACE] [REI] [REIPlugin END] Reloading Section: "pre-register/FabricFluidAPISupportPlugin/" done in 9.204 μs
[23:59:08] [main/TRACE] [REI] [REIPlugin END] Reloading Section: "pre-register/DefaultRuntimePlugin of DefaultRuntimePlugin [roughlyenoughitems]/"
[23:59:08] [main/TRACE] [REI] [REIPlugin END] Reloading Section: "pre-register/DefaultRuntimePlugin of DefaultRuntimePlugin [roughlyenoughitems]/" done in 8.623 μs
[23:59:08] [main/TRACE] [REI] [REIPlugin END] Reloading Section: "pre-register/AlloyForgeryCommonPlugin of AlloyForgeryCommonPlugin [alloy_forgery]/"
[23:59:08] [main/TRACE] [REI] [REIPlugin END] Reloading Section: "pre-register/AlloyForgeryCommonPlugin of AlloyForgeryCommonPlugin [alloy_forgery]/" done in 9.334 μs
[23:59:08] [main/TRACE] [REI] [REIPlugin END] Reloading Section: "pre-register/" done in 633.4 μs
[23:59:08] [main/TRACE] [REI] [REIPlugin END] Reloading Section: "pre-stage/"
[23:59:08] [main/TRACE] [REI] [REIPlugin END] Reloading Section: "pre-stage/EntryTypeRegistryImpl/"
[23:59:08] [main/TRACE] [REI] [REIPlugin END] Reloading Section: "pre-stage/EntryTypeRegistryImpl/" done in 6.870 μs
[23:59:08] [main/TRACE] [REI] [REIPlugin END] Reloading Section: "pre-stage/EntrySettingsAdapterRegistryImpl/"
[23:59:08] [main/TRACE] [REI] [REIPlugin END] Reloading Section: "pre-stage/EntrySettingsAdapterRegistryImpl/" done in 6.570 μs
[23:59:08] [main/TRACE] [REI] [REIPlugin END] Reloading Section: "pre-stage/RecipeManagerContextImpl/"
[23:59:08] [main/TRACE] [REI] [REIPlugin END] Reloading Section: "pre-stage/RecipeManagerContextImpl/" done in 7.451 μs
[23:59:08] [main/TRACE] [REI] [REIPlugin END] Reloading Section: "pre-stage/ItemComparatorRegistryImpl/"
[23:59:08] [main/TRACE] [REI] [REIPlugin END] Reloading Section: "pre-stage/ItemComparatorRegistryImpl/" done in 5.998 μs
[23:59:08] [main/TRACE] [REI] [REIPlugin END] Reloading Section: "pre-stage/FluidComparatorRegistryImpl/"
[23:59:08] [main/TRACE] [REI] [REIPlugin END] Reloading Section: "pre-stage/FluidComparatorRegistryImpl/" done in 10.37 μs
[23:59:08] [main/TRACE] [REI] [REIPlugin END] Reloading Section: "pre-stage/DisplaySerializerRegistryImpl/"
[23:59:08] [main/TRACE] [REI] [REIPlugin END] Reloading Section: "pre-stage/DisplaySerializerRegistryImpl/" done in 5.458 μs
[23:59:08] [main/TRACE] [REI] [REIPlugin END] Reloading Section: "pre-stage/FluidSupportProviderImpl/"
[23:59:08] [main/TRACE] [REI] [REIPlugin END] Reloading Section: "pre-stage/FluidSupportProviderImpl/" done in 6.960 μs
[23:59:08] [main/TRACE] [REI] [REIPlugin END] Reloading Section: "pre-stage/" done in 900.1 μs
[23:59:08] [main/DEBUG] [REI] ========================================
[23:59:08] [main/DEBUG] [REI] REIPlugin finished pre-reload for END in 1.744 ms.
[23:59:08] [main/DEBUG] [REI] ========================================
[23:59:08] [main/DEBUG] [REI] ========================================
[23:59:08] [main/DEBUG] [REI] REIServerPlugin starting pre-reload for END.
[23:59:08] [main/DEBUG] [REI] Reloadables (2):
[23:59:08] [main/DEBUG] [REI]  - MenuInfoRegistryImpl
[23:59:08] [main/DEBUG] [REI]  - SlotAccessorRegistryImpl
[23:59:08] [main/DEBUG] [REI] Plugins (4):
[23:59:08] [main/DEBUG] [REI]  - (-100.00) DefaultPlugin of DefaultPlugin [roughlyenoughitems]
[23:59:08] [main/DEBUG] [REI]  - (0.00) FabricFluidAPISupportPlugin
[23:59:08] [main/DEBUG] [REI]  - (0.00) DefaultRuntimePlugin of DefaultRuntimePlugin [roughlyenoughitems]
[23:59:08] [main/DEBUG] [REI]  - (0.00) AlloyForgeryCommonPlugin of AlloyForgeryCommonPlugin [alloy_forgery]
[23:59:08] [main/DEBUG] [REI] ========================================
[23:59:08] [main/TRACE] [REI] [REIServerPlugin END] Reloading Section: "pre-register/"
[23:59:08] [main/TRACE] [REI] [REIServerPlugin END] Reloading Section: "pre-register/DefaultPlugin of DefaultPlugin [roughlyenoughitems]/"
[23:59:08] [main/TRACE] [REI] [REIServerPlugin END] Reloading Section: "pre-register/DefaultPlugin of DefaultPlugin [roughlyenoughitems]/" done in 10.26 μs
[23:59:08] [main/TRACE] [REI] [REIServerPlugin END] Reloading Section: "pre-register/FabricFluidAPISupportPlugin/"
[23:59:08] [main/TRACE] [REI] [REIServerPlugin END] Reloading Section: "pre-register/FabricFluidAPISupportPlugin/" done in 7.562 μs
[23:59:08] [main/TRACE] [REI] [REIServerPlugin END] Reloading Section: "pre-register/DefaultRuntimePlugin of DefaultRuntimePlugin [roughlyenoughitems]/"
[23:59:08] [main/TRACE] [REI] [REIServerPlugin END] Reloading Section: "pre-register/DefaultRuntimePlugin of DefaultRuntimePlugin [roughlyenoughitems]/" done in 8.463 μs
[23:59:08] [main/TRACE] [REI] [REIServerPlugin END] Reloading Section: "pre-register/AlloyForgeryCommonPlugin of AlloyForgeryCommonPlugin [alloy_forgery]/"
[23:59:08] [main/TRACE] [REI] [REIServerPlugin END] Reloading Section: "pre-register/AlloyForgeryCommonPlugin of AlloyForgeryCommonPlugin [alloy_forgery]/" done in 7.271 μs
[23:59:08] [main/TRACE] [REI] [REIServerPlugin END] Reloading Section: "pre-register/" done in 462.1 μs
[23:59:08] [main/TRACE] [REI] [REIServerPlugin END] Reloading Section: "pre-stage/"
[23:59:08] [main/TRACE] [REI] [REIServerPlugin END] Reloading Section: "pre-stage/MenuInfoRegistryImpl/"
[23:59:08] [main/TRACE] [REI] [REIServerPlugin END] Reloading Section: "pre-stage/MenuInfoRegistryImpl/" done in 14.00 μs
[23:59:08] [main/TRACE] [REI] [REIServerPlugin END] Reloading Section: "pre-stage/SlotAccessorRegistryImpl/"
[23:59:08] [main/TRACE] [REI] [REIServerPlugin END] Reloading Section: "pre-stage/SlotAccessorRegistryImpl/" done in 6.570 μs
[23:59:08] [main/TRACE] [REI] [REIServerPlugin END] Reloading Section: "pre-stage/" done in 360.9 μs
[23:59:08] [main/DEBUG] [REI] ========================================
[23:59:08] [main/DEBUG] [REI] REIServerPlugin finished pre-reload for END in 1.376 ms.
[23:59:08] [main/DEBUG] [REI] ========================================
[23:59:08] [main/INFO] [REI] ****************************************
[23:59:08] [main/INFO] [REI] REIPlugin starting main-reload for END.
[23:59:08] [main/DEBUG] [REI] Reloadables (7):
[23:59:08] [main/DEBUG] [REI]  - EntryTypeRegistryImpl
[23:59:08] [main/DEBUG] [REI]  - EntrySettingsAdapterRegistryImpl
[23:59:08] [main/DEBUG] [REI]  - RecipeManagerContextImpl
[23:59:08] [main/DEBUG] [REI]  - ItemComparatorRegistryImpl
[23:59:08] [main/DEBUG] [REI]  - FluidComparatorRegistryImpl
[23:59:08] [main/DEBUG] [REI]  - DisplaySerializerRegistryImpl
[23:59:08] [main/DEBUG] [REI]  - FluidSupportProviderImpl
[23:59:08] [main/INFO] [REI] Plugins (4):
[23:59:08] [main/INFO] [REI]  - (-100.00) DefaultPlugin of DefaultPlugin [roughlyenoughitems]
[23:59:08] [main/INFO] [REI]  - (0.00) FabricFluidAPISupportPlugin
[23:59:08] [main/INFO] [REI]  - (0.00) DefaultRuntimePlugin of DefaultRuntimePlugin [roughlyenoughitems]
[23:59:08] [main/INFO] [REI]  - (0.00) AlloyForgeryCommonPlugin of AlloyForgeryCommonPlugin [alloy_forgery]
[23:59:08] [main/INFO] [REI] ****************************************
[23:59:08] [main/TRACE] [REI] [REIPlugin END] Reloading Section: "start-reload/"
[23:59:08] [main/TRACE] [REI] [REIPlugin END] Reloading Section: "start-reload/EntryTypeRegistryImpl/"
[23:59:08] [main/TRACE] [REI] [REIPlugin END] Reloading Section: "start-reload/EntryTypeRegistryImpl/" done in 13.59 μs
[23:59:08] [main/TRACE] [REI] [REIPlugin END] Reloading Section: "start-reload/EntrySettingsAdapterRegistryImpl/"
[23:59:08] [main/TRACE] [REI] [REIPlugin END] Reloading Section: "start-reload/EntrySettingsAdapterRegistryImpl/" done in 40.75 μs
[23:59:08] [main/TRACE] [REI] [REIPlugin END] Reloading Section: "start-reload/RecipeManagerContextImpl/"
[23:59:08] [main/TRACE] [REI] [REIPlugin END] Reloading Section: "start-reload/RecipeManagerContextImpl/" done in 7.251 μs
[23:59:08] [main/TRACE] [REI] [REIPlugin END] Reloading Section: "start-reload/ItemComparatorRegistryImpl/"
[23:59:08] [main/TRACE] [REI] [REIPlugin END] Reloading Section: "start-reload/ItemComparatorRegistryImpl/" done in 5.017 μs
[23:59:08] [main/TRACE] [REI] [REIPlugin END] Reloading Section: "start-reload/FluidComparatorRegistryImpl/"
[23:59:08] [main/TRACE] [REI] [REIPlugin END] Reloading Section: "start-reload/FluidComparatorRegistryImpl/" done in 8.883 μs
[23:59:08] [main/TRACE] [REI] [REIPlugin END] Reloading Section: "start-reload/DisplaySerializerRegistryImpl/"
[23:59:08] [main/TRACE] [REI] [REIPlugin END] Reloading Section: "start-reload/DisplaySerializerRegistryImpl/" done in 11.71 μs
[23:59:08] [main/TRACE] [REI] [REIPlugin END] Reloading Section: "start-reload/FluidSupportProviderImpl/"
[23:59:08] [main/TRACE] [REI] [REIPlugin END] Reloading Section: "start-reload/FluidSupportProviderImpl/" done in 5.227 μs
[23:59:08] [main/TRACE] [REI] [REIPlugin END] Reloading Section: "start-reload/" done in 718.1 μs
[23:59:08] [main/DEBUG] [REI] ========================================
[23:59:08] [main/DEBUG] [REI] REIPlugin started main-reload for END.
[23:59:08] [main/DEBUG] [REI] ========================================
[23:59:08] [main/TRACE] [REI] [REIPlugin END] Reloading Section: "reloadable-plugin/EntryTypeRegistryImpl/"
[23:59:08] [main/TRACE] [REI] [REIPlugin END] Reloading Section: "reloadable-plugin/EntryTypeRegistryImpl/DefaultPlugin of DefaultPlugin [roughlyenoughitems]/"
[23:59:08] [main/TRACE] [REI] [REIPlugin END] Reloading Section: "reloadable-plugin/EntryTypeRegistryImpl/DefaultPlugin of DefaultPlugin [roughlyenoughitems]/" done in 11.79 μs
[23:59:08] [main/TRACE] [REI] [REIPlugin END] Reloading Section: "reloadable-plugin/EntryTypeRegistryImpl/FabricFluidAPISupportPlugin/"
[23:59:08] [main/TRACE] [REI] [REIPlugin END] Reloading Section: "reloadable-plugin/EntryTypeRegistryImpl/FabricFluidAPISupportPlugin/" done in 9.404 μs
[23:59:08] [main/TRACE] [REI] [REIPlugin END] Reloading Section: "reloadable-plugin/EntryTypeRegistryImpl/DefaultRuntimePlugin of DefaultRuntimePlugin [roughlyenoughitems]/"
[23:59:08] [main/TRACE] [REI] [REIPlugin END] Reloading Section: "reloadable-plugin/EntryTypeRegistryImpl/DefaultRuntimePlugin of DefaultRuntimePlugin [roughlyenoughitems]/" done in 9.474 μs
[23:59:08] [main/TRACE] [REI] [REIPlugin END] Reloading Section: "reloadable-plugin/EntryTypeRegistryImpl/AlloyForgeryCommonPlugin of AlloyForgeryCommonPlugin [alloy_forgery]/"
[23:59:08] [main/TRACE] [REI] [REIPlugin END] Reloading Section: "reloadable-plugin/EntryTypeRegistryImpl/AlloyForgeryCommonPlugin of AlloyForgeryCommonPlugin [alloy_forgery]/" done in 7.692 μs
[23:59:08] [main/TRACE] [REI] [REIPlugin END] Reloading Section: "reloadable-plugin/EntryTypeRegistryImpl/" done in 343.2 μs
[23:59:08] [main/TRACE] [REI] [REIPlugin END] Reloading Section: "reloadable-plugin/EntrySettingsAdapterRegistryImpl/"
[23:59:08] [main/TRACE] [REI] [REIPlugin END] Reloading Section: "reloadable-plugin/EntrySettingsAdapterRegistryImpl/DefaultPlugin of DefaultPlugin [roughlyenoughitems]/"
[23:59:08] [main/TRACE] [REI] [REIPlugin END] Reloading Section: "reloadable-plugin/EntrySettingsAdapterRegistryImpl/DefaultPlugin of DefaultPlugin [roughlyenoughitems]/" done in 16.75 μs
[23:59:08] [main/TRACE] [REI] [REIPlugin END] Reloading Section: "reloadable-plugin/EntrySettingsAdapterRegistryImpl/FabricFluidAPISupportPlugin/"
[23:59:08] [main/TRACE] [REI] [REIPlugin END] Reloading Section: "reloadable-plugin/EntrySettingsAdapterRegistryImpl/FabricFluidAPISupportPlugin/" done in 8.232 μs
[23:59:08] [main/TRACE] [REI] [REIPlugin END] Reloading Section: "reloadable-plugin/EntrySettingsAdapterRegistryImpl/DefaultRuntimePlugin of DefaultRuntimePlugin [roughlyenoughitems]/"
[23:59:08] [main/TRACE] [REI] [REIPlugin END] Reloading Section: "reloadable-plugin/EntrySettingsAdapterRegistryImpl/DefaultRuntimePlugin of DefaultRuntimePlugin [roughlyenoughitems]/" done in 14.01 μs
[23:59:08] [main/TRACE] [REI] [REIPlugin END] Reloading Section: "reloadable-plugin/EntrySettingsAdapterRegistryImpl/AlloyForgeryCommonPlugin of AlloyForgeryCommonPlugin [alloy_forgery]/"
[23:59:08] [main/TRACE] [REI] [REIPlugin END] Reloading Section: "reloadable-plugin/EntrySettingsAdapterRegistryImpl/AlloyForgeryCommonPlugin of AlloyForgeryCommonPlugin [alloy_forgery]/" done in 8.923 μs
[23:59:08] [main/TRACE] [REI] [REIPlugin END] Reloading Section: "reloadable-plugin/EntrySettingsAdapterRegistryImpl/" done in 310.3 μs
[23:59:08] [main/TRACE] [REI] [REIPlugin END] Reloading Section: "reloadable-plugin/RecipeManagerContextImpl/"
[23:59:08] [main/TRACE] [REI] [REIPlugin END] Reloading Section: "reloadable-plugin/RecipeManagerContextImpl/DefaultPlugin of DefaultPlugin [roughlyenoughitems]/"
[23:59:08] [main/TRACE] [REI] [REIPlugin END] Reloading Section: "reloadable-plugin/RecipeManagerContextImpl/DefaultPlugin of DefaultPlugin [roughlyenoughitems]/" done in 10.33 μs
[23:59:08] [main/TRACE] [REI] [REIPlugin END] Reloading Section: "reloadable-plugin/RecipeManagerContextImpl/FabricFluidAPISupportPlugin/"
[23:59:08] [main/TRACE] [REI] [REIPlugin END] Reloading Section: "reloadable-plugin/RecipeManagerContextImpl/FabricFluidAPISupportPlugin/" done in 9.574 μs
[23:59:08] [main/TRACE] [REI] [REIPlugin END] Reloading Section: "reloadable-plugin/RecipeManagerContextImpl/DefaultRuntimePlugin of DefaultRuntimePlugin [roughlyenoughitems]/"
[23:59:08] [main/TRACE] [REI] [REIPlugin END] Reloading Section: "reloadable-plugin/RecipeManagerContextImpl/DefaultRuntimePlugin of DefaultRuntimePlugin [roughlyenoughitems]/" done in 8.643 μs
[23:59:08] [main/TRACE] [REI] [REIPlugin END] Reloading Section: "reloadable-plugin/RecipeManagerContextImpl/AlloyForgeryCommonPlugin of AlloyForgeryCommonPlugin [alloy_forgery]/"
[23:59:08] [main/TRACE] [REI] [REIPlugin END] Reloading Section: "reloadable-plugin/RecipeManagerContextImpl/AlloyForgeryCommonPlugin of AlloyForgeryCommonPlugin [alloy_forgery]/" done in 8.582 μs
[23:59:08] [main/TRACE] [REI] [REIPlugin END] Reloading Section: "reloadable-plugin/RecipeManagerContextImpl/" done in 309.8 μs
[23:59:08] [main/TRACE] [REI] [REIPlugin END] Reloading Section: "reloadable-plugin/ItemComparatorRegistryImpl/"
[23:59:08] [main/TRACE] [REI] [REIPlugin END] Reloading Section: "reloadable-plugin/ItemComparatorRegistryImpl/DefaultPlugin of DefaultPlugin [roughlyenoughitems]/"
[23:59:08] [main/TRACE] [REI] [REIPlugin END] Reloading Section: "reloadable-plugin/ItemComparatorRegistryImpl/DefaultPlugin of DefaultPlugin [roughlyenoughitems]/" done in 8.382 μs
[23:59:08] [main/TRACE] [REI] [REIPlugin END] Reloading Section: "reloadable-plugin/ItemComparatorRegistryImpl/FabricFluidAPISupportPlugin/"
[23:59:08] [main/TRACE] [REI] [REIPlugin END] Reloading Section: "reloadable-plugin/ItemComparatorRegistryImpl/FabricFluidAPISupportPlugin/" done in 7.301 μs
[23:59:08] [main/TRACE] [REI] [REIPlugin END] Reloading Section: "reloadable-plugin/ItemComparatorRegistryImpl/DefaultRuntimePlugin of DefaultRuntimePlugin [roughlyenoughitems]/"
[23:59:08] [main/TRACE] [REI] [REIPlugin END] Reloading Section: "reloadable-plugin/ItemComparatorRegistryImpl/DefaultRuntimePlugin of DefaultRuntimePlugin [roughlyenoughitems]/" done in 129.0 μs
[23:59:08] [main/TRACE] [REI] [REIPlugin END] Reloading Section: "reloadable-plugin/ItemComparatorRegistryImpl/AlloyForgeryCommonPlugin of AlloyForgeryCommonPlugin [alloy_forgery]/"
[23:59:08] [main/TRACE] [REI] [REIPlugin END] Reloading Section: "reloadable-plugin/ItemComparatorRegistryImpl/AlloyForgeryCommonPlugin of AlloyForgeryCommonPlugin [alloy_forgery]/" done in 9.655 μs
[23:59:08] [main/TRACE] [REI] [REIPlugin END] Reloading Section: "reloadable-plugin/ItemComparatorRegistryImpl/" done in 484.3 μs
[23:59:08] [main/TRACE] [REI] [REIPlugin END] Reloading Section: "reloadable-plugin/FluidComparatorRegistryImpl/"
[23:59:08] [main/TRACE] [REI] [REIPlugin END] Reloading Section: "reloadable-plugin/FluidComparatorRegistryImpl/DefaultPlugin of DefaultPlugin [roughlyenoughitems]/"
[23:59:08] [main/TRACE] [REI] [REIPlugin END] Reloading Section: "reloadable-plugin/FluidComparatorRegistryImpl/DefaultPlugin of DefaultPlugin [roughlyenoughitems]/" done in 10.63 μs
[23:59:08] [main/TRACE] [REI] [REIPlugin END] Reloading Section: "reloadable-plugin/FluidComparatorRegistryImpl/FabricFluidAPISupportPlugin/"
[23:59:08] [main/TRACE] [REI] [REIPlugin END] Reloading Section: "reloadable-plugin/FluidComparatorRegistryImpl/FabricFluidAPISupportPlugin/" done in 11.97 μs
[23:59:08] [main/TRACE] [REI] [REIPlugin END] Reloading Section: "reloadable-plugin/FluidComparatorRegistryImpl/DefaultRuntimePlugin of DefaultRuntimePlugin [roughlyenoughitems]/"
[23:59:08] [main/TRACE] [REI] [REIPlugin END] Reloading Section: "reloadable-plugin/FluidComparatorRegistryImpl/DefaultRuntimePlugin of DefaultRuntimePlugin [roughlyenoughitems]/" done in 10.27 μs
[23:59:08] [main/TRACE] [REI] [REIPlugin END] Reloading Section: "reloadable-plugin/FluidComparatorRegistryImpl/AlloyForgeryCommonPlugin of AlloyForgeryCommonPlugin [alloy_forgery]/"
[23:59:08] [main/TRACE] [REI] [REIPlugin END] Reloading Section: "reloadable-plugin/FluidComparatorRegistryImpl/AlloyForgeryCommonPlugin of AlloyForgeryCommonPlugin [alloy_forgery]/" done in 10.23 μs
[23:59:08] [main/TRACE] [REI] [REIPlugin END] Reloading Section: "reloadable-plugin/FluidComparatorRegistryImpl/" done in 523.3 μs
[23:59:08] [main/TRACE] [REI] [REIPlugin END] Reloading Section: "reloadable-plugin/DisplaySerializerRegistryImpl/"
[23:59:08] [main/TRACE] [REI] [REIPlugin END] Reloading Section: "reloadable-plugin/DisplaySerializerRegistryImpl/DefaultPlugin of DefaultPlugin [roughlyenoughitems]/"
[23:59:08] [main/TRACE] [REI] [REIPlugin END] Reloading Section: "reloadable-plugin/DisplaySerializerRegistryImpl/DefaultPlugin of DefaultPlugin [roughlyenoughitems]/" done in 37.53 ms
[23:59:08] [main/TRACE] [REI] [REIPlugin END] Reloading Section: "reloadable-plugin/DisplaySerializerRegistryImpl/FabricFluidAPISupportPlugin/"
[23:59:08] [main/TRACE] [REI] [REIPlugin END] Reloading Section: "reloadable-plugin/DisplaySerializerRegistryImpl/FabricFluidAPISupportPlugin/" done in 42.30 μs
[23:59:08] [main/TRACE] [REI] [REIPlugin END] Reloading Section: "reloadable-plugin/DisplaySerializerRegistryImpl/DefaultRuntimePlugin of DefaultRuntimePlugin [roughlyenoughitems]/"
[23:59:08] [main/TRACE] [REI] [REIPlugin END] Reloading Section: "reloadable-plugin/DisplaySerializerRegistryImpl/DefaultRuntimePlugin of DefaultRuntimePlugin [roughlyenoughitems]/" done in 21.09 μs
[23:59:08] [main/TRACE] [REI] [REIPlugin END] Reloading Section: "reloadable-plugin/DisplaySerializerRegistryImpl/AlloyForgeryCommonPlugin of AlloyForgeryCommonPlugin [alloy_forgery]/"
[23:59:08] [main/TRACE] [REI] [REIPlugin END] Reloading Section: "reloadable-plugin/DisplaySerializerRegistryImpl/AlloyForgeryCommonPlugin of AlloyForgeryCommonPlugin [alloy_forgery]/" done in 1.056 ms
[23:59:08] [main/TRACE] [REI] [REIPlugin END] Reloading Section: "reloadable-plugin/DisplaySerializerRegistryImpl/" done in 40.83 ms
[23:59:08] [main/TRACE] [REI] [REIPlugin END] Reloading Section: "reloadable-plugin/FluidSupportProviderImpl/"
[23:59:08] [main/TRACE] [REI] [REIPlugin END] Reloading Section: "reloadable-plugin/FluidSupportProviderImpl/DefaultPlugin of DefaultPlugin [roughlyenoughitems]/"
[23:59:08] [main/TRACE] [REI] [REIPlugin END] Reloading Section: "reloadable-plugin/FluidSupportProviderImpl/DefaultPlugin of DefaultPlugin [roughlyenoughitems]/" done in 12.73 μs
[23:59:08] [main/TRACE] [REI] [REIPlugin END] Reloading Section: "reloadable-plugin/FluidSupportProviderImpl/FabricFluidAPISupportPlugin/"
[23:59:08] [main/TRACE] [REI] [REIPlugin END] Reloading Section: "reloadable-plugin/FluidSupportProviderImpl/FabricFluidAPISupportPlugin/" done in 24.98 μs
[23:59:08] [main/TRACE] [REI] [REIPlugin END] Reloading Section: "reloadable-plugin/FluidSupportProviderImpl/DefaultRuntimePlugin of DefaultRuntimePlugin [roughlyenoughitems]/"
[23:59:08] [main/TRACE] [REI] [REIPlugin END] Reloading Section: "reloadable-plugin/FluidSupportProviderImpl/DefaultRuntimePlugin of DefaultRuntimePlugin [roughlyenoughitems]/" done in 10.50 μs
[23:59:08] [main/TRACE] [REI] [REIPlugin END] Reloading Section: "reloadable-plugin/FluidSupportProviderImpl/AlloyForgeryCommonPlugin of AlloyForgeryCommonPlugin [alloy_forgery]/"
[23:59:08] [main/TRACE] [REI] [REIPlugin END] Reloading Section: "reloadable-plugin/FluidSupportProviderImpl/AlloyForgeryCommonPlugin of AlloyForgeryCommonPlugin [alloy_forgery]/" done in 11.61 μs
[23:59:08] [main/TRACE] [REI] [REIPlugin END] Reloading Section: "reloadable-plugin/FluidSupportProviderImpl/" done in 579.1 μs
[23:59:08] [main/DEBUG] [REI] ========================================
[23:59:08] [main/DEBUG] [REI] REIPlugin ending main-reload for END.
[23:59:08] [main/DEBUG] [REI] ========================================
[23:59:08] [main/TRACE] [REI] [REIPlugin END] Reloading Section: "end-reload/"
[23:59:08] [main/TRACE] [REI] [REIPlugin END] Reloading Section: "end-reload/EntryTypeRegistryImpl/"
[23:59:08] [main/TRACE] [REI] [REIPlugin END] Reloading Section: "end-reload/EntryTypeRegistryImpl/" done in 6.239 μs
[23:59:08] [main/TRACE] [REI] [REIPlugin END] Reloading Section: "end-reload/EntrySettingsAdapterRegistryImpl/"
[23:59:08] [main/TRACE] [REI] [REIPlugin END] Reloading Section: "end-reload/EntrySettingsAdapterRegistryImpl/" done in 7.110 μs
[23:59:08] [main/TRACE] [REI] [REIPlugin END] Reloading Section: "end-reload/RecipeManagerContextImpl/"
[23:59:08] [main/TRACE] [REI] [REIPlugin END] Reloading Section: "end-reload/RecipeManagerContextImpl/" done in 6.059 μs
[23:59:08] [main/TRACE] [REI] [REIPlugin END] Reloading Section: "end-reload/ItemComparatorRegistryImpl/"
[23:59:08] [main/TRACE] [REI] [REIPlugin END] Reloading Section: "end-reload/ItemComparatorRegistryImpl/" done in 5.708 μs
[23:59:08] [main/TRACE] [REI] [REIPlugin END] Reloading Section: "end-reload/FluidComparatorRegistryImpl/"
[23:59:08] [main/TRACE] [REI] [REIPlugin END] Reloading Section: "end-reload/FluidComparatorRegistryImpl/" done in 4.998 μs
[23:59:08] [main/TRACE] [REI] [REIPlugin END] Reloading Section: "end-reload/DisplaySerializerRegistryImpl/"
[23:59:08] [main/TRACE] [REI] [REIPlugin END] Reloading Section: "end-reload/DisplaySerializerRegistryImpl/" done in 4.907 μs
[23:59:08] [main/TRACE] [REI] [REIPlugin END] Reloading Section: "end-reload/FluidSupportProviderImpl/"
[23:59:08] [main/TRACE] [REI] [REIPlugin END] Reloading Section: "end-reload/FluidSupportProviderImpl/" done in 4.117 μs
[23:59:08] [main/TRACE] [REI] [REIPlugin END] Reloading Section: "end-reload/" done in 758.2 μs
[23:59:08] [main/DEBUG] [REI] ========================================
[23:59:08] [main/DEBUG] [REI] REIPlugin ended main-reload for END in 47.70 ms.
[23:59:08] [main/DEBUG] [REI] ========================================
[23:59:08] [main/INFO] [REI] ~~~~~~~~~~~~~~~~~~~~~~~~~~~~~~~~~~~~~~~~
[23:59:08] [main/INFO] [REI] REIServerPlugin starting main-reload for END.
[23:59:08] [main/DEBUG] [REI] Reloadables (2):
[23:59:08] [main/DEBUG] [REI]  - MenuInfoRegistryImpl
[23:59:08] [main/DEBUG] [REI]  - SlotAccessorRegistryImpl
[23:59:08] [main/INFO] [REI] Plugins (4):
[23:59:08] [main/INFO] [REI]  - (-100.00) DefaultPlugin of DefaultPlugin [roughlyenoughitems]
[23:59:08] [main/INFO] [REI]  - (0.00) FabricFluidAPISupportPlugin
[23:59:08] [main/INFO] [REI]  - (0.00) DefaultRuntimePlugin of DefaultRuntimePlugin [roughlyenoughitems]
[23:59:08] [main/INFO] [REI]  - (0.00) AlloyForgeryCommonPlugin of AlloyForgeryCommonPlugin [alloy_forgery]
[23:59:08] [main/INFO] [REI] ~~~~~~~~~~~~~~~~~~~~~~~~~~~~~~~~~~~~~~~~
[23:59:08] [main/TRACE] [REI] [REIServerPlugin END] Reloading Section: "start-reload/"
[23:59:08] [main/TRACE] [REI] [REIServerPlugin END] Reloading Section: "start-reload/MenuInfoRegistryImpl/"
[23:59:08] [main/TRACE] [REI] [REIServerPlugin END] Reloading Section: "start-reload/MenuInfoRegistryImpl/" done in 24.99 μs
[23:59:08] [main/TRACE] [REI] [REIServerPlugin END] Reloading Section: "start-reload/SlotAccessorRegistryImpl/"
[23:59:08] [main/TRACE] [REI] [REIServerPlugin END] Reloading Section: "start-reload/SlotAccessorRegistryImpl/" done in 15.87 μs
[23:59:08] [main/TRACE] [REI] [REIServerPlugin END] Reloading Section: "start-reload/" done in 271.7 μs
[23:59:08] [main/DEBUG] [REI] ========================================
[23:59:08] [main/DEBUG] [REI] REIServerPlugin started main-reload for END.
[23:59:08] [main/DEBUG] [REI] ========================================
[23:59:08] [main/TRACE] [REI] [REIServerPlugin END] Reloading Section: "reloadable-plugin/MenuInfoRegistryImpl/"
[23:59:08] [main/TRACE] [REI] [REIServerPlugin END] Reloading Section: "reloadable-plugin/MenuInfoRegistryImpl/DefaultPlugin of DefaultPlugin [roughlyenoughitems]/"
[23:59:08] [main/TRACE] [REI] [REIServerPlugin END] Reloading Section: "reloadable-plugin/MenuInfoRegistryImpl/DefaultPlugin of DefaultPlugin [roughlyenoughitems]/" done in 19.83 μs
[23:59:08] [main/TRACE] [REI] [REIServerPlugin END] Reloading Section: "reloadable-plugin/MenuInfoRegistryImpl/FabricFluidAPISupportPlugin/"
[23:59:08] [main/TRACE] [REI] [REIServerPlugin END] Reloading Section: "reloadable-plugin/MenuInfoRegistryImpl/FabricFluidAPISupportPlugin/" done in 17.71 μs
[23:59:08] [main/TRACE] [REI] [REIServerPlugin END] Reloading Section: "reloadable-plugin/MenuInfoRegistryImpl/DefaultRuntimePlugin of DefaultRuntimePlugin [roughlyenoughitems]/"
[23:59:08] [main/TRACE] [REI] [REIServerPlugin END] Reloading Section: "reloadable-plugin/MenuInfoRegistryImpl/DefaultRuntimePlugin of DefaultRuntimePlugin [roughlyenoughitems]/" done in 9.755 μs
[23:59:08] [main/TRACE] [REI] [REIServerPlugin END] Reloading Section: "reloadable-plugin/MenuInfoRegistryImpl/AlloyForgeryCommonPlugin of AlloyForgeryCommonPlugin [alloy_forgery]/"
[23:59:08] [main/DEBUG] [REI] Added menu info for class wraith.alloyforgery.AlloyForgeScreenHandler [alloy_forgery:forging]: me.shedaniel.rei.api.common.transfer.info.simple.SimpleMenuInfoProvider$$Lambda$21967/0x00007ff7fed40200@7a248f14
[23:59:08] [main/TRACE] [REI] [REIServerPlugin END] Reloading Section: "reloadable-plugin/MenuInfoRegistryImpl/AlloyForgeryCommonPlugin of AlloyForgeryCommonPlugin [alloy_forgery]/" done in 7.197 ms
[23:59:08] [main/TRACE] [REI] [REIServerPlugin END] Reloading Section: "reloadable-plugin/MenuInfoRegistryImpl/" done in 7.702 ms
[23:59:08] [main/TRACE] [REI] [REIServerPlugin END] Reloading Section: "reloadable-plugin/SlotAccessorRegistryImpl/"
[23:59:08] [main/TRACE] [REI] [REIServerPlugin END] Reloading Section: "reloadable-plugin/SlotAccessorRegistryImpl/DefaultPlugin of DefaultPlugin [roughlyenoughitems]/"
[23:59:08] [main/TRACE] [REI] [REIServerPlugin END] Reloading Section: "reloadable-plugin/SlotAccessorRegistryImpl/DefaultPlugin of DefaultPlugin [roughlyenoughitems]/" done in 21.00 μs
[23:59:08] [main/TRACE] [REI] [REIServerPlugin END] Reloading Section: "reloadable-plugin/SlotAccessorRegistryImpl/FabricFluidAPISupportPlugin/"
[23:59:08] [main/TRACE] [REI] [REIServerPlugin END] Reloading Section: "reloadable-plugin/SlotAccessorRegistryImpl/FabricFluidAPISupportPlugin/" done in 13.77 μs
[23:59:08] [main/TRACE] [REI] [REIServerPlugin END] Reloading Section: "reloadable-plugin/SlotAccessorRegistryImpl/DefaultRuntimePlugin of DefaultRuntimePlugin [roughlyenoughitems]/"
[23:59:08] [main/DEBUG] [REI] Added slot accessor serializer: me.shedaniel.rei.plugin.common.runtime.DefaultRuntimePlugin$1@4d25b707 [roughlyenoughitems:vanilla]
[23:59:08] [main/DEBUG] [REI] Added slot accessor serializer: me.shedaniel.rei.plugin.common.runtime.DefaultRuntimePlugin$2@2ff0e24f [roughlyenoughitems:player]
[23:59:08] [main/TRACE] [REI] [REIServerPlugin END] Reloading Section: "reloadable-plugin/SlotAccessorRegistryImpl/DefaultRuntimePlugin of DefaultRuntimePlugin [roughlyenoughitems]/" done in 3.140 ms
[23:59:08] [main/TRACE] [REI] [REIServerPlugin END] Reloading Section: "reloadable-plugin/SlotAccessorRegistryImpl/AlloyForgeryCommonPlugin of AlloyForgeryCommonPlugin [alloy_forgery]/"
[23:59:08] [main/TRACE] [REI] [REIServerPlugin END] Reloading Section: "reloadable-plugin/SlotAccessorRegistryImpl/AlloyForgeryCommonPlugin of AlloyForgeryCommonPlugin [alloy_forgery]/" done in 18.21 μs
[23:59:08] [main/TRACE] [REI] [REIServerPlugin END] Reloading Section: "reloadable-plugin/SlotAccessorRegistryImpl/" done in 3.626 ms
[23:59:08] [main/DEBUG] [REI] ========================================
[23:59:08] [main/DEBUG] [REI] REIServerPlugin ending main-reload for END.
[23:59:08] [main/DEBUG] [REI] ========================================
[23:59:08] [main/TRACE] [REI] [REIServerPlugin END] Reloading Section: "end-reload/"
[23:59:08] [main/TRACE] [REI] [REIServerPlugin END] Reloading Section: "end-reload/MenuInfoRegistryImpl/"
[23:59:08] [main/DEBUG] [REI] Registered 1 menu infos
[23:59:08] [main/TRACE] [REI] [REIServerPlugin END] Reloading Section: "end-reload/MenuInfoRegistryImpl/" done in 359.3 μs
[23:59:08] [main/TRACE] [REI] [REIServerPlugin END] Reloading Section: "end-reload/SlotAccessorRegistryImpl/"
[23:59:08] [main/DEBUG] [REI] Registered 2 slot accessor serializers
[23:59:08] [main/TRACE] [REI] [REIServerPlugin END] Reloading Section: "end-reload/SlotAccessorRegistryImpl/" done in 58.95 μs
[23:59:08] [main/TRACE] [REI] [REIServerPlugin END] Reloading Section: "end-reload/" done in 805.3 μs
[23:59:08] [main/DEBUG] [REI] ========================================
[23:59:08] [main/DEBUG] [REI] REIServerPlugin ended main-reload for END in 14.33 ms.
[23:59:08] [main/DEBUG] [REI] ========================================
[23:59:08] [main/DEBUG] [REI] ========================================
[23:59:08] [main/DEBUG] [REI] REIPlugin starting post-reload for END.
[23:59:08] [main/DEBUG] [REI] Reloadables (7):
[23:59:08] [main/DEBUG] [REI]  - EntryTypeRegistryImpl
[23:59:08] [main/DEBUG] [REI]  - EntrySettingsAdapterRegistryImpl
[23:59:08] [main/DEBUG] [REI]  - RecipeManagerContextImpl
[23:59:08] [main/DEBUG] [REI]  - ItemComparatorRegistryImpl
[23:59:08] [main/DEBUG] [REI]  - FluidComparatorRegistryImpl
[23:59:08] [main/DEBUG] [REI]  - DisplaySerializerRegistryImpl
[23:59:08] [main/DEBUG] [REI]  - FluidSupportProviderImpl
[23:59:08] [main/DEBUG] [REI] Plugins (4):
[23:59:08] [main/DEBUG] [REI]  - (-100.00) DefaultPlugin of DefaultPlugin [roughlyenoughitems]
[23:59:08] [main/DEBUG] [REI]  - (0.00) FabricFluidAPISupportPlugin
[23:59:08] [main/DEBUG] [REI]  - (0.00) DefaultRuntimePlugin of DefaultRuntimePlugin [roughlyenoughitems]
[23:59:08] [main/DEBUG] [REI]  - (0.00) AlloyForgeryCommonPlugin of AlloyForgeryCommonPlugin [alloy_forgery]
[23:59:08] [main/DEBUG] [REI] ========================================
[23:59:08] [main/TRACE] [REI] [REIPlugin END] Reloading Section: "post-register/"
[23:59:08] [main/TRACE] [REI] [REIPlugin END] Reloading Section: "post-register/DefaultPlugin of DefaultPlugin [roughlyenoughitems]/"
[23:59:08] [main/TRACE] [REI] [REIPlugin END] Reloading Section: "post-register/DefaultPlugin of DefaultPlugin [roughlyenoughitems]/" done in 11.90 μs
[23:59:08] [main/TRACE] [REI] [REIPlugin END] Reloading Section: "post-register/FabricFluidAPISupportPlugin/"
[23:59:08] [main/TRACE] [REI] [REIPlugin END] Reloading Section: "post-register/FabricFluidAPISupportPlugin/" done in 11.51 μs
[23:59:08] [main/TRACE] [REI] [REIPlugin END] Reloading Section: "post-register/DefaultRuntimePlugin of DefaultRuntimePlugin [roughlyenoughitems]/"
[23:59:08] [main/TRACE] [REI] [REIPlugin END] Reloading Section: "post-register/DefaultRuntimePlugin of DefaultRuntimePlugin [roughlyenoughitems]/" done in 7.301 μs
[23:59:08] [main/TRACE] [REI] [REIPlugin END] Reloading Section: "post-register/AlloyForgeryCommonPlugin of AlloyForgeryCommonPlugin [alloy_forgery]/"
[23:59:08] [main/TRACE] [REI] [REIPlugin END] Reloading Section: "post-register/AlloyForgeryCommonPlugin of AlloyForgeryCommonPlugin [alloy_forgery]/" done in 6.449 μs
[23:59:08] [main/TRACE] [REI] [REIPlugin END] Reloading Section: "post-register/" done in 467.6 μs
[23:59:08] [main/TRACE] [REI] [REIPlugin END] Reloading Section: "post-stage/"
[23:59:08] [main/TRACE] [REI] [REIPlugin END] Reloading Section: "post-stage/EntryTypeRegistryImpl/"
[23:59:08] [main/TRACE] [REI] [REIPlugin END] Reloading Section: "post-stage/EntryTypeRegistryImpl/" done in 5.008 μs
[23:59:08] [main/TRACE] [REI] [REIPlugin END] Reloading Section: "post-stage/EntrySettingsAdapterRegistryImpl/"
[23:59:08] [main/TRACE] [REI] [REIPlugin END] Reloading Section: "post-stage/EntrySettingsAdapterRegistryImpl/" done in 3.825 μs
[23:59:08] [main/TRACE] [REI] [REIPlugin END] Reloading Section: "post-stage/RecipeManagerContextImpl/"
[23:59:08] [main/TRACE] [REI] [REIPlugin END] Reloading Section: "post-stage/RecipeManagerContextImpl/" done in 3.505 μs
[23:59:08] [main/TRACE] [REI] [REIPlugin END] Reloading Section: "post-stage/ItemComparatorRegistryImpl/"
[23:59:08] [main/TRACE] [REI] [REIPlugin END] Reloading Section: "post-stage/ItemComparatorRegistryImpl/" done in 4.627 μs
[23:59:08] [main/TRACE] [REI] [REIPlugin END] Reloading Section: "post-stage/FluidComparatorRegistryImpl/"
[23:59:08] [main/TRACE] [REI] [REIPlugin END] Reloading Section: "post-stage/FluidComparatorRegistryImpl/" done in 4.256 μs
[23:59:08] [main/TRACE] [REI] [REIPlugin END] Reloading Section: "post-stage/DisplaySerializerRegistryImpl/"
[23:59:08] [main/TRACE] [REI] [REIPlugin END] Reloading Section: "post-stage/DisplaySerializerRegistryImpl/" done in 3.845 μs
[23:59:08] [main/TRACE] [REI] [REIPlugin END] Reloading Section: "post-stage/FluidSupportProviderImpl/"
[23:59:08] [main/TRACE] [REI] [REIPlugin END] Reloading Section: "post-stage/FluidSupportProviderImpl/" done in 4.356 μs
[23:59:08] [main/TRACE] [REI] [REIPlugin END] Reloading Section: "post-stage/" done in 672.2 μs
[23:59:08] [main/DEBUG] [REI] ========================================
[23:59:08] [main/INFO] [REI] REIPlugin finished post-reload for END in 1.303 ms, totaling 50.73 ms.
[23:59:08] [main/DEBUG] [REI] ========================================
[23:59:08] [main/DEBUG] [REI] ========================================
[23:59:08] [main/DEBUG] [REI] REIServerPlugin starting post-reload for END.
[23:59:08] [main/DEBUG] [REI] Reloadables (2):
[23:59:08] [main/DEBUG] [REI]  - MenuInfoRegistryImpl
[23:59:08] [main/DEBUG] [REI]  - SlotAccessorRegistryImpl
[23:59:08] [main/DEBUG] [REI] Plugins (4):
[23:59:08] [main/DEBUG] [REI]  - (-100.00) DefaultPlugin of DefaultPlugin [roughlyenoughitems]
[23:59:08] [main/DEBUG] [REI]  - (0.00) FabricFluidAPISupportPlugin
[23:59:08] [main/DEBUG] [REI]  - (0.00) DefaultRuntimePlugin of DefaultRuntimePlugin [roughlyenoughitems]
[23:59:08] [main/DEBUG] [REI]  - (0.00) AlloyForgeryCommonPlugin of AlloyForgeryCommonPlugin [alloy_forgery]
[23:59:08] [main/DEBUG] [REI] ========================================
[23:59:08] [main/TRACE] [REI] [REIServerPlugin END] Reloading Section: "post-register/"
[23:59:08] [main/TRACE] [REI] [REIServerPlugin END] Reloading Section: "post-register/DefaultPlugin of DefaultPlugin [roughlyenoughitems]/"
[23:59:08] [main/TRACE] [REI] [REIServerPlugin END] Reloading Section: "post-register/DefaultPlugin of DefaultPlugin [roughlyenoughitems]/" done in 14.06 μs
[23:59:08] [main/TRACE] [REI] [REIServerPlugin END] Reloading Section: "post-register/FabricFluidAPISupportPlugin/"
[23:59:08] [main/TRACE] [REI] [REIServerPlugin END] Reloading Section: "post-register/FabricFluidAPISupportPlugin/" done in 6.630 μs
[23:59:08] [main/TRACE] [REI] [REIServerPlugin END] Reloading Section: "post-register/DefaultRuntimePlugin of DefaultRuntimePlugin [roughlyenoughitems]/"
[23:59:08] [main/TRACE] [REI] [REIServerPlugin END] Reloading Section: "post-register/DefaultRuntimePlugin of DefaultRuntimePlugin [roughlyenoughitems]/" done in 7.642 μs
[23:59:08] [main/TRACE] [REI] [REIServerPlugin END] Reloading Section: "post-register/AlloyForgeryCommonPlugin of AlloyForgeryCommonPlugin [alloy_forgery]/"
[23:59:08] [main/TRACE] [REI] [REIServerPlugin END] Reloading Section: "post-register/AlloyForgeryCommonPlugin of AlloyForgeryCommonPlugin [alloy_forgery]/" done in 6.109 μs
[23:59:08] [main/TRACE] [REI] [REIServerPlugin END] Reloading Section: "post-register/" done in 438.5 μs
[23:59:08] [main/TRACE] [REI] [REIServerPlugin END] Reloading Section: "post-stage/"
[23:59:08] [main/TRACE] [REI] [REIServerPlugin END] Reloading Section: "post-stage/MenuInfoRegistryImpl/"
[23:59:08] [main/TRACE] [REI] [REIServerPlugin END] Reloading Section: "post-stage/MenuInfoRegistryImpl/" done in 5.418 μs
[23:59:08] [main/TRACE] [REI] [REIServerPlugin END] Reloading Section: "post-stage/SlotAccessorRegistryImpl/"
[23:59:08] [main/TRACE] [REI] [REIServerPlugin END] Reloading Section: "post-stage/SlotAccessorRegistryImpl/" done in 4.687 μs
[23:59:08] [main/TRACE] [REI] [REIServerPlugin END] Reloading Section: "post-stage/" done in 210.0 μs
[23:59:08] [main/DEBUG] [REI] ========================================
[23:59:08] [main/INFO] [REI] REIServerPlugin finished post-reload for END in 839.4 μs, totaling 16.52 ms.
[23:59:08] [main/DEBUG] [REI] ========================================
[00:32:01] [Worker-ResourceReload-2/DEBUG] [REI] Processed 0 tags in 27.27 μs for minecraft:worldgen/structure_set
[00:32:01] [Worker-ResourceReload-0/DEBUG] [REI] Processed 2 tags in 25.44 μs for minecraft:cat_variant
[00:32:01] [Worker-ResourceReload-0/DEBUG] [REI] Processed 0 tags in 5.037 μs for minecraft:damage_type
[00:32:01] [Worker-ResourceReload-1/DEBUG] [REI] Processed 7 tags in 253.6 μs for minecraft:game_event
[00:32:01] [Worker-ResourceReload-0/DEBUG] [REI] Processed 0 tags in 1.923 μs for minecraft:dimension_type
[00:32:01] [Worker-ResourceReload-2/DEBUG] [REI] Processed 2 tags in 11.56 μs for minecraft:mob_effect
[00:32:01] [Worker-ResourceReload-2/DEBUG] [REI] Processed 6 tags in 22.01 μs for minecraft:point_of_interest_type
[00:32:01] [Worker-ResourceReload-0/DEBUG] [REI] Processed 118 tags in 527.1 μs for minecraft:entity_type
[00:32:01] [Worker-ResourceReload-0/DEBUG] [REI] Processed 0 tags in 2.905 μs for minecraft:dimension
[00:32:01] [Worker-ResourceReload-1/DEBUG] [REI] Processed 2 tags in 36.20 μs for minecraft:painting_variant
[00:32:01] [Worker-ResourceReload-1/DEBUG] [REI] Processed 4 tags in 7.852 μs for minecraft:instrument
[00:32:01] [Worker-ResourceReload-1/DEBUG] [REI] Processed 0 tags in 28.97 μs for minecraft:worldgen/structure
[00:32:01] [Worker-ResourceReload-1/DEBUG] [REI] Processed 0 tags in 2.443 μs for minecraft:worldgen/flat_level_generator_preset
[00:32:02] [Worker-ResourceReload-1/DEBUG] [REI] Processed 0 tags in 3.015 μs for minecraft:trim_pattern
[00:32:02] [Worker-ResourceReload-1/DEBUG] [REI] Processed 0 tags in 238.6 μs for minecraft:worldgen/biome
[00:32:02] [Worker-ResourceReload-2/DEBUG] [REI] Processed 1323 tags in 26.38 ms for minecraft:item
[00:32:02] [Worker-ResourceReload-2/DEBUG] [REI] Processed 10 tags in 16.42 μs for minecraft:fluid
[00:32:02] [Worker-ResourceReload-1/DEBUG] [REI] Processed 26 tags in 22.32 μs for minecraft:banner_pattern
[00:32:02] [Worker-ResourceReload-1/DEBUG] [REI] Processed 1 tags in 5.658 μs for minecraft:recipe_type
[00:32:02] [Worker-ResourceReload-2/DEBUG] [REI] Processed 0 tags in 3.195 μs for minecraft:worldgen/density_function
[00:32:02] [Worker-ResourceReload-1/DEBUG] [REI] Processed 0 tags in 2.664 μs for minecraft:worldgen/world_preset
[00:32:02] [Worker-ResourceReload-2/DEBUG] [REI] Processed 13 tags in 24.57 μs for minecraft:enchantment
[00:32:02] [Worker-ResourceReload-0/DEBUG] [REI] Processed 888 tags in 24.45 ms for minecraft:block
[00:34:34] [Server thread/DEBUG] [REI] ========================================
[00:34:34] [Server thread/DEBUG] [REI] REIPlugin starting pre-reload for START.
[00:34:34] [Server thread/DEBUG] [REI] Reloadables (7):
[00:34:34] [Server thread/DEBUG] [REI]  - EntryTypeRegistryImpl
[00:34:34] [Server thread/DEBUG] [REI]  - EntrySettingsAdapterRegistryImpl
[00:34:34] [Server thread/DEBUG] [REI]  - RecipeManagerContextImpl
[00:34:34] [Server thread/DEBUG] [REI]  - ItemComparatorRegistryImpl
[00:34:34] [Server thread/DEBUG] [REI]  - FluidComparatorRegistryImpl
[00:34:34] [Server thread/DEBUG] [REI]  - DisplaySerializerRegistryImpl
[00:34:34] [Server thread/DEBUG] [REI]  - FluidSupportProviderImpl
[00:34:34] [Server thread/DEBUG] [REI] Plugins (4):
[00:34:34] [Server thread/DEBUG] [REI]  - (-100.00) DefaultPlugin of DefaultPlugin [roughlyenoughitems]
[00:34:34] [Server thread/DEBUG] [REI]  - (0.00) FabricFluidAPISupportPlugin
[00:34:34] [Server thread/DEBUG] [REI]  - (0.00) DefaultRuntimePlugin of DefaultRuntimePlugin [roughlyenoughitems]
[00:34:34] [Server thread/DEBUG] [REI]  - (0.00) AlloyForgeryCommonPlugin of AlloyForgeryCommonPlugin [alloy_forgery]
[00:34:34] [Server thread/DEBUG] [REI] ========================================
[00:34:34] [Server thread/TRACE] [REI] [REIPlugin START] Reloading Section: "pre-register/"
[00:34:34] [Server thread/TRACE] [REI] [REIPlugin START] Reloading Section: "pre-register/DefaultPlugin of DefaultPlugin [roughlyenoughitems]/"
[00:34:34] [Server thread/TRACE] [REI] [REIPlugin START] Reloading Section: "pre-register/DefaultPlugin of DefaultPlugin [roughlyenoughitems]/" done in 23.46 μs
[00:34:34] [Server thread/TRACE] [REI] [REIPlugin START] Reloading Section: "pre-register/FabricFluidAPISupportPlugin/"
[00:34:34] [Server thread/TRACE] [REI] [REIPlugin START] Reloading Section: "pre-register/FabricFluidAPISupportPlugin/" done in 7.130 μs
[00:34:34] [Server thread/TRACE] [REI] [REIPlugin START] Reloading Section: "pre-register/DefaultRuntimePlugin of DefaultRuntimePlugin [roughlyenoughitems]/"
[00:34:34] [Server thread/TRACE] [REI] [REIPlugin START] Reloading Section: "pre-register/DefaultRuntimePlugin of DefaultRuntimePlugin [roughlyenoughitems]/" done in 15.71 μs
[00:34:34] [Server thread/TRACE] [REI] [REIPlugin START] Reloading Section: "pre-register/AlloyForgeryCommonPlugin of AlloyForgeryCommonPlugin [alloy_forgery]/"
[00:34:34] [Server thread/TRACE] [REI] [REIPlugin START] Reloading Section: "pre-register/AlloyForgeryCommonPlugin of AlloyForgeryCommonPlugin [alloy_forgery]/" done in 6.780 μs
[00:34:34] [Server thread/TRACE] [REI] [REIPlugin START] Reloading Section: "pre-register/" done in 2.789 ms
[00:34:34] [Server thread/TRACE] [REI] [REIPlugin START] Reloading Section: "pre-stage/"
[00:34:34] [Server thread/TRACE] [REI] [REIPlugin START] Reloading Section: "pre-stage/EntryTypeRegistryImpl/"
[00:34:34] [Server thread/TRACE] [REI] [REIPlugin START] Reloading Section: "pre-stage/EntryTypeRegistryImpl/" done in 7.010 μs
[00:34:34] [Server thread/TRACE] [REI] [REIPlugin START] Reloading Section: "pre-stage/EntrySettingsAdapterRegistryImpl/"
[00:34:34] [Server thread/TRACE] [REI] [REIPlugin START] Reloading Section: "pre-stage/EntrySettingsAdapterRegistryImpl/" done in 4.857 μs
[00:34:34] [Server thread/TRACE] [REI] [REIPlugin START] Reloading Section: "pre-stage/RecipeManagerContextImpl/"
[00:34:34] [Server thread/TRACE] [REI] [REIPlugin START] Reloading Section: "pre-stage/RecipeManagerContextImpl/" done in 3.726 μs
[00:34:34] [Server thread/TRACE] [REI] [REIPlugin START] Reloading Section: "pre-stage/ItemComparatorRegistryImpl/"
[00:34:34] [Server thread/TRACE] [REI] [REIPlugin START] Reloading Section: "pre-stage/ItemComparatorRegistryImpl/" done in 3.015 μs
[00:34:34] [Server thread/TRACE] [REI] [REIPlugin START] Reloading Section: "pre-stage/FluidComparatorRegistryImpl/"
[00:34:34] [Server thread/TRACE] [REI] [REIPlugin START] Reloading Section: "pre-stage/FluidComparatorRegistryImpl/" done in 2.824 μs
[00:34:34] [Server thread/TRACE] [REI] [REIPlugin START] Reloading Section: "pre-stage/DisplaySerializerRegistryImpl/"
[00:34:34] [Server thread/TRACE] [REI] [REIPlugin START] Reloading Section: "pre-stage/DisplaySerializerRegistryImpl/" done in 4.327 μs
[00:34:34] [Server thread/TRACE] [REI] [REIPlugin START] Reloading Section: "pre-stage/FluidSupportProviderImpl/"
[00:34:34] [Server thread/TRACE] [REI] [REIPlugin START] Reloading Section: "pre-stage/FluidSupportProviderImpl/" done in 4.888 μs
[00:34:34] [Server thread/TRACE] [REI] [REIPlugin START] Reloading Section: "pre-stage/" done in 418.4 μs
[00:34:34] [Server thread/DEBUG] [REI] ========================================
[00:34:34] [Server thread/DEBUG] [REI] REIPlugin finished pre-reload for START in 3.337 ms.
[00:34:34] [Server thread/DEBUG] [REI] ========================================
[00:34:34] [Server thread/DEBUG] [REI] ========================================
[00:34:34] [Server thread/DEBUG] [REI] REIServerPlugin starting pre-reload for START.
[00:34:34] [Server thread/DEBUG] [REI] Reloadables (2):
[00:34:34] [Server thread/DEBUG] [REI]  - MenuInfoRegistryImpl
[00:34:34] [Server thread/DEBUG] [REI]  - SlotAccessorRegistryImpl
[00:34:34] [Server thread/DEBUG] [REI] Plugins (4):
[00:34:34] [Server thread/DEBUG] [REI]  - (-100.00) DefaultPlugin of DefaultPlugin [roughlyenoughitems]
[00:34:34] [Server thread/DEBUG] [REI]  - (0.00) FabricFluidAPISupportPlugin
[00:34:34] [Server thread/DEBUG] [REI]  - (0.00) DefaultRuntimePlugin of DefaultRuntimePlugin [roughlyenoughitems]
[00:34:34] [Server thread/DEBUG] [REI]  - (0.00) AlloyForgeryCommonPlugin of AlloyForgeryCommonPlugin [alloy_forgery]
[00:34:34] [Server thread/DEBUG] [REI] ========================================
[00:34:34] [Server thread/TRACE] [REI] [REIServerPlugin START] Reloading Section: "pre-register/"
[00:34:34] [Server thread/TRACE] [REI] [REIServerPlugin START] Reloading Section: "pre-register/DefaultPlugin of DefaultPlugin [roughlyenoughitems]/"
[00:34:34] [Server thread/TRACE] [REI] [REIServerPlugin START] Reloading Section: "pre-register/DefaultPlugin of DefaultPlugin [roughlyenoughitems]/" done in 10.77 μs
[00:34:34] [Server thread/TRACE] [REI] [REIServerPlugin START] Reloading Section: "pre-register/FabricFluidAPISupportPlugin/"
[00:34:34] [Server thread/TRACE] [REI] [REIServerPlugin START] Reloading Section: "pre-register/FabricFluidAPISupportPlugin/" done in 6.300 μs
[00:34:34] [Server thread/TRACE] [REI] [REIServerPlugin START] Reloading Section: "pre-register/DefaultRuntimePlugin of DefaultRuntimePlugin [roughlyenoughitems]/"
[00:34:34] [Server thread/TRACE] [REI] [REIServerPlugin START] Reloading Section: "pre-register/DefaultRuntimePlugin of DefaultRuntimePlugin [roughlyenoughitems]/" done in 6.259 μs
[00:34:34] [Server thread/TRACE] [REI] [REIServerPlugin START] Reloading Section: "pre-register/AlloyForgeryCommonPlugin of AlloyForgeryCommonPlugin [alloy_forgery]/"
[00:34:34] [Server thread/TRACE] [REI] [REIServerPlugin START] Reloading Section: "pre-register/AlloyForgeryCommonPlugin of AlloyForgeryCommonPlugin [alloy_forgery]/" done in 6.079 μs
[00:34:34] [Server thread/TRACE] [REI] [REIServerPlugin START] Reloading Section: "pre-register/" done in 246.6 μs
[00:34:34] [Server thread/TRACE] [REI] [REIServerPlugin START] Reloading Section: "pre-stage/"
[00:34:34] [Server thread/TRACE] [REI] [REIServerPlugin START] Reloading Section: "pre-stage/MenuInfoRegistryImpl/"
[00:34:34] [Server thread/TRACE] [REI] [REIServerPlugin START] Reloading Section: "pre-stage/MenuInfoRegistryImpl/" done in 5.538 μs
[00:34:34] [Server thread/TRACE] [REI] [REIServerPlugin START] Reloading Section: "pre-stage/SlotAccessorRegistryImpl/"
[00:34:34] [Server thread/TRACE] [REI] [REIServerPlugin START] Reloading Section: "pre-stage/SlotAccessorRegistryImpl/" done in 4.256 μs
[00:34:34] [Server thread/TRACE] [REI] [REIServerPlugin START] Reloading Section: "pre-stage/" done in 136.3 μs
[00:34:34] [Server thread/DEBUG] [REI] ========================================
[00:34:34] [Server thread/DEBUG] [REI] REIServerPlugin finished pre-reload for START in 473.8 μs.
[00:34:34] [Server thread/DEBUG] [REI] ========================================
[00:34:34] [Server thread/INFO] [REI] ----------------------------------------
[00:34:34] [Server thread/INFO] [REI] REIPlugin starting main-reload for START.
[00:34:34] [Server thread/DEBUG] [REI] Reloadables (7):
[00:34:34] [Server thread/DEBUG] [REI]  - EntryTypeRegistryImpl
[00:34:34] [Server thread/DEBUG] [REI]  - EntrySettingsAdapterRegistryImpl
[00:34:34] [Server thread/DEBUG] [REI]  - RecipeManagerContextImpl
[00:34:34] [Server thread/DEBUG] [REI]  - ItemComparatorRegistryImpl
[00:34:34] [Server thread/DEBUG] [REI]  - FluidComparatorRegistryImpl
[00:34:34] [Server thread/DEBUG] [REI]  - DisplaySerializerRegistryImpl
[00:34:34] [Server thread/DEBUG] [REI]  - FluidSupportProviderImpl
[00:34:34] [Server thread/INFO] [REI] Plugins (4):
[00:34:34] [Server thread/INFO] [REI]  - (-100.00) DefaultPlugin of DefaultPlugin [roughlyenoughitems]
[00:34:34] [Server thread/INFO] [REI]  - (0.00) FabricFluidAPISupportPlugin
[00:34:34] [Server thread/INFO] [REI]  - (0.00) DefaultRuntimePlugin of DefaultRuntimePlugin [roughlyenoughitems]
[00:34:34] [Server thread/INFO] [REI]  - (0.00) AlloyForgeryCommonPlugin of AlloyForgeryCommonPlugin [alloy_forgery]
[00:34:34] [Server thread/INFO] [REI] ----------------------------------------
[00:34:34] [Server thread/TRACE] [REI] [REIPlugin START] Reloading Section: "start-reload/"
[00:34:34] [Server thread/TRACE] [REI] [REIPlugin START] Reloading Section: "start-reload/EntryTypeRegistryImpl/"
[00:34:34] [Server thread/TRACE] [REI] [REIPlugin START] Reloading Section: "start-reload/EntryTypeRegistryImpl/" done in 17.49 μs
[00:34:34] [Server thread/TRACE] [REI] [REIPlugin START] Reloading Section: "start-reload/EntrySettingsAdapterRegistryImpl/"
[00:34:34] [Server thread/TRACE] [REI] [REIPlugin START] Reloading Section: "start-reload/EntrySettingsAdapterRegistryImpl/" done in 5.268 μs
[00:34:34] [Server thread/TRACE] [REI] [REIPlugin START] Reloading Section: "start-reload/RecipeManagerContextImpl/"
[00:34:34] [Server thread/TRACE] [REI] [REIPlugin START] Reloading Section: "start-reload/RecipeManagerContextImpl/" done in 4.256 μs
[00:34:34] [Server thread/TRACE] [REI] [REIPlugin START] Reloading Section: "start-reload/ItemComparatorRegistryImpl/"
[00:34:34] [Server thread/TRACE] [REI] [REIPlugin START] Reloading Section: "start-reload/ItemComparatorRegistryImpl/" done in 9.414 μs
[00:34:34] [Server thread/TRACE] [REI] [REIPlugin START] Reloading Section: "start-reload/FluidComparatorRegistryImpl/"
[00:34:34] [Server thread/TRACE] [REI] [REIPlugin START] Reloading Section: "start-reload/FluidComparatorRegistryImpl/" done in 5.699 μs
[00:34:34] [Server thread/TRACE] [REI] [REIPlugin START] Reloading Section: "start-reload/DisplaySerializerRegistryImpl/"
[00:34:34] [Server thread/TRACE] [REI] [REIPlugin START] Reloading Section: "start-reload/DisplaySerializerRegistryImpl/" done in 3.155 μs
[00:34:34] [Server thread/TRACE] [REI] [REIPlugin START] Reloading Section: "start-reload/FluidSupportProviderImpl/"
[00:34:34] [Server thread/TRACE] [REI] [REIPlugin START] Reloading Section: "start-reload/FluidSupportProviderImpl/" done in 6.840 μs
[00:34:34] [Server thread/TRACE] [REI] [REIPlugin START] Reloading Section: "start-reload/" done in 360.9 μs
[00:34:34] [Server thread/DEBUG] [REI] ========================================
[00:34:34] [Server thread/DEBUG] [REI] REIPlugin started main-reload for START.
[00:34:34] [Server thread/DEBUG] [REI] ========================================
[00:34:34] [Server thread/TRACE] [REI] [REIPlugin START] Reloading Section: "reloadable-plugin/EntryTypeRegistryImpl/"
[00:34:34] [Server thread/TRACE] [REI] [REIPlugin START] Reloading Section: "reloadable-plugin/EntryTypeRegistryImpl/DefaultPlugin of DefaultPlugin [roughlyenoughitems]/"
[00:34:34] [Server thread/TRACE] [REI] [REIPlugin START] Reloading Section: "reloadable-plugin/EntryTypeRegistryImpl/DefaultPlugin of DefaultPlugin [roughlyenoughitems]/" done in 12.89 μs
[00:34:34] [Server thread/TRACE] [REI] [REIPlugin START] Reloading Section: "reloadable-plugin/EntryTypeRegistryImpl/FabricFluidAPISupportPlugin/"
[00:34:34] [Server thread/TRACE] [REI] [REIPlugin START] Reloading Section: "reloadable-plugin/EntryTypeRegistryImpl/FabricFluidAPISupportPlugin/" done in 7.821 μs
[00:34:34] [Server thread/TRACE] [REI] [REIPlugin START] Reloading Section: "reloadable-plugin/EntryTypeRegistryImpl/DefaultRuntimePlugin of DefaultRuntimePlugin [roughlyenoughitems]/"
[00:34:34] [Server thread/TRACE] [REI] [REIPlugin START] Reloading Section: "reloadable-plugin/EntryTypeRegistryImpl/DefaultRuntimePlugin of DefaultRuntimePlugin [roughlyenoughitems]/" done in 35.52 μs
[00:34:34] [Server thread/TRACE] [REI] [REIPlugin START] Reloading Section: "reloadable-plugin/EntryTypeRegistryImpl/AlloyForgeryCommonPlugin of AlloyForgeryCommonPlugin [alloy_forgery]/"
[00:34:34] [Server thread/TRACE] [REI] [REIPlugin START] Reloading Section: "reloadable-plugin/EntryTypeRegistryImpl/AlloyForgeryCommonPlugin of AlloyForgeryCommonPlugin [alloy_forgery]/" done in 9.374 μs
[00:34:34] [Server thread/TRACE] [REI] [REIPlugin START] Reloading Section: "reloadable-plugin/EntryTypeRegistryImpl/" done in 287.0 μs
[00:34:34] [Server thread/TRACE] [REI] [REIPlugin START] Reloading Section: "reloadable-plugin/EntrySettingsAdapterRegistryImpl/"
[00:34:34] [Server thread/TRACE] [REI] [REIPlugin START] Reloading Section: "reloadable-plugin/EntrySettingsAdapterRegistryImpl/DefaultPlugin of DefaultPlugin [roughlyenoughitems]/"
[00:34:34] [Server thread/TRACE] [REI] [REIPlugin START] Reloading Section: "reloadable-plugin/EntrySettingsAdapterRegistryImpl/DefaultPlugin of DefaultPlugin [roughlyenoughitems]/" done in 7.391 μs
[00:34:34] [Server thread/TRACE] [REI] [REIPlugin START] Reloading Section: "reloadable-plugin/EntrySettingsAdapterRegistryImpl/FabricFluidAPISupportPlugin/"
[00:34:34] [Server thread/TRACE] [REI] [REIPlugin START] Reloading Section: "reloadable-plugin/EntrySettingsAdapterRegistryImpl/FabricFluidAPISupportPlugin/" done in 6.870 μs
[00:34:34] [Server thread/TRACE] [REI] [REIPlugin START] Reloading Section: "reloadable-plugin/EntrySettingsAdapterRegistryImpl/DefaultRuntimePlugin of DefaultRuntimePlugin [roughlyenoughitems]/"
[00:34:34] [Server thread/TRACE] [REI] [REIPlugin START] Reloading Section: "reloadable-plugin/EntrySettingsAdapterRegistryImpl/DefaultRuntimePlugin of DefaultRuntimePlugin [roughlyenoughitems]/" done in 15.23 μs
[00:34:34] [Server thread/TRACE] [REI] [REIPlugin START] Reloading Section: "reloadable-plugin/EntrySettingsAdapterRegistryImpl/AlloyForgeryCommonPlugin of AlloyForgeryCommonPlugin [alloy_forgery]/"
[00:34:34] [Server thread/TRACE] [REI] [REIPlugin START] Reloading Section: "reloadable-plugin/EntrySettingsAdapterRegistryImpl/AlloyForgeryCommonPlugin of AlloyForgeryCommonPlugin [alloy_forgery]/" done in 11.13 μs
[00:34:34] [Server thread/TRACE] [REI] [REIPlugin START] Reloading Section: "reloadable-plugin/EntrySettingsAdapterRegistryImpl/" done in 1.005 ms
[00:34:34] [Server thread/TRACE] [REI] [REIPlugin START] Reloading Section: "reloadable-plugin/RecipeManagerContextImpl/"
[00:34:34] [Server thread/TRACE] [REI] [REIPlugin START] Reloading Section: "reloadable-plugin/RecipeManagerContextImpl/DefaultPlugin of DefaultPlugin [roughlyenoughitems]/"
[00:34:34] [Server thread/TRACE] [REI] [REIPlugin START] Reloading Section: "reloadable-plugin/RecipeManagerContextImpl/DefaultPlugin of DefaultPlugin [roughlyenoughitems]/" done in 11.82 μs
[00:34:34] [Server thread/TRACE] [REI] [REIPlugin START] Reloading Section: "reloadable-plugin/RecipeManagerContextImpl/FabricFluidAPISupportPlugin/"
[00:34:34] [Server thread/TRACE] [REI] [REIPlugin START] Reloading Section: "reloadable-plugin/RecipeManagerContextImpl/FabricFluidAPISupportPlugin/" done in 11.49 μs
[00:34:34] [Server thread/TRACE] [REI] [REIPlugin START] Reloading Section: "reloadable-plugin/RecipeManagerContextImpl/DefaultRuntimePlugin of DefaultRuntimePlugin [roughlyenoughitems]/"
[00:34:34] [Server thread/TRACE] [REI] [REIPlugin START] Reloading Section: "reloadable-plugin/RecipeManagerContextImpl/DefaultRuntimePlugin of DefaultRuntimePlugin [roughlyenoughitems]/" done in 37.85 μs
[00:34:34] [Server thread/TRACE] [REI] [REIPlugin START] Reloading Section: "reloadable-plugin/RecipeManagerContextImpl/AlloyForgeryCommonPlugin of AlloyForgeryCommonPlugin [alloy_forgery]/"
[00:34:34] [Server thread/TRACE] [REI] [REIPlugin START] Reloading Section: "reloadable-plugin/RecipeManagerContextImpl/AlloyForgeryCommonPlugin of AlloyForgeryCommonPlugin [alloy_forgery]/" done in 11.20 μs
[00:34:34] [Server thread/TRACE] [REI] [REIPlugin START] Reloading Section: "reloadable-plugin/RecipeManagerContextImpl/" done in 1.249 ms
[00:34:34] [Server thread/TRACE] [REI] [REIPlugin START] Reloading Section: "reloadable-plugin/ItemComparatorRegistryImpl/"
[00:34:34] [Server thread/TRACE] [REI] [REIPlugin START] Reloading Section: "reloadable-plugin/ItemComparatorRegistryImpl/DefaultPlugin of DefaultPlugin [roughlyenoughitems]/"
[00:34:34] [Server thread/TRACE] [REI] [REIPlugin START] Reloading Section: "reloadable-plugin/ItemComparatorRegistryImpl/DefaultPlugin of DefaultPlugin [roughlyenoughitems]/" done in 65.81 μs
[00:34:34] [Server thread/TRACE] [REI] [REIPlugin START] Reloading Section: "reloadable-plugin/ItemComparatorRegistryImpl/FabricFluidAPISupportPlugin/"
[00:34:34] [Server thread/TRACE] [REI] [REIPlugin START] Reloading Section: "reloadable-plugin/ItemComparatorRegistryImpl/FabricFluidAPISupportPlugin/" done in 14.83 μs
[00:34:34] [Server thread/TRACE] [REI] [REIPlugin START] Reloading Section: "reloadable-plugin/ItemComparatorRegistryImpl/DefaultRuntimePlugin of DefaultRuntimePlugin [roughlyenoughitems]/"
[00:34:34] [Server thread/TRACE] [REI] [REIPlugin START] Reloading Section: "reloadable-plugin/ItemComparatorRegistryImpl/DefaultRuntimePlugin of DefaultRuntimePlugin [roughlyenoughitems]/" done in 16.74 μs
[00:34:34] [Server thread/TRACE] [REI] [REIPlugin START] Reloading Section: "reloadable-plugin/ItemComparatorRegistryImpl/AlloyForgeryCommonPlugin of AlloyForgeryCommonPlugin [alloy_forgery]/"
[00:34:34] [Server thread/TRACE] [REI] [REIPlugin START] Reloading Section: "reloadable-plugin/ItemComparatorRegistryImpl/AlloyForgeryCommonPlugin of AlloyForgeryCommonPlugin [alloy_forgery]/" done in 55.73 μs
[00:34:34] [Server thread/TRACE] [REI] [REIPlugin START] Reloading Section: "reloadable-plugin/ItemComparatorRegistryImpl/" done in 1.422 ms
[00:34:34] [Server thread/TRACE] [REI] [REIPlugin START] Reloading Section: "reloadable-plugin/FluidComparatorRegistryImpl/"
[00:34:34] [Server thread/TRACE] [REI] [REIPlugin START] Reloading Section: "reloadable-plugin/FluidComparatorRegistryImpl/DefaultPlugin of DefaultPlugin [roughlyenoughitems]/"
[00:34:34] [Server thread/TRACE] [REI] [REIPlugin START] Reloading Section: "reloadable-plugin/FluidComparatorRegistryImpl/DefaultPlugin of DefaultPlugin [roughlyenoughitems]/" done in 10.59 μs
[00:34:34] [Server thread/TRACE] [REI] [REIPlugin START] Reloading Section: "reloadable-plugin/FluidComparatorRegistryImpl/FabricFluidAPISupportPlugin/"
[00:34:34] [Server thread/TRACE] [REI] [REIPlugin START] Reloading Section: "reloadable-plugin/FluidComparatorRegistryImpl/FabricFluidAPISupportPlugin/" done in 9.715 μs
[00:34:34] [Server thread/TRACE] [REI] [REIPlugin START] Reloading Section: "reloadable-plugin/FluidComparatorRegistryImpl/DefaultRuntimePlugin of DefaultRuntimePlugin [roughlyenoughitems]/"
[00:34:34] [Server thread/TRACE] [REI] [REIPlugin START] Reloading Section: "reloadable-plugin/FluidComparatorRegistryImpl/DefaultRuntimePlugin of DefaultRuntimePlugin [roughlyenoughitems]/" done in 9.294 μs
[00:34:34] [Server thread/TRACE] [REI] [REIPlugin START] Reloading Section: "reloadable-plugin/FluidComparatorRegistryImpl/AlloyForgeryCommonPlugin of AlloyForgeryCommonPlugin [alloy_forgery]/"
[00:34:34] [Server thread/TRACE] [REI] [REIPlugin START] Reloading Section: "reloadable-plugin/FluidComparatorRegistryImpl/AlloyForgeryCommonPlugin of AlloyForgeryCommonPlugin [alloy_forgery]/" done in 8.703 μs
[00:34:34] [Server thread/TRACE] [REI] [REIPlugin START] Reloading Section: "reloadable-plugin/FluidComparatorRegistryImpl/" done in 793.8 μs
[00:34:34] [Server thread/TRACE] [REI] [REIPlugin START] Reloading Section: "reloadable-plugin/DisplaySerializerRegistryImpl/"
[00:34:34] [Server thread/TRACE] [REI] [REIPlugin START] Reloading Section: "reloadable-plugin/DisplaySerializerRegistryImpl/DefaultPlugin of DefaultPlugin [roughlyenoughitems]/"
[00:34:34] [Server thread/TRACE] [REI] [REIPlugin START] Reloading Section: "reloadable-plugin/DisplaySerializerRegistryImpl/DefaultPlugin of DefaultPlugin [roughlyenoughitems]/" done in 13.52 μs
[00:34:34] [Server thread/TRACE] [REI] [REIPlugin START] Reloading Section: "reloadable-plugin/DisplaySerializerRegistryImpl/FabricFluidAPISupportPlugin/"
[00:34:34] [Server thread/TRACE] [REI] [REIPlugin START] Reloading Section: "reloadable-plugin/DisplaySerializerRegistryImpl/FabricFluidAPISupportPlugin/" done in 10.87 μs
[00:34:34] [Server thread/TRACE] [REI] [REIPlugin START] Reloading Section: "reloadable-plugin/DisplaySerializerRegistryImpl/DefaultRuntimePlugin of DefaultRuntimePlugin [roughlyenoughitems]/"
[00:34:34] [Server thread/TRACE] [REI] [REIPlugin START] Reloading Section: "reloadable-plugin/DisplaySerializerRegistryImpl/DefaultRuntimePlugin of DefaultRuntimePlugin [roughlyenoughitems]/" done in 11.94 μs
[00:34:34] [Server thread/TRACE] [REI] [REIPlugin START] Reloading Section: "reloadable-plugin/DisplaySerializerRegistryImpl/AlloyForgeryCommonPlugin of AlloyForgeryCommonPlugin [alloy_forgery]/"
[00:34:34] [Server thread/TRACE] [REI] [REIPlugin START] Reloading Section: "reloadable-plugin/DisplaySerializerRegistryImpl/AlloyForgeryCommonPlugin of AlloyForgeryCommonPlugin [alloy_forgery]/" done in 14.49 μs
[00:34:34] [Server thread/TRACE] [REI] [REIPlugin START] Reloading Section: "reloadable-plugin/DisplaySerializerRegistryImpl/" done in 1.091 ms
[00:34:34] [Server thread/TRACE] [REI] [REIPlugin START] Reloading Section: "reloadable-plugin/FluidSupportProviderImpl/"
[00:34:34] [Server thread/TRACE] [REI] [REIPlugin START] Reloading Section: "reloadable-plugin/FluidSupportProviderImpl/DefaultPlugin of DefaultPlugin [roughlyenoughitems]/"
[00:34:34] [Server thread/TRACE] [REI] [REIPlugin START] Reloading Section: "reloadable-plugin/FluidSupportProviderImpl/DefaultPlugin of DefaultPlugin [roughlyenoughitems]/" done in 16.88 μs
[00:34:34] [Server thread/TRACE] [REI] [REIPlugin START] Reloading Section: "reloadable-plugin/FluidSupportProviderImpl/FabricFluidAPISupportPlugin/"
[00:34:34] [Server thread/TRACE] [REI] [REIPlugin START] Reloading Section: "reloadable-plugin/FluidSupportProviderImpl/FabricFluidAPISupportPlugin/" done in 11.12 μs
[00:34:34] [Server thread/TRACE] [REI] [REIPlugin START] Reloading Section: "reloadable-plugin/FluidSupportProviderImpl/DefaultRuntimePlugin of DefaultRuntimePlugin [roughlyenoughitems]/"
[00:34:34] [Server thread/TRACE] [REI] [REIPlugin START] Reloading Section: "reloadable-plugin/FluidSupportProviderImpl/DefaultRuntimePlugin of DefaultRuntimePlugin [roughlyenoughitems]/" done in 13.72 μs
[00:34:34] [Server thread/TRACE] [REI] [REIPlugin START] Reloading Section: "reloadable-plugin/FluidSupportProviderImpl/AlloyForgeryCommonPlugin of AlloyForgeryCommonPlugin [alloy_forgery]/"
[00:34:34] [Server thread/TRACE] [REI] [REIPlugin START] Reloading Section: "reloadable-plugin/FluidSupportProviderImpl/AlloyForgeryCommonPlugin of AlloyForgeryCommonPlugin [alloy_forgery]/" done in 42.20 μs
[00:34:34] [Server thread/TRACE] [REI] [REIPlugin START] Reloading Section: "reloadable-plugin/FluidSupportProviderImpl/" done in 933.4 μs
[00:34:34] [Server thread/DEBUG] [REI] ========================================
[00:34:34] [Server thread/DEBUG] [REI] REIPlugin ending main-reload for START.
[00:34:34] [Server thread/DEBUG] [REI] ========================================
[00:34:34] [Server thread/TRACE] [REI] [REIPlugin START] Reloading Section: "end-reload/"
[00:34:34] [Server thread/TRACE] [REI] [REIPlugin START] Reloading Section: "end-reload/EntryTypeRegistryImpl/"
[00:34:34] [Server thread/TRACE] [REI] [REIPlugin START] Reloading Section: "end-reload/EntryTypeRegistryImpl/" done in 6.269 μs
[00:34:34] [Server thread/TRACE] [REI] [REIPlugin START] Reloading Section: "end-reload/EntrySettingsAdapterRegistryImpl/"
[00:34:34] [Server thread/TRACE] [REI] [REIPlugin START] Reloading Section: "end-reload/EntrySettingsAdapterRegistryImpl/" done in 4.367 μs
[00:34:34] [Server thread/TRACE] [REI] [REIPlugin START] Reloading Section: "end-reload/RecipeManagerContextImpl/"
[00:34:34] [Server thread/TRACE] [REI] [REIPlugin START] Reloading Section: "end-reload/RecipeManagerContextImpl/" done in 4.497 μs
[00:34:34] [Server thread/TRACE] [REI] [REIPlugin START] Reloading Section: "end-reload/ItemComparatorRegistryImpl/"
[00:34:34] [Server thread/TRACE] [REI] [REIPlugin START] Reloading Section: "end-reload/ItemComparatorRegistryImpl/" done in 4.597 μs
[00:34:34] [Server thread/TRACE] [REI] [REIPlugin START] Reloading Section: "end-reload/FluidComparatorRegistryImpl/"
[00:34:34] [Server thread/TRACE] [REI] [REIPlugin START] Reloading Section: "end-reload/FluidComparatorRegistryImpl/" done in 5.518 μs
[00:34:34] [Server thread/TRACE] [REI] [REIPlugin START] Reloading Section: "end-reload/DisplaySerializerRegistryImpl/"
[00:34:34] [Server thread/TRACE] [REI] [REIPlugin START] Reloading Section: "end-reload/DisplaySerializerRegistryImpl/" done in 6.810 μs
[00:34:34] [Server thread/TRACE] [REI] [REIPlugin START] Reloading Section: "end-reload/FluidSupportProviderImpl/"
[00:34:34] [Server thread/TRACE] [REI] [REIPlugin START] Reloading Section: "end-reload/FluidSupportProviderImpl/" done in 6.049 μs
[00:34:34] [Server thread/TRACE] [REI] [REIPlugin START] Reloading Section: "end-reload/" done in 1.126 ms
[00:34:34] [Server thread/DEBUG] [REI] ========================================
[00:34:34] [Server thread/DEBUG] [REI] REIPlugin ended main-reload for START in 15.81 ms.
[00:34:34] [Server thread/DEBUG] [REI] ========================================
[00:34:34] [Server thread/INFO] [REI] %%%%%%%%%%%%%%%%%%%%%%%%%%%%%%%%%%%%%%%%
[00:34:34] [Server thread/INFO] [REI] REIServerPlugin starting main-reload for START.
[00:34:34] [Server thread/DEBUG] [REI] Reloadables (2):
[00:34:34] [Server thread/DEBUG] [REI]  - MenuInfoRegistryImpl
[00:34:34] [Server thread/DEBUG] [REI]  - SlotAccessorRegistryImpl
[00:34:34] [Server thread/INFO] [REI] Plugins (4):
[00:34:34] [Server thread/INFO] [REI]  - (-100.00) DefaultPlugin of DefaultPlugin [roughlyenoughitems]
[00:34:34] [Server thread/INFO] [REI]  - (0.00) FabricFluidAPISupportPlugin
[00:34:34] [Server thread/INFO] [REI]  - (0.00) DefaultRuntimePlugin of DefaultRuntimePlugin [roughlyenoughitems]
[00:34:34] [Server thread/INFO] [REI]  - (0.00) AlloyForgeryCommonPlugin of AlloyForgeryCommonPlugin [alloy_forgery]
[00:34:34] [Server thread/INFO] [REI] %%%%%%%%%%%%%%%%%%%%%%%%%%%%%%%%%%%%%%%%
[00:34:34] [Server thread/TRACE] [REI] [REIServerPlugin START] Reloading Section: "start-reload/"
[00:34:34] [Server thread/TRACE] [REI] [REIServerPlugin START] Reloading Section: "start-reload/MenuInfoRegistryImpl/"
[00:34:34] [Server thread/TRACE] [REI] [REIServerPlugin START] Reloading Section: "start-reload/MenuInfoRegistryImpl/" done in 9.965 μs
[00:34:34] [Server thread/TRACE] [REI] [REIServerPlugin START] Reloading Section: "start-reload/SlotAccessorRegistryImpl/"
[00:34:34] [Server thread/TRACE] [REI] [REIServerPlugin START] Reloading Section: "start-reload/SlotAccessorRegistryImpl/" done in 8.172 μs
[00:34:34] [Server thread/TRACE] [REI] [REIServerPlugin START] Reloading Section: "start-reload/" done in 443.5 μs
[00:34:34] [Server thread/DEBUG] [REI] ========================================
[00:34:34] [Server thread/DEBUG] [REI] REIServerPlugin started main-reload for START.
[00:34:34] [Server thread/DEBUG] [REI] ========================================
[00:34:34] [Server thread/TRACE] [REI] [REIServerPlugin START] Reloading Section: "reloadable-plugin/MenuInfoRegistryImpl/"
[00:34:34] [Server thread/TRACE] [REI] [REIServerPlugin START] Reloading Section: "reloadable-plugin/MenuInfoRegistryImpl/DefaultPlugin of DefaultPlugin [roughlyenoughitems]/"
[00:34:34] [Server thread/TRACE] [REI] [REIServerPlugin START] Reloading Section: "reloadable-plugin/MenuInfoRegistryImpl/DefaultPlugin of DefaultPlugin [roughlyenoughitems]/" done in 12.02 μs
[00:34:34] [Server thread/TRACE] [REI] [REIServerPlugin START] Reloading Section: "reloadable-plugin/MenuInfoRegistryImpl/FabricFluidAPISupportPlugin/"
[00:34:34] [Server thread/TRACE] [REI] [REIServerPlugin START] Reloading Section: "reloadable-plugin/MenuInfoRegistryImpl/FabricFluidAPISupportPlugin/" done in 10.22 μs
[00:34:34] [Server thread/TRACE] [REI] [REIServerPlugin START] Reloading Section: "reloadable-plugin/MenuInfoRegistryImpl/DefaultRuntimePlugin of DefaultRuntimePlugin [roughlyenoughitems]/"
[00:34:34] [Server thread/TRACE] [REI] [REIServerPlugin START] Reloading Section: "reloadable-plugin/MenuInfoRegistryImpl/DefaultRuntimePlugin of DefaultRuntimePlugin [roughlyenoughitems]/" done in 19.74 μs
[00:34:34] [Server thread/TRACE] [REI] [REIServerPlugin START] Reloading Section: "reloadable-plugin/MenuInfoRegistryImpl/AlloyForgeryCommonPlugin of AlloyForgeryCommonPlugin [alloy_forgery]/"
[00:34:34] [Server thread/TRACE] [REI] [REIServerPlugin START] Reloading Section: "reloadable-plugin/MenuInfoRegistryImpl/AlloyForgeryCommonPlugin of AlloyForgeryCommonPlugin [alloy_forgery]/" done in 9.965 μs
[00:34:34] [Server thread/TRACE] [REI] [REIServerPlugin START] Reloading Section: "reloadable-plugin/MenuInfoRegistryImpl/" done in 753.7 μs
[00:34:34] [Server thread/TRACE] [REI] [REIServerPlugin START] Reloading Section: "reloadable-plugin/SlotAccessorRegistryImpl/"
[00:34:34] [Server thread/TRACE] [REI] [REIServerPlugin START] Reloading Section: "reloadable-plugin/SlotAccessorRegistryImpl/DefaultPlugin of DefaultPlugin [roughlyenoughitems]/"
[00:34:34] [Server thread/TRACE] [REI] [REIServerPlugin START] Reloading Section: "reloadable-plugin/SlotAccessorRegistryImpl/DefaultPlugin of DefaultPlugin [roughlyenoughitems]/" done in 9.153 μs
[00:34:34] [Server thread/TRACE] [REI] [REIServerPlugin START] Reloading Section: "reloadable-plugin/SlotAccessorRegistryImpl/FabricFluidAPISupportPlugin/"
[00:34:34] [Server thread/TRACE] [REI] [REIServerPlugin START] Reloading Section: "reloadable-plugin/SlotAccessorRegistryImpl/FabricFluidAPISupportPlugin/" done in 17.29 μs
[00:34:34] [Server thread/TRACE] [REI] [REIServerPlugin START] Reloading Section: "reloadable-plugin/SlotAccessorRegistryImpl/DefaultRuntimePlugin of DefaultRuntimePlugin [roughlyenoughitems]/"
[00:34:34] [Server thread/TRACE] [REI] [REIServerPlugin START] Reloading Section: "reloadable-plugin/SlotAccessorRegistryImpl/DefaultRuntimePlugin of DefaultRuntimePlugin [roughlyenoughitems]/" done in 8.823 μs
[00:34:34] [Server thread/TRACE] [REI] [REIServerPlugin START] Reloading Section: "reloadable-plugin/SlotAccessorRegistryImpl/AlloyForgeryCommonPlugin of AlloyForgeryCommonPlugin [alloy_forgery]/"
[00:34:34] [Server thread/TRACE] [REI] [REIServerPlugin START] Reloading Section: "reloadable-plugin/SlotAccessorRegistryImpl/AlloyForgeryCommonPlugin of AlloyForgeryCommonPlugin [alloy_forgery]/" done in 7.782 μs
[00:34:34] [Server thread/TRACE] [REI] [REIServerPlugin START] Reloading Section: "reloadable-plugin/SlotAccessorRegistryImpl/" done in 775.6 μs
[00:34:34] [Server thread/DEBUG] [REI] ========================================
[00:34:34] [Server thread/DEBUG] [REI] REIServerPlugin ending main-reload for START.
[00:34:34] [Server thread/DEBUG] [REI] ========================================
[00:34:34] [Server thread/TRACE] [REI] [REIServerPlugin START] Reloading Section: "end-reload/"
[00:34:34] [Server thread/TRACE] [REI] [REIServerPlugin START] Reloading Section: "end-reload/MenuInfoRegistryImpl/"
[00:34:34] [Server thread/TRACE] [REI] [REIServerPlugin START] Reloading Section: "end-reload/MenuInfoRegistryImpl/" done in 7.271 μs
[00:34:34] [Server thread/TRACE] [REI] [REIServerPlugin START] Reloading Section: "end-reload/SlotAccessorRegistryImpl/"
[00:34:34] [Server thread/TRACE] [REI] [REIServerPlugin START] Reloading Section: "end-reload/SlotAccessorRegistryImpl/" done in 3.755 μs
[00:34:34] [Server thread/TRACE] [REI] [REIServerPlugin START] Reloading Section: "end-reload/" done in 107.6 μs
[00:34:34] [Server thread/DEBUG] [REI] ========================================
[00:34:34] [Server thread/DEBUG] [REI] REIServerPlugin ended main-reload for START in 5.194 ms.
[00:34:34] [Server thread/DEBUG] [REI] ========================================
[00:34:34] [Server thread/DEBUG] [REI] ========================================
[00:34:34] [Server thread/DEBUG] [REI] REIPlugin starting post-reload for START.
[00:34:34] [Server thread/DEBUG] [REI] Reloadables (7):
[00:34:34] [Server thread/DEBUG] [REI]  - EntryTypeRegistryImpl
[00:34:34] [Server thread/DEBUG] [REI]  - EntrySettingsAdapterRegistryImpl
[00:34:34] [Server thread/DEBUG] [REI]  - RecipeManagerContextImpl
[00:34:34] [Server thread/DEBUG] [REI]  - ItemComparatorRegistryImpl
[00:34:34] [Server thread/DEBUG] [REI]  - FluidComparatorRegistryImpl
[00:34:34] [Server thread/DEBUG] [REI]  - DisplaySerializerRegistryImpl
[00:34:34] [Server thread/DEBUG] [REI]  - FluidSupportProviderImpl
[00:34:34] [Server thread/DEBUG] [REI] Plugins (4):
[00:34:34] [Server thread/DEBUG] [REI]  - (-100.00) DefaultPlugin of DefaultPlugin [roughlyenoughitems]
[00:34:34] [Server thread/DEBUG] [REI]  - (0.00) FabricFluidAPISupportPlugin
[00:34:34] [Server thread/DEBUG] [REI]  - (0.00) DefaultRuntimePlugin of DefaultRuntimePlugin [roughlyenoughitems]
[00:34:34] [Server thread/DEBUG] [REI]  - (0.00) AlloyForgeryCommonPlugin of AlloyForgeryCommonPlugin [alloy_forgery]
[00:34:34] [Server thread/DEBUG] [REI] ========================================
[00:34:34] [Server thread/TRACE] [REI] [REIPlugin START] Reloading Section: "post-register/"
[00:34:34] [Server thread/TRACE] [REI] [REIPlugin START] Reloading Section: "post-register/DefaultPlugin of DefaultPlugin [roughlyenoughitems]/"
[00:34:34] [Server thread/TRACE] [REI] [REIPlugin START] Reloading Section: "post-register/DefaultPlugin of DefaultPlugin [roughlyenoughitems]/" done in 9.103 μs
[00:34:34] [Server thread/TRACE] [REI] [REIPlugin START] Reloading Section: "post-register/FabricFluidAPISupportPlugin/"
[00:34:34] [Server thread/TRACE] [REI] [REIPlugin START] Reloading Section: "post-register/FabricFluidAPISupportPlugin/" done in 5.068 μs
[00:34:34] [Server thread/TRACE] [REI] [REIPlugin START] Reloading Section: "post-register/DefaultRuntimePlugin of DefaultRuntimePlugin [roughlyenoughitems]/"
[00:34:34] [Server thread/TRACE] [REI] [REIPlugin START] Reloading Section: "post-register/DefaultRuntimePlugin of DefaultRuntimePlugin [roughlyenoughitems]/" done in 4.757 μs
[00:34:34] [Server thread/TRACE] [REI] [REIPlugin START] Reloading Section: "post-register/AlloyForgeryCommonPlugin of AlloyForgeryCommonPlugin [alloy_forgery]/"
[00:34:34] [Server thread/TRACE] [REI] [REIPlugin START] Reloading Section: "post-register/AlloyForgeryCommonPlugin of AlloyForgeryCommonPlugin [alloy_forgery]/" done in 4.877 μs
[00:34:34] [Server thread/TRACE] [REI] [REIPlugin START] Reloading Section: "post-register/" done in 195.6 μs
[00:34:34] [Server thread/TRACE] [REI] [REIPlugin START] Reloading Section: "post-stage/"
[00:34:34] [Server thread/TRACE] [REI] [REIPlugin START] Reloading Section: "post-stage/EntryTypeRegistryImpl/"
[00:34:34] [Server thread/TRACE] [REI] [REIPlugin START] Reloading Section: "post-stage/EntryTypeRegistryImpl/" done in 4.006 μs
[00:34:34] [Server thread/TRACE] [REI] [REIPlugin START] Reloading Section: "post-stage/EntrySettingsAdapterRegistryImpl/"
[00:34:34] [Server thread/TRACE] [REI] [REIPlugin START] Reloading Section: "post-stage/EntrySettingsAdapterRegistryImpl/" done in 2.874 μs
[00:34:34] [Server thread/TRACE] [REI] [REIPlugin START] Reloading Section: "post-stage/RecipeManagerContextImpl/"
[00:34:34] [Server thread/TRACE] [REI] [REIPlugin START] Reloading Section: "post-stage/RecipeManagerContextImpl/" done in 4.807 μs
[00:34:34] [Server thread/TRACE] [REI] [REIPlugin START] Reloading Section: "post-stage/ItemComparatorRegistryImpl/"
[00:34:34] [Server thread/TRACE] [REI] [REIPlugin START] Reloading Section: "post-stage/ItemComparatorRegistryImpl/" done in 6.590 μs
[00:34:34] [Server thread/TRACE] [REI] [REIPlugin START] Reloading Section: "post-stage/FluidComparatorRegistryImpl/"
[00:34:34] [Server thread/TRACE] [REI] [REIPlugin START] Reloading Section: "post-stage/FluidComparatorRegistryImpl/" done in 6.019 μs
[00:34:34] [Server thread/TRACE] [REI] [REIPlugin START] Reloading Section: "post-stage/DisplaySerializerRegistryImpl/"
[00:34:34] [Server thread/TRACE] [REI] [REIPlugin START] Reloading Section: "post-stage/DisplaySerializerRegistryImpl/" done in 7.010 μs
[00:34:34] [Server thread/TRACE] [REI] [REIPlugin START] Reloading Section: "post-stage/FluidSupportProviderImpl/"
[00:34:34] [Server thread/TRACE] [REI] [REIPlugin START] Reloading Section: "post-stage/FluidSupportProviderImpl/" done in 7.110 μs
[00:34:34] [Server thread/TRACE] [REI] [REIPlugin START] Reloading Section: "post-stage/" done in 1.725 ms
[00:34:34] [Server thread/DEBUG] [REI] ========================================
[00:34:34] [Server thread/INFO] [REI] REIPlugin finished post-reload for START in 2.158 ms, totaling 21.23 ms.
[00:34:34] [Server thread/DEBUG] [REI] ========================================
[00:34:34] [Server thread/DEBUG] [REI] ========================================
[00:34:34] [Server thread/DEBUG] [REI] REIServerPlugin starting post-reload for START.
[00:34:34] [Server thread/DEBUG] [REI] Reloadables (2):
[00:34:34] [Server thread/DEBUG] [REI]  - MenuInfoRegistryImpl
[00:34:34] [Server thread/DEBUG] [REI]  - SlotAccessorRegistryImpl
[00:34:34] [Server thread/DEBUG] [REI] Plugins (4):
[00:34:34] [Server thread/DEBUG] [REI]  - (-100.00) DefaultPlugin of DefaultPlugin [roughlyenoughitems]
[00:34:34] [Server thread/DEBUG] [REI]  - (0.00) FabricFluidAPISupportPlugin
[00:34:34] [Server thread/DEBUG] [REI]  - (0.00) DefaultRuntimePlugin of DefaultRuntimePlugin [roughlyenoughitems]
[00:34:34] [Server thread/DEBUG] [REI]  - (0.00) AlloyForgeryCommonPlugin of AlloyForgeryCommonPlugin [alloy_forgery]
[00:34:34] [Server thread/DEBUG] [REI] ========================================
[00:34:34] [Server thread/TRACE] [REI] [REIServerPlugin START] Reloading Section: "post-register/"
[00:34:34] [Server thread/TRACE] [REI] [REIServerPlugin START] Reloading Section: "post-register/DefaultPlugin of DefaultPlugin [roughlyenoughitems]/"
[00:34:34] [Server thread/TRACE] [REI] [REIServerPlugin START] Reloading Section: "post-register/DefaultPlugin of DefaultPlugin [roughlyenoughitems]/" done in 11.05 μs
[00:34:34] [Server thread/TRACE] [REI] [REIServerPlugin START] Reloading Section: "post-register/FabricFluidAPISupportPlugin/"
[00:34:34] [Server thread/TRACE] [REI] [REIServerPlugin START] Reloading Section: "post-register/FabricFluidAPISupportPlugin/" done in 7.792 μs
[00:34:34] [Server thread/TRACE] [REI] [REIServerPlugin START] Reloading Section: "post-register/DefaultRuntimePlugin of DefaultRuntimePlugin [roughlyenoughitems]/"
[00:34:34] [Server thread/TRACE] [REI] [REIServerPlugin START] Reloading Section: "post-register/DefaultRuntimePlugin of DefaultRuntimePlugin [roughlyenoughitems]/" done in 60.58 μs
[00:34:34] [Server thread/TRACE] [REI] [REIServerPlugin START] Reloading Section: "post-register/AlloyForgeryCommonPlugin of AlloyForgeryCommonPlugin [alloy_forgery]/"
[00:34:34] [Server thread/TRACE] [REI] [REIServerPlugin START] Reloading Section: "post-register/AlloyForgeryCommonPlugin of AlloyForgeryCommonPlugin [alloy_forgery]/" done in 5.598 μs
[00:34:34] [Server thread/TRACE] [REI] [REIServerPlugin START] Reloading Section: "post-register/" done in 782.3 μs
[00:34:34] [Server thread/TRACE] [REI] [REIServerPlugin START] Reloading Section: "post-stage/"
[00:34:34] [Server thread/TRACE] [REI] [REIServerPlugin START] Reloading Section: "post-stage/MenuInfoRegistryImpl/"
[00:34:34] [Server thread/TRACE] [REI] [REIServerPlugin START] Reloading Section: "post-stage/MenuInfoRegistryImpl/" done in 18.17 μs
[00:34:34] [Server thread/TRACE] [REI] [REIServerPlugin START] Reloading Section: "post-stage/SlotAccessorRegistryImpl/"
[00:34:34] [Server thread/TRACE] [REI] [REIServerPlugin START] Reloading Section: "post-stage/SlotAccessorRegistryImpl/" done in 6.970 μs
[00:34:34] [Server thread/TRACE] [REI] [REIServerPlugin START] Reloading Section: "post-stage/" done in 600.8 μs
[00:34:34] [Server thread/DEBUG] [REI] ========================================
[00:34:34] [Server thread/INFO] [REI] REIServerPlugin finished post-reload for START in 1.730 ms, totaling 7.389 ms.
[00:34:34] [Server thread/DEBUG] [REI] ========================================
[00:34:34] [Server thread/DEBUG] [REI] ========================================
[00:34:34] [Server thread/DEBUG] [REI] REIPlugin starting pre-reload for END.
[00:34:34] [Server thread/DEBUG] [REI] Reloadables (7):
[00:34:34] [Server thread/DEBUG] [REI]  - EntryTypeRegistryImpl
[00:34:34] [Server thread/DEBUG] [REI]  - EntrySettingsAdapterRegistryImpl
[00:34:34] [Server thread/DEBUG] [REI]  - RecipeManagerContextImpl
[00:34:34] [Server thread/DEBUG] [REI]  - ItemComparatorRegistryImpl
[00:34:34] [Server thread/DEBUG] [REI]  - FluidComparatorRegistryImpl
[00:34:34] [Server thread/DEBUG] [REI]  - DisplaySerializerRegistryImpl
[00:34:34] [Server thread/DEBUG] [REI]  - FluidSupportProviderImpl
[00:34:34] [Server thread/DEBUG] [REI] Plugins (4):
[00:34:34] [Server thread/DEBUG] [REI]  - (-100.00) DefaultPlugin of DefaultPlugin [roughlyenoughitems]
[00:34:34] [Server thread/DEBUG] [REI]  - (0.00) FabricFluidAPISupportPlugin
[00:34:34] [Server thread/DEBUG] [REI]  - (0.00) DefaultRuntimePlugin of DefaultRuntimePlugin [roughlyenoughitems]
[00:34:34] [Server thread/DEBUG] [REI]  - (0.00) AlloyForgeryCommonPlugin of AlloyForgeryCommonPlugin [alloy_forgery]
[00:34:34] [Server thread/DEBUG] [REI] ========================================
[00:34:34] [Server thread/TRACE] [REI] [REIPlugin END] Reloading Section: "pre-register/"
[00:34:34] [Server thread/TRACE] [REI] [REIPlugin END] Reloading Section: "pre-register/DefaultPlugin of DefaultPlugin [roughlyenoughitems]/"
[00:34:34] [Server thread/TRACE] [REI] [REIPlugin END] Reloading Section: "pre-register/DefaultPlugin of DefaultPlugin [roughlyenoughitems]/" done in 18.75 μs
[00:34:34] [Server thread/TRACE] [REI] [REIPlugin END] Reloading Section: "pre-register/FabricFluidAPISupportPlugin/"
[00:34:34] [Server thread/TRACE] [REI] [REIPlugin END] Reloading Section: "pre-register/FabricFluidAPISupportPlugin/" done in 6.760 μs
[00:34:34] [Server thread/TRACE] [REI] [REIPlugin END] Reloading Section: "pre-register/DefaultRuntimePlugin of DefaultRuntimePlugin [roughlyenoughitems]/"
[00:34:34] [Server thread/TRACE] [REI] [REIPlugin END] Reloading Section: "pre-register/DefaultRuntimePlugin of DefaultRuntimePlugin [roughlyenoughitems]/" done in 74.33 μs
[00:34:34] [Server thread/TRACE] [REI] [REIPlugin END] Reloading Section: "pre-register/AlloyForgeryCommonPlugin of AlloyForgeryCommonPlugin [alloy_forgery]/"
[00:34:34] [Server thread/TRACE] [REI] [REIPlugin END] Reloading Section: "pre-register/AlloyForgeryCommonPlugin of AlloyForgeryCommonPlugin [alloy_forgery]/" done in 7.772 μs
[00:34:34] [Server thread/TRACE] [REI] [REIPlugin END] Reloading Section: "pre-register/" done in 756.7 μs
[00:34:34] [Server thread/TRACE] [REI] [REIPlugin END] Reloading Section: "pre-stage/"
[00:34:34] [Server thread/TRACE] [REI] [REIPlugin END] Reloading Section: "pre-stage/EntryTypeRegistryImpl/"
[00:34:34] [Server thread/TRACE] [REI] [REIPlugin END] Reloading Section: "pre-stage/EntryTypeRegistryImpl/" done in 6.209 μs
[00:34:34] [Server thread/TRACE] [REI] [REIPlugin END] Reloading Section: "pre-stage/EntrySettingsAdapterRegistryImpl/"
[00:34:34] [Server thread/TRACE] [REI] [REIPlugin END] Reloading Section: "pre-stage/EntrySettingsAdapterRegistryImpl/" done in 4.657 μs
[00:34:34] [Server thread/TRACE] [REI] [REIPlugin END] Reloading Section: "pre-stage/RecipeManagerContextImpl/"
[00:34:34] [Server thread/TRACE] [REI] [REIPlugin END] Reloading Section: "pre-stage/RecipeManagerContextImpl/" done in 4.637 μs
[00:34:34] [Server thread/TRACE] [REI] [REIPlugin END] Reloading Section: "pre-stage/ItemComparatorRegistryImpl/"
[00:34:34] [Server thread/TRACE] [REI] [REIPlugin END] Reloading Section: "pre-stage/ItemComparatorRegistryImpl/" done in 5.228 μs
[00:34:34] [Server thread/TRACE] [REI] [REIPlugin END] Reloading Section: "pre-stage/FluidComparatorRegistryImpl/"
[00:34:34] [Server thread/TRACE] [REI] [REIPlugin END] Reloading Section: "pre-stage/FluidComparatorRegistryImpl/" done in 7.691 μs
[00:34:34] [Server thread/TRACE] [REI] [REIPlugin END] Reloading Section: "pre-stage/DisplaySerializerRegistryImpl/"
[00:34:34] [Server thread/TRACE] [REI] [REIPlugin END] Reloading Section: "pre-stage/DisplaySerializerRegistryImpl/" done in 37.51 μs
[00:34:34] [Server thread/TRACE] [REI] [REIPlugin END] Reloading Section: "pre-stage/FluidSupportProviderImpl/"
[00:34:34] [Server thread/TRACE] [REI] [REIPlugin END] Reloading Section: "pre-stage/FluidSupportProviderImpl/" done in 7.020 μs
[00:34:34] [Server thread/TRACE] [REI] [REIPlugin END] Reloading Section: "pre-stage/" done in 1.277 ms
[00:34:34] [Server thread/DEBUG] [REI] ========================================
[00:34:34] [Server thread/DEBUG] [REI] REIPlugin finished pre-reload for END in 2.295 ms.
[00:34:34] [Server thread/DEBUG] [REI] ========================================
[00:34:34] [Server thread/DEBUG] [REI] ========================================
[00:34:34] [Server thread/DEBUG] [REI] REIServerPlugin starting pre-reload for END.
[00:34:34] [Server thread/DEBUG] [REI] Reloadables (2):
[00:34:34] [Server thread/DEBUG] [REI]  - MenuInfoRegistryImpl
[00:34:34] [Server thread/DEBUG] [REI]  - SlotAccessorRegistryImpl
[00:34:34] [Server thread/DEBUG] [REI] Plugins (4):
[00:34:34] [Server thread/DEBUG] [REI]  - (-100.00) DefaultPlugin of DefaultPlugin [roughlyenoughitems]
[00:34:34] [Server thread/DEBUG] [REI]  - (0.00) FabricFluidAPISupportPlugin
[00:34:34] [Server thread/DEBUG] [REI]  - (0.00) DefaultRuntimePlugin of DefaultRuntimePlugin [roughlyenoughitems]
[00:34:34] [Server thread/DEBUG] [REI]  - (0.00) AlloyForgeryCommonPlugin of AlloyForgeryCommonPlugin [alloy_forgery]
[00:34:34] [Server thread/DEBUG] [REI] ========================================
[00:34:34] [Server thread/TRACE] [REI] [REIServerPlugin END] Reloading Section: "pre-register/"
[00:34:34] [Server thread/TRACE] [REI] [REIServerPlugin END] Reloading Section: "pre-register/DefaultPlugin of DefaultPlugin [roughlyenoughitems]/"
[00:34:34] [Server thread/TRACE] [REI] [REIServerPlugin END] Reloading Section: "pre-register/DefaultPlugin of DefaultPlugin [roughlyenoughitems]/" done in 9.935 μs
[00:34:34] [Server thread/TRACE] [REI] [REIServerPlugin END] Reloading Section: "pre-register/FabricFluidAPISupportPlugin/"
[00:34:34] [Server thread/TRACE] [REI] [REIServerPlugin END] Reloading Section: "pre-register/FabricFluidAPISupportPlugin/" done in 9.845 μs
[00:34:34] [Server thread/TRACE] [REI] [REIServerPlugin END] Reloading Section: "pre-register/DefaultRuntimePlugin of DefaultRuntimePlugin [roughlyenoughitems]/"
[00:34:34] [Server thread/TRACE] [REI] [REIServerPlugin END] Reloading Section: "pre-register/DefaultRuntimePlugin of DefaultRuntimePlugin [roughlyenoughitems]/" done in 19.18 μs
[00:34:34] [Server thread/TRACE] [REI] [REIServerPlugin END] Reloading Section: "pre-register/AlloyForgeryCommonPlugin of AlloyForgeryCommonPlugin [alloy_forgery]/"
[00:34:34] [Server thread/TRACE] [REI] [REIServerPlugin END] Reloading Section: "pre-register/AlloyForgeryCommonPlugin of AlloyForgeryCommonPlugin [alloy_forgery]/" done in 8.913 μs
[00:34:34] [Server thread/TRACE] [REI] [REIServerPlugin END] Reloading Section: "pre-register/" done in 1.207 ms
[00:34:34] [Server thread/TRACE] [REI] [REIServerPlugin END] Reloading Section: "pre-stage/"
[00:34:34] [Server thread/TRACE] [REI] [REIServerPlugin END] Reloading Section: "pre-stage/MenuInfoRegistryImpl/"
[00:34:34] [Server thread/TRACE] [REI] [REIServerPlugin END] Reloading Section: "pre-stage/MenuInfoRegistryImpl/" done in 7.611 μs
[00:34:34] [Server thread/TRACE] [REI] [REIServerPlugin END] Reloading Section: "pre-stage/SlotAccessorRegistryImpl/"
[00:34:34] [Server thread/TRACE] [REI] [REIServerPlugin END] Reloading Section: "pre-stage/SlotAccessorRegistryImpl/" done in 5.599 μs
[00:34:34] [Server thread/TRACE] [REI] [REIServerPlugin END] Reloading Section: "pre-stage/" done in 338.2 μs
[00:34:34] [Server thread/DEBUG] [REI] ========================================
[00:34:34] [Server thread/DEBUG] [REI] REIServerPlugin finished pre-reload for END in 1.906 ms.
[00:34:34] [Server thread/DEBUG] [REI] ========================================
[00:34:34] [Server thread/INFO] [REI] OOOOOOOOOOOOOOOOOOOOOOOOOOOOOOOOOOOOOOOO
[00:34:34] [Server thread/INFO] [REI] REIPlugin starting main-reload for END.
[00:34:34] [Server thread/DEBUG] [REI] Reloadables (7):
[00:34:34] [Server thread/DEBUG] [REI]  - EntryTypeRegistryImpl
[00:34:34] [Server thread/DEBUG] [REI]  - EntrySettingsAdapterRegistryImpl
[00:34:34] [Server thread/DEBUG] [REI]  - RecipeManagerContextImpl
[00:34:34] [Server thread/DEBUG] [REI]  - ItemComparatorRegistryImpl
[00:34:34] [Server thread/DEBUG] [REI]  - FluidComparatorRegistryImpl
[00:34:34] [Server thread/DEBUG] [REI]  - DisplaySerializerRegistryImpl
[00:34:34] [Server thread/DEBUG] [REI]  - FluidSupportProviderImpl
[00:34:35] [Server thread/INFO] [REI] Plugins (4):
[00:34:35] [Server thread/INFO] [REI]  - (-100.00) DefaultPlugin of DefaultPlugin [roughlyenoughitems]
[00:34:35] [Server thread/INFO] [REI]  - (0.00) FabricFluidAPISupportPlugin
[00:34:35] [Server thread/INFO] [REI]  - (0.00) DefaultRuntimePlugin of DefaultRuntimePlugin [roughlyenoughitems]
[00:34:35] [Server thread/INFO] [REI]  - (0.00) AlloyForgeryCommonPlugin of AlloyForgeryCommonPlugin [alloy_forgery]
[00:34:35] [Server thread/INFO] [REI] OOOOOOOOOOOOOOOOOOOOOOOOOOOOOOOOOOOOOOOO
[00:34:35] [Server thread/TRACE] [REI] [REIPlugin END] Reloading Section: "start-reload/"
[00:34:35] [Server thread/TRACE] [REI] [REIPlugin END] Reloading Section: "start-reload/EntryTypeRegistryImpl/"
[00:34:35] [Server thread/TRACE] [REI] [REIPlugin END] Reloading Section: "start-reload/EntryTypeRegistryImpl/" done in 8.051 μs
[00:34:35] [Server thread/TRACE] [REI] [REIPlugin END] Reloading Section: "start-reload/EntrySettingsAdapterRegistryImpl/"
[00:34:35] [Server thread/TRACE] [REI] [REIPlugin END] Reloading Section: "start-reload/EntrySettingsAdapterRegistryImpl/" done in 5.108 μs
[00:34:35] [Server thread/TRACE] [REI] [REIPlugin END] Reloading Section: "start-reload/RecipeManagerContextImpl/"
[00:34:35] [Server thread/TRACE] [REI] [REIPlugin END] Reloading Section: "start-reload/RecipeManagerContextImpl/" done in 3.976 μs
[00:34:35] [Server thread/TRACE] [REI] [REIPlugin END] Reloading Section: "start-reload/ItemComparatorRegistryImpl/"
[00:34:35] [Server thread/TRACE] [REI] [REIPlugin END] Reloading Section: "start-reload/ItemComparatorRegistryImpl/" done in 3.265 μs
[00:34:35] [Server thread/TRACE] [REI] [REIPlugin END] Reloading Section: "start-reload/FluidComparatorRegistryImpl/"
[00:34:35] [Server thread/TRACE] [REI] [REIPlugin END] Reloading Section: "start-reload/FluidComparatorRegistryImpl/" done in 2.874 μs
[00:34:35] [Server thread/TRACE] [REI] [REIPlugin END] Reloading Section: "start-reload/DisplaySerializerRegistryImpl/"
[00:34:35] [Server thread/TRACE] [REI] [REIPlugin END] Reloading Section: "start-reload/DisplaySerializerRegistryImpl/" done in 3.846 μs
[00:34:35] [Server thread/TRACE] [REI] [REIPlugin END] Reloading Section: "start-reload/FluidSupportProviderImpl/"
[00:34:35] [Server thread/TRACE] [REI] [REIPlugin END] Reloading Section: "start-reload/FluidSupportProviderImpl/" done in 3.074 μs
[00:34:35] [Server thread/TRACE] [REI] [REIPlugin END] Reloading Section: "start-reload/" done in 274.4 μs
[00:34:35] [Server thread/DEBUG] [REI] ========================================
[00:34:35] [Server thread/DEBUG] [REI] REIPlugin started main-reload for END.
[00:34:35] [Server thread/DEBUG] [REI] ========================================
[00:34:35] [Server thread/TRACE] [REI] [REIPlugin END] Reloading Section: "reloadable-plugin/EntryTypeRegistryImpl/"
[00:34:35] [Server thread/TRACE] [REI] [REIPlugin END] Reloading Section: "reloadable-plugin/EntryTypeRegistryImpl/DefaultPlugin of DefaultPlugin [roughlyenoughitems]/"
[00:34:35] [Server thread/TRACE] [REI] [REIPlugin END] Reloading Section: "reloadable-plugin/EntryTypeRegistryImpl/DefaultPlugin of DefaultPlugin [roughlyenoughitems]/" done in 11.02 μs
[00:34:35] [Server thread/TRACE] [REI] [REIPlugin END] Reloading Section: "reloadable-plugin/EntryTypeRegistryImpl/FabricFluidAPISupportPlugin/"
[00:34:35] [Server thread/TRACE] [REI] [REIPlugin END] Reloading Section: "reloadable-plugin/EntryTypeRegistryImpl/FabricFluidAPISupportPlugin/" done in 7.111 μs
[00:34:35] [Server thread/TRACE] [REI] [REIPlugin END] Reloading Section: "reloadable-plugin/EntryTypeRegistryImpl/DefaultRuntimePlugin of DefaultRuntimePlugin [roughlyenoughitems]/"
[00:34:35] [Server thread/TRACE] [REI] [REIPlugin END] Reloading Section: "reloadable-plugin/EntryTypeRegistryImpl/DefaultRuntimePlugin of DefaultRuntimePlugin [roughlyenoughitems]/" done in 7.251 μs
[00:34:35] [Server thread/TRACE] [REI] [REIPlugin END] Reloading Section: "reloadable-plugin/EntryTypeRegistryImpl/AlloyForgeryCommonPlugin of AlloyForgeryCommonPlugin [alloy_forgery]/"
[00:34:35] [Server thread/TRACE] [REI] [REIPlugin END] Reloading Section: "reloadable-plugin/EntryTypeRegistryImpl/AlloyForgeryCommonPlugin of AlloyForgeryCommonPlugin [alloy_forgery]/" done in 5.859 μs
[00:34:35] [Server thread/TRACE] [REI] [REIPlugin END] Reloading Section: "reloadable-plugin/EntryTypeRegistryImpl/" done in 214.7 μs
[00:34:35] [Server thread/TRACE] [REI] [REIPlugin END] Reloading Section: "reloadable-plugin/EntrySettingsAdapterRegistryImpl/"
[00:34:35] [Server thread/TRACE] [REI] [REIPlugin END] Reloading Section: "reloadable-plugin/EntrySettingsAdapterRegistryImpl/DefaultPlugin of DefaultPlugin [roughlyenoughitems]/"
[00:34:35] [Server thread/TRACE] [REI] [REIPlugin END] Reloading Section: "reloadable-plugin/EntrySettingsAdapterRegistryImpl/DefaultPlugin of DefaultPlugin [roughlyenoughitems]/" done in 7.201 μs
[00:34:35] [Server thread/TRACE] [REI] [REIPlugin END] Reloading Section: "reloadable-plugin/EntrySettingsAdapterRegistryImpl/FabricFluidAPISupportPlugin/"
[00:34:35] [Server thread/TRACE] [REI] [REIPlugin END] Reloading Section: "reloadable-plugin/EntrySettingsAdapterRegistryImpl/FabricFluidAPISupportPlugin/" done in 6.880 μs
[00:34:35] [Server thread/TRACE] [REI] [REIPlugin END] Reloading Section: "reloadable-plugin/EntrySettingsAdapterRegistryImpl/DefaultRuntimePlugin of DefaultRuntimePlugin [roughlyenoughitems]/"
[00:34:35] [Server thread/TRACE] [REI] [REIPlugin END] Reloading Section: "reloadable-plugin/EntrySettingsAdapterRegistryImpl/DefaultRuntimePlugin of DefaultRuntimePlugin [roughlyenoughitems]/" done in 6.560 μs
[00:34:35] [Server thread/TRACE] [REI] [REIPlugin END] Reloading Section: "reloadable-plugin/EntrySettingsAdapterRegistryImpl/AlloyForgeryCommonPlugin of AlloyForgeryCommonPlugin [alloy_forgery]/"
[00:34:35] [Server thread/TRACE] [REI] [REIPlugin END] Reloading Section: "reloadable-plugin/EntrySettingsAdapterRegistryImpl/AlloyForgeryCommonPlugin of AlloyForgeryCommonPlugin [alloy_forgery]/" done in 7.261 μs
[00:34:35] [Server thread/TRACE] [REI] [REIPlugin END] Reloading Section: "reloadable-plugin/EntrySettingsAdapterRegistryImpl/" done in 195.0 μs
[00:34:35] [Server thread/TRACE] [REI] [REIPlugin END] Reloading Section: "reloadable-plugin/RecipeManagerContextImpl/"
[00:34:35] [Server thread/TRACE] [REI] [REIPlugin END] Reloading Section: "reloadable-plugin/RecipeManagerContextImpl/DefaultPlugin of DefaultPlugin [roughlyenoughitems]/"
[00:34:35] [Server thread/TRACE] [REI] [REIPlugin END] Reloading Section: "reloadable-plugin/RecipeManagerContextImpl/DefaultPlugin of DefaultPlugin [roughlyenoughitems]/" done in 6.650 μs
[00:34:35] [Server thread/TRACE] [REI] [REIPlugin END] Reloading Section: "reloadable-plugin/RecipeManagerContextImpl/FabricFluidAPISupportPlugin/"
[00:34:35] [Server thread/TRACE] [REI] [REIPlugin END] Reloading Section: "reloadable-plugin/RecipeManagerContextImpl/FabricFluidAPISupportPlugin/" done in 6.710 μs
[00:34:35] [Server thread/TRACE] [REI] [REIPlugin END] Reloading Section: "reloadable-plugin/RecipeManagerContextImpl/DefaultRuntimePlugin of DefaultRuntimePlugin [roughlyenoughitems]/"
[00:34:35] [Server thread/TRACE] [REI] [REIPlugin END] Reloading Section: "reloadable-plugin/RecipeManagerContextImpl/DefaultRuntimePlugin of DefaultRuntimePlugin [roughlyenoughitems]/" done in 5.808 μs
[00:34:35] [Server thread/TRACE] [REI] [REIPlugin END] Reloading Section: "reloadable-plugin/RecipeManagerContextImpl/AlloyForgeryCommonPlugin of AlloyForgeryCommonPlugin [alloy_forgery]/"
[00:34:35] [Server thread/TRACE] [REI] [REIPlugin END] Reloading Section: "reloadable-plugin/RecipeManagerContextImpl/AlloyForgeryCommonPlugin of AlloyForgeryCommonPlugin [alloy_forgery]/" done in 5.889 μs
[00:34:35] [Server thread/TRACE] [REI] [REIPlugin END] Reloading Section: "reloadable-plugin/RecipeManagerContextImpl/" done in 162.2 μs
[00:34:35] [Server thread/TRACE] [REI] [REIPlugin END] Reloading Section: "reloadable-plugin/ItemComparatorRegistryImpl/"
[00:34:35] [Server thread/TRACE] [REI] [REIPlugin END] Reloading Section: "reloadable-plugin/ItemComparatorRegistryImpl/DefaultPlugin of DefaultPlugin [roughlyenoughitems]/"
[00:34:35] [Server thread/TRACE] [REI] [REIPlugin END] Reloading Section: "reloadable-plugin/ItemComparatorRegistryImpl/DefaultPlugin of DefaultPlugin [roughlyenoughitems]/" done in 6.540 μs
[00:34:35] [Server thread/TRACE] [REI] [REIPlugin END] Reloading Section: "reloadable-plugin/ItemComparatorRegistryImpl/FabricFluidAPISupportPlugin/"
[00:34:35] [Server thread/TRACE] [REI] [REIPlugin END] Reloading Section: "reloadable-plugin/ItemComparatorRegistryImpl/FabricFluidAPISupportPlugin/" done in 5.999 μs
[00:34:35] [Server thread/TRACE] [REI] [REIPlugin END] Reloading Section: "reloadable-plugin/ItemComparatorRegistryImpl/DefaultRuntimePlugin of DefaultRuntimePlugin [roughlyenoughitems]/"
[00:34:35] [Server thread/TRACE] [REI] [REIPlugin END] Reloading Section: "reloadable-plugin/ItemComparatorRegistryImpl/DefaultRuntimePlugin of DefaultRuntimePlugin [roughlyenoughitems]/" done in 6.229 μs
[00:34:35] [Server thread/TRACE] [REI] [REIPlugin END] Reloading Section: "reloadable-plugin/ItemComparatorRegistryImpl/AlloyForgeryCommonPlugin of AlloyForgeryCommonPlugin [alloy_forgery]/"
[00:34:35] [Server thread/TRACE] [REI] [REIPlugin END] Reloading Section: "reloadable-plugin/ItemComparatorRegistryImpl/AlloyForgeryCommonPlugin of AlloyForgeryCommonPlugin [alloy_forgery]/" done in 6.269 μs
[00:34:35] [Server thread/TRACE] [REI] [REIPlugin END] Reloading Section: "reloadable-plugin/ItemComparatorRegistryImpl/" done in 169.5 μs
[00:34:35] [Server thread/TRACE] [REI] [REIPlugin END] Reloading Section: "reloadable-plugin/FluidComparatorRegistryImpl/"
[00:34:35] [Server thread/TRACE] [REI] [REIPlugin END] Reloading Section: "reloadable-plugin/FluidComparatorRegistryImpl/DefaultPlugin of DefaultPlugin [roughlyenoughitems]/"
[00:34:35] [Server thread/TRACE] [REI] [REIPlugin END] Reloading Section: "reloadable-plugin/FluidComparatorRegistryImpl/DefaultPlugin of DefaultPlugin [roughlyenoughitems]/" done in 7.031 μs
[00:34:35] [Server thread/TRACE] [REI] [REIPlugin END] Reloading Section: "reloadable-plugin/FluidComparatorRegistryImpl/FabricFluidAPISupportPlugin/"
[00:34:35] [Server thread/TRACE] [REI] [REIPlugin END] Reloading Section: "reloadable-plugin/FluidComparatorRegistryImpl/FabricFluidAPISupportPlugin/" done in 6.300 μs
[00:34:35] [Server thread/TRACE] [REI] [REIPlugin END] Reloading Section: "reloadable-plugin/FluidComparatorRegistryImpl/DefaultRuntimePlugin of DefaultRuntimePlugin [roughlyenoughitems]/"
[00:34:35] [Server thread/TRACE] [REI] [REIPlugin END] Reloading Section: "reloadable-plugin/FluidComparatorRegistryImpl/DefaultRuntimePlugin of DefaultRuntimePlugin [roughlyenoughitems]/" done in 6.240 μs
[00:34:35] [Server thread/TRACE] [REI] [REIPlugin END] Reloading Section: "reloadable-plugin/FluidComparatorRegistryImpl/AlloyForgeryCommonPlugin of AlloyForgeryCommonPlugin [alloy_forgery]/"
[00:34:35] [Server thread/TRACE] [REI] [REIPlugin END] Reloading Section: "reloadable-plugin/FluidComparatorRegistryImpl/AlloyForgeryCommonPlugin of AlloyForgeryCommonPlugin [alloy_forgery]/" done in 13.52 μs
[00:34:35] [Server thread/TRACE] [REI] [REIPlugin END] Reloading Section: "reloadable-plugin/FluidComparatorRegistryImpl/" done in 185.0 μs
[00:34:35] [Server thread/TRACE] [REI] [REIPlugin END] Reloading Section: "reloadable-plugin/DisplaySerializerRegistryImpl/"
[00:34:35] [Server thread/TRACE] [REI] [REIPlugin END] Reloading Section: "reloadable-plugin/DisplaySerializerRegistryImpl/DefaultPlugin of DefaultPlugin [roughlyenoughitems]/"
[00:34:35] [Server thread/TRACE] [REI] [REIPlugin END] Reloading Section: "reloadable-plugin/DisplaySerializerRegistryImpl/DefaultPlugin of DefaultPlugin [roughlyenoughitems]/" done in 95.61 μs
[00:34:35] [Server thread/TRACE] [REI] [REIPlugin END] Reloading Section: "reloadable-plugin/DisplaySerializerRegistryImpl/FabricFluidAPISupportPlugin/"
[00:34:35] [Server thread/TRACE] [REI] [REIPlugin END] Reloading Section: "reloadable-plugin/DisplaySerializerRegistryImpl/FabricFluidAPISupportPlugin/" done in 15.33 μs
[00:34:35] [Server thread/TRACE] [REI] [REIPlugin END] Reloading Section: "reloadable-plugin/DisplaySerializerRegistryImpl/DefaultRuntimePlugin of DefaultRuntimePlugin [roughlyenoughitems]/"
[00:34:35] [Server thread/TRACE] [REI] [REIPlugin END] Reloading Section: "reloadable-plugin/DisplaySerializerRegistryImpl/DefaultRuntimePlugin of DefaultRuntimePlugin [roughlyenoughitems]/" done in 18.41 μs
[00:34:35] [Server thread/TRACE] [REI] [REIPlugin END] Reloading Section: "reloadable-plugin/DisplaySerializerRegistryImpl/AlloyForgeryCommonPlugin of AlloyForgeryCommonPlugin [alloy_forgery]/"
[00:34:35] [Server thread/TRACE] [REI] [REIPlugin END] Reloading Section: "reloadable-plugin/DisplaySerializerRegistryImpl/AlloyForgeryCommonPlugin of AlloyForgeryCommonPlugin [alloy_forgery]/" done in 14.42 μs
[00:34:35] [Server thread/TRACE] [REI] [REIPlugin END] Reloading Section: "reloadable-plugin/DisplaySerializerRegistryImpl/" done in 1.870 ms
[00:34:35] [Server thread/TRACE] [REI] [REIPlugin END] Reloading Section: "reloadable-plugin/FluidSupportProviderImpl/"
[00:34:35] [Server thread/TRACE] [REI] [REIPlugin END] Reloading Section: "reloadable-plugin/FluidSupportProviderImpl/DefaultPlugin of DefaultPlugin [roughlyenoughitems]/"
[00:34:35] [Server thread/TRACE] [REI] [REIPlugin END] Reloading Section: "reloadable-plugin/FluidSupportProviderImpl/DefaultPlugin of DefaultPlugin [roughlyenoughitems]/" done in 13.78 μs
[00:34:35] [Server thread/TRACE] [REI] [REIPlugin END] Reloading Section: "reloadable-plugin/FluidSupportProviderImpl/FabricFluidAPISupportPlugin/"
[00:34:35] [Server thread/TRACE] [REI] [REIPlugin END] Reloading Section: "reloadable-plugin/FluidSupportProviderImpl/FabricFluidAPISupportPlugin/" done in 14.15 μs
[00:34:35] [Server thread/TRACE] [REI] [REIPlugin END] Reloading Section: "reloadable-plugin/FluidSupportProviderImpl/DefaultRuntimePlugin of DefaultRuntimePlugin [roughlyenoughitems]/"
[00:34:35] [Server thread/TRACE] [REI] [REIPlugin END] Reloading Section: "reloadable-plugin/FluidSupportProviderImpl/DefaultRuntimePlugin of DefaultRuntimePlugin [roughlyenoughitems]/" done in 13.25 μs
[00:34:35] [Server thread/TRACE] [REI] [REIPlugin END] Reloading Section: "reloadable-plugin/FluidSupportProviderImpl/AlloyForgeryCommonPlugin of AlloyForgeryCommonPlugin [alloy_forgery]/"
[00:34:35] [Server thread/TRACE] [REI] [REIPlugin END] Reloading Section: "reloadable-plugin/FluidSupportProviderImpl/AlloyForgeryCommonPlugin of AlloyForgeryCommonPlugin [alloy_forgery]/" done in 12.17 μs
[00:34:35] [Server thread/TRACE] [REI] [REIPlugin END] Reloading Section: "reloadable-plugin/FluidSupportProviderImpl/" done in 3.728 ms
[00:34:35] [Server thread/DEBUG] [REI] ========================================
[00:34:35] [Server thread/DEBUG] [REI] REIPlugin ending main-reload for END.
[00:34:35] [Server thread/DEBUG] [REI] ========================================
[00:34:35] [Server thread/TRACE] [REI] [REIPlugin END] Reloading Section: "end-reload/"
[00:34:35] [Server thread/TRACE] [REI] [REIPlugin END] Reloading Section: "end-reload/EntryTypeRegistryImpl/"
[00:34:35] [Server thread/TRACE] [REI] [REIPlugin END] Reloading Section: "end-reload/EntryTypeRegistryImpl/" done in 8.042 μs
[00:34:35] [Server thread/TRACE] [REI] [REIPlugin END] Reloading Section: "end-reload/EntrySettingsAdapterRegistryImpl/"
[00:34:35] [Server thread/TRACE] [REI] [REIPlugin END] Reloading Section: "end-reload/EntrySettingsAdapterRegistryImpl/" done in 4.276 μs
[00:34:35] [Server thread/TRACE] [REI] [REIPlugin END] Reloading Section: "end-reload/RecipeManagerContextImpl/"
[00:34:35] [Server thread/TRACE] [REI] [REIPlugin END] Reloading Section: "end-reload/RecipeManagerContextImpl/" done in 3.786 μs
[00:34:35] [Server thread/TRACE] [REI] [REIPlugin END] Reloading Section: "end-reload/ItemComparatorRegistryImpl/"
[00:34:35] [Server thread/TRACE] [REI] [REIPlugin END] Reloading Section: "end-reload/ItemComparatorRegistryImpl/" done in 3.586 μs
[00:34:35] [Server thread/TRACE] [REI] [REIPlugin END] Reloading Section: "end-reload/FluidComparatorRegistryImpl/"
[00:34:35] [Server thread/TRACE] [REI] [REIPlugin END] Reloading Section: "end-reload/FluidComparatorRegistryImpl/" done in 3.665 μs
[00:34:35] [Server thread/TRACE] [REI] [REIPlugin END] Reloading Section: "end-reload/DisplaySerializerRegistryImpl/"
[00:34:35] [Server thread/TRACE] [REI] [REIPlugin END] Reloading Section: "end-reload/DisplaySerializerRegistryImpl/" done in 3.535 μs
[00:34:35] [Server thread/TRACE] [REI] [REIPlugin END] Reloading Section: "end-reload/FluidSupportProviderImpl/"
[00:34:35] [Server thread/TRACE] [REI] [REIPlugin END] Reloading Section: "end-reload/FluidSupportProviderImpl/" done in 3.365 μs
[00:34:35] [Server thread/TRACE] [REI] [REIPlugin END] Reloading Section: "end-reload/" done in 482.5 μs
[00:34:35] [Server thread/DEBUG] [REI] ========================================
[00:34:35] [Server thread/DEBUG] [REI] REIPlugin ended main-reload for END in 10.06 ms.
[00:34:35] [Server thread/DEBUG] [REI] ========================================
[00:34:35] [Server thread/INFO] [REI] ========================================
[00:34:35] [Server thread/INFO] [REI] REIServerPlugin starting main-reload for END.
[00:34:35] [Server thread/DEBUG] [REI] Reloadables (2):
[00:34:35] [Server thread/DEBUG] [REI]  - MenuInfoRegistryImpl
[00:34:35] [Server thread/DEBUG] [REI]  - SlotAccessorRegistryImpl
[00:34:35] [Server thread/INFO] [REI] Plugins (4):
[00:34:35] [Server thread/INFO] [REI]  - (-100.00) DefaultPlugin of DefaultPlugin [roughlyenoughitems]
[00:34:35] [Server thread/INFO] [REI]  - (0.00) FabricFluidAPISupportPlugin
[00:34:35] [Server thread/INFO] [REI]  - (0.00) DefaultRuntimePlugin of DefaultRuntimePlugin [roughlyenoughitems]
[00:34:35] [Server thread/INFO] [REI]  - (0.00) AlloyForgeryCommonPlugin of AlloyForgeryCommonPlugin [alloy_forgery]
[00:34:35] [Server thread/INFO] [REI] ========================================
[00:34:35] [Server thread/TRACE] [REI] [REIServerPlugin END] Reloading Section: "start-reload/"
[00:34:35] [Server thread/TRACE] [REI] [REIServerPlugin END] Reloading Section: "start-reload/MenuInfoRegistryImpl/"
[00:34:35] [Server thread/TRACE] [REI] [REIServerPlugin END] Reloading Section: "start-reload/MenuInfoRegistryImpl/" done in 10.26 μs
[00:34:35] [Server thread/TRACE] [REI] [REIServerPlugin END] Reloading Section: "start-reload/SlotAccessorRegistryImpl/"
[00:34:35] [Server thread/TRACE] [REI] [REIServerPlugin END] Reloading Section: "start-reload/SlotAccessorRegistryImpl/" done in 6.310 μs
[00:34:35] [Server thread/TRACE] [REI] [REIServerPlugin END] Reloading Section: "start-reload/" done in 268.3 μs
[00:34:35] [Server thread/DEBUG] [REI] ========================================
[00:34:35] [Server thread/DEBUG] [REI] REIServerPlugin started main-reload for END.
[00:34:35] [Server thread/DEBUG] [REI] ========================================
[00:34:35] [Server thread/TRACE] [REI] [REIServerPlugin END] Reloading Section: "reloadable-plugin/MenuInfoRegistryImpl/"
[00:34:35] [Server thread/TRACE] [REI] [REIServerPlugin END] Reloading Section: "reloadable-plugin/MenuInfoRegistryImpl/DefaultPlugin of DefaultPlugin [roughlyenoughitems]/"
[00:34:35] [Server thread/TRACE] [REI] [REIServerPlugin END] Reloading Section: "reloadable-plugin/MenuInfoRegistryImpl/DefaultPlugin of DefaultPlugin [roughlyenoughitems]/" done in 32.41 μs
[00:34:35] [Server thread/TRACE] [REI] [REIServerPlugin END] Reloading Section: "reloadable-plugin/MenuInfoRegistryImpl/FabricFluidAPISupportPlugin/"
[00:34:35] [Server thread/TRACE] [REI] [REIServerPlugin END] Reloading Section: "reloadable-plugin/MenuInfoRegistryImpl/FabricFluidAPISupportPlugin/" done in 9.384 μs
[00:34:35] [Server thread/TRACE] [REI] [REIServerPlugin END] Reloading Section: "reloadable-plugin/MenuInfoRegistryImpl/DefaultRuntimePlugin of DefaultRuntimePlugin [roughlyenoughitems]/"
[00:34:35] [Server thread/TRACE] [REI] [REIServerPlugin END] Reloading Section: "reloadable-plugin/MenuInfoRegistryImpl/DefaultRuntimePlugin of DefaultRuntimePlugin [roughlyenoughitems]/" done in 33.43 μs
[00:34:35] [Server thread/TRACE] [REI] [REIServerPlugin END] Reloading Section: "reloadable-plugin/MenuInfoRegistryImpl/AlloyForgeryCommonPlugin of AlloyForgeryCommonPlugin [alloy_forgery]/"
[00:34:35] [Server thread/DEBUG] [REI] Added menu info for class wraith.alloyforgery.AlloyForgeScreenHandler [alloy_forgery:forging]: me.shedaniel.rei.api.common.transfer.info.simple.SimpleMenuInfoProvider$$Lambda$21967/0x00007ff7fed40200@65c93d14
[00:34:35] [Server thread/TRACE] [REI] [REIServerPlugin END] Reloading Section: "reloadable-plugin/MenuInfoRegistryImpl/AlloyForgeryCommonPlugin of AlloyForgeryCommonPlugin [alloy_forgery]/" done in 110.9 μs
[00:34:35] [Server thread/TRACE] [REI] [REIServerPlugin END] Reloading Section: "reloadable-plugin/MenuInfoRegistryImpl/" done in 957.4 μs
[00:34:35] [Server thread/TRACE] [REI] [REIServerPlugin END] Reloading Section: "reloadable-plugin/SlotAccessorRegistryImpl/"
[00:34:35] [Server thread/TRACE] [REI] [REIServerPlugin END] Reloading Section: "reloadable-plugin/SlotAccessorRegistryImpl/DefaultPlugin of DefaultPlugin [roughlyenoughitems]/"
[00:34:35] [Server thread/TRACE] [REI] [REIServerPlugin END] Reloading Section: "reloadable-plugin/SlotAccessorRegistryImpl/DefaultPlugin of DefaultPlugin [roughlyenoughitems]/" done in 12.02 μs
[00:34:35] [Server thread/TRACE] [REI] [REIServerPlugin END] Reloading Section: "reloadable-plugin/SlotAccessorRegistryImpl/FabricFluidAPISupportPlugin/"
[00:34:35] [Server thread/TRACE] [REI] [REIServerPlugin END] Reloading Section: "reloadable-plugin/SlotAccessorRegistryImpl/FabricFluidAPISupportPlugin/" done in 12.23 μs
[00:34:35] [Server thread/TRACE] [REI] [REIServerPlugin END] Reloading Section: "reloadable-plugin/SlotAccessorRegistryImpl/DefaultRuntimePlugin of DefaultRuntimePlugin [roughlyenoughitems]/"
[00:34:35] [Server thread/DEBUG] [REI] Added slot accessor serializer: me.shedaniel.rei.plugin.common.runtime.DefaultRuntimePlugin$1@6aaf3c9e [roughlyenoughitems:vanilla]
[00:34:35] [Server thread/DEBUG] [REI] Added slot accessor serializer: me.shedaniel.rei.plugin.common.runtime.DefaultRuntimePlugin$2@1e7291e5 [roughlyenoughitems:player]
[00:34:35] [Server thread/TRACE] [REI] [REIServerPlugin END] Reloading Section: "reloadable-plugin/SlotAccessorRegistryImpl/DefaultRuntimePlugin of DefaultRuntimePlugin [roughlyenoughitems]/" done in 392.2 μs
[00:34:35] [Server thread/TRACE] [REI] [REIServerPlugin END] Reloading Section: "reloadable-plugin/SlotAccessorRegistryImpl/AlloyForgeryCommonPlugin of AlloyForgeryCommonPlugin [alloy_forgery]/"
[00:34:35] [Server thread/TRACE] [REI] [REIServerPlugin END] Reloading Section: "reloadable-plugin/SlotAccessorRegistryImpl/AlloyForgeryCommonPlugin of AlloyForgeryCommonPlugin [alloy_forgery]/" done in 11.62 μs
[00:34:35] [Server thread/TRACE] [REI] [REIServerPlugin END] Reloading Section: "reloadable-plugin/SlotAccessorRegistryImpl/" done in 2.319 ms
[00:34:35] [Server thread/DEBUG] [REI] ========================================
[00:34:35] [Server thread/DEBUG] [REI] REIServerPlugin ending main-reload for END.
[00:34:35] [Server thread/DEBUG] [REI] ========================================
[00:34:35] [Server thread/TRACE] [REI] [REIServerPlugin END] Reloading Section: "end-reload/"
[00:34:35] [Server thread/TRACE] [REI] [REIServerPlugin END] Reloading Section: "end-reload/MenuInfoRegistryImpl/"
[00:34:35] [Server thread/DEBUG] [REI] Registered 1 menu infos
[00:34:35] [Server thread/TRACE] [REI] [REIServerPlugin END] Reloading Section: "end-reload/MenuInfoRegistryImpl/" done in 132.7 μs
[00:34:35] [Server thread/TRACE] [REI] [REIServerPlugin END] Reloading Section: "end-reload/SlotAccessorRegistryImpl/"
[00:34:35] [Server thread/DEBUG] [REI] Registered 2 slot accessor serializers
[00:34:35] [Server thread/TRACE] [REI] [REIServerPlugin END] Reloading Section: "end-reload/SlotAccessorRegistryImpl/" done in 169.6 μs
[00:34:35] [Server thread/TRACE] [REI] [REIServerPlugin END] Reloading Section: "end-reload/" done in 817.8 μs
[00:34:35] [Server thread/DEBUG] [REI] ========================================
[00:34:35] [Server thread/DEBUG] [REI] REIServerPlugin ended main-reload for END in 7.530 ms.
[00:34:35] [Server thread/DEBUG] [REI] ========================================
[00:34:35] [Server thread/DEBUG] [REI] ========================================
[00:34:35] [Server thread/DEBUG] [REI] REIPlugin starting post-reload for END.
[00:34:35] [Server thread/DEBUG] [REI] Reloadables (7):
[00:34:35] [Server thread/DEBUG] [REI]  - EntryTypeRegistryImpl
[00:34:35] [Server thread/DEBUG] [REI]  - EntrySettingsAdapterRegistryImpl
[00:34:35] [Server thread/DEBUG] [REI]  - RecipeManagerContextImpl
[00:34:35] [Server thread/DEBUG] [REI]  - ItemComparatorRegistryImpl
[00:34:35] [Server thread/DEBUG] [REI]  - FluidComparatorRegistryImpl
[00:34:35] [Server thread/DEBUG] [REI]  - DisplaySerializerRegistryImpl
[00:34:35] [Server thread/DEBUG] [REI]  - FluidSupportProviderImpl
[00:34:35] [Server thread/DEBUG] [REI] Plugins (4):
[00:34:35] [Server thread/DEBUG] [REI]  - (-100.00) DefaultPlugin of DefaultPlugin [roughlyenoughitems]
[00:34:35] [Server thread/DEBUG] [REI]  - (0.00) FabricFluidAPISupportPlugin
[00:34:35] [Server thread/DEBUG] [REI]  - (0.00) DefaultRuntimePlugin of DefaultRuntimePlugin [roughlyenoughitems]
[00:34:35] [Server thread/DEBUG] [REI]  - (0.00) AlloyForgeryCommonPlugin of AlloyForgeryCommonPlugin [alloy_forgery]
[00:34:35] [Server thread/DEBUG] [REI] ========================================
[00:34:35] [Server thread/TRACE] [REI] [REIPlugin END] Reloading Section: "post-register/"
[00:34:35] [Server thread/TRACE] [REI] [REIPlugin END] Reloading Section: "post-register/DefaultPlugin of DefaultPlugin [roughlyenoughitems]/"
[00:34:35] [Server thread/TRACE] [REI] [REIPlugin END] Reloading Section: "post-register/DefaultPlugin of DefaultPlugin [roughlyenoughitems]/" done in 23.59 μs
[00:34:35] [Server thread/TRACE] [REI] [REIPlugin END] Reloading Section: "post-register/FabricFluidAPISupportPlugin/"
[00:34:35] [Server thread/TRACE] [REI] [REIPlugin END] Reloading Section: "post-register/FabricFluidAPISupportPlugin/" done in 8.082 μs
[00:34:35] [Server thread/TRACE] [REI] [REIPlugin END] Reloading Section: "post-register/DefaultRuntimePlugin of DefaultRuntimePlugin [roughlyenoughitems]/"
[00:34:35] [Server thread/TRACE] [REI] [REIPlugin END] Reloading Section: "post-register/DefaultRuntimePlugin of DefaultRuntimePlugin [roughlyenoughitems]/" done in 6.089 μs
[00:34:35] [Server thread/TRACE] [REI] [REIPlugin END] Reloading Section: "post-register/AlloyForgeryCommonPlugin of AlloyForgeryCommonPlugin [alloy_forgery]/"
[00:34:35] [Server thread/TRACE] [REI] [REIPlugin END] Reloading Section: "post-register/AlloyForgeryCommonPlugin of AlloyForgeryCommonPlugin [alloy_forgery]/" done in 5.328 μs
[00:34:35] [Server thread/TRACE] [REI] [REIPlugin END] Reloading Section: "post-register/" done in 298.3 μs
[00:34:35] [Server thread/TRACE] [REI] [REIPlugin END] Reloading Section: "post-stage/"
[00:34:35] [Server thread/TRACE] [REI] [REIPlugin END] Reloading Section: "post-stage/EntryTypeRegistryImpl/"
[00:34:35] [Server thread/TRACE] [REI] [REIPlugin END] Reloading Section: "post-stage/EntryTypeRegistryImpl/" done in 22.18 μs
[00:34:35] [Server thread/TRACE] [REI] [REIPlugin END] Reloading Section: "post-stage/EntrySettingsAdapterRegistryImpl/"
[00:34:35] [Server thread/TRACE] [REI] [REIPlugin END] Reloading Section: "post-stage/EntrySettingsAdapterRegistryImpl/" done in 4.807 μs
[00:34:35] [Server thread/TRACE] [REI] [REIPlugin END] Reloading Section: "post-stage/RecipeManagerContextImpl/"
[00:34:35] [Server thread/TRACE] [REI] [REIPlugin END] Reloading Section: "post-stage/RecipeManagerContextImpl/" done in 3.816 μs
[00:34:35] [Server thread/TRACE] [REI] [REIPlugin END] Reloading Section: "post-stage/ItemComparatorRegistryImpl/"
[00:34:35] [Server thread/TRACE] [REI] [REIPlugin END] Reloading Section: "post-stage/ItemComparatorRegistryImpl/" done in 2.864 μs
[00:34:35] [Server thread/TRACE] [REI] [REIPlugin END] Reloading Section: "post-stage/FluidComparatorRegistryImpl/"
[00:34:35] [Server thread/TRACE] [REI] [REIPlugin END] Reloading Section: "post-stage/FluidComparatorRegistryImpl/" done in 3.555 μs
[00:34:35] [Server thread/TRACE] [REI] [REIPlugin END] Reloading Section: "post-stage/DisplaySerializerRegistryImpl/"
[00:34:35] [Server thread/TRACE] [REI] [REIPlugin END] Reloading Section: "post-stage/DisplaySerializerRegistryImpl/" done in 3.465 μs
[00:34:35] [Server thread/TRACE] [REI] [REIPlugin END] Reloading Section: "post-stage/FluidSupportProviderImpl/"
[00:34:35] [Server thread/TRACE] [REI] [REIPlugin END] Reloading Section: "post-stage/FluidSupportProviderImpl/" done in 3.154 μs
[00:34:35] [Server thread/TRACE] [REI] [REIPlugin END] Reloading Section: "post-stage/" done in 388.3 μs
[00:34:35] [Server thread/DEBUG] [REI] ========================================
[00:34:35] [Server thread/INFO] [REI] REIPlugin finished post-reload for END in 888.1 μs, totaling 13.20 ms.
[00:34:35] [Server thread/DEBUG] [REI] ========================================
[00:34:35] [Server thread/DEBUG] [REI] ========================================
[00:34:35] [Server thread/DEBUG] [REI] REIServerPlugin starting post-reload for END.
[00:34:35] [Server thread/DEBUG] [REI] Reloadables (2):
[00:34:35] [Server thread/DEBUG] [REI]  - MenuInfoRegistryImpl
[00:34:35] [Server thread/DEBUG] [REI]  - SlotAccessorRegistryImpl
[00:34:35] [Server thread/DEBUG] [REI] Plugins (4):
[00:34:35] [Server thread/DEBUG] [REI]  - (-100.00) DefaultPlugin of DefaultPlugin [roughlyenoughitems]
[00:34:35] [Server thread/DEBUG] [REI]  - (0.00) FabricFluidAPISupportPlugin
[00:34:35] [Server thread/DEBUG] [REI]  - (0.00) DefaultRuntimePlugin of DefaultRuntimePlugin [roughlyenoughitems]
[00:34:35] [Server thread/DEBUG] [REI]  - (0.00) AlloyForgeryCommonPlugin of AlloyForgeryCommonPlugin [alloy_forgery]
[00:34:35] [Server thread/DEBUG] [REI] ========================================
[00:34:35] [Server thread/TRACE] [REI] [REIServerPlugin END] Reloading Section: "post-register/"
[00:34:35] [Server thread/TRACE] [REI] [REIServerPlugin END] Reloading Section: "post-register/DefaultPlugin of DefaultPlugin [roughlyenoughitems]/"
[00:34:35] [Server thread/TRACE] [REI] [REIServerPlugin END] Reloading Section: "post-register/DefaultPlugin of DefaultPlugin [roughlyenoughitems]/" done in 8.813 μs
[00:34:35] [Server thread/TRACE] [REI] [REIServerPlugin END] Reloading Section: "post-register/FabricFluidAPISupportPlugin/"
[00:34:35] [Server thread/TRACE] [REI] [REIServerPlugin END] Reloading Section: "post-register/FabricFluidAPISupportPlugin/" done in 6.529 μs
[00:34:35] [Server thread/TRACE] [REI] [REIServerPlugin END] Reloading Section: "post-register/DefaultRuntimePlugin of DefaultRuntimePlugin [roughlyenoughitems]/"
[00:34:35] [Server thread/TRACE] [REI] [REIServerPlugin END] Reloading Section: "post-register/DefaultRuntimePlugin of DefaultRuntimePlugin [roughlyenoughitems]/" done in 15.63 μs
[00:34:35] [Server thread/TRACE] [REI] [REIServerPlugin END] Reloading Section: "post-register/AlloyForgeryCommonPlugin of AlloyForgeryCommonPlugin [alloy_forgery]/"
[00:34:35] [Server thread/TRACE] [REI] [REIServerPlugin END] Reloading Section: "post-register/AlloyForgeryCommonPlugin of AlloyForgeryCommonPlugin [alloy_forgery]/" done in 5.278 μs
[00:34:35] [Server thread/TRACE] [REI] [REIServerPlugin END] Reloading Section: "post-register/" done in 246.6 μs
[00:34:35] [Server thread/TRACE] [REI] [REIServerPlugin END] Reloading Section: "post-stage/"
[00:34:35] [Server thread/TRACE] [REI] [REIServerPlugin END] Reloading Section: "post-stage/MenuInfoRegistryImpl/"
[00:34:35] [Server thread/TRACE] [REI] [REIServerPlugin END] Reloading Section: "post-stage/MenuInfoRegistryImpl/" done in 14.69 μs
[00:34:35] [Server thread/TRACE] [REI] [REIServerPlugin END] Reloading Section: "post-stage/SlotAccessorRegistryImpl/"
[00:34:35] [Server thread/TRACE] [REI] [REIServerPlugin END] Reloading Section: "post-stage/SlotAccessorRegistryImpl/" done in 3.244 μs
[00:34:35] [Server thread/TRACE] [REI] [REIServerPlugin END] Reloading Section: "post-stage/" done in 115.4 μs
[00:34:35] [Server thread/DEBUG] [REI] ========================================
[00:34:35] [Server thread/INFO] [REI] REIServerPlugin finished post-reload for END in 452.9 μs, totaling 9.698 ms.
[00:34:35] [Server thread/DEBUG] [REI] ========================================
